event,epoch,global_step,phys_factor_vae/loss_total,phys_factor_vae/loss_factor,phys_factor_vae/loss_factor_e,phys_factor_vae/loss_factor_t,phys_factor_vae/loss_factor_r,phys_factor_vae/loss_factor_a,phys_factor_vae/loss_factor_b,phys_factor_vae/loss_phys,phys_factor_vae/loss_delta,phys_factor_vae/loss_img,phys_factor_vae/loss_edge,phys_factor_vae/loss_lpips,phys_factor_vae/loss_kl,loss_G,latent_std,latent_mean,latent_normalizer,CART_val/PSNR,CART_val/SSIM,CART_val/FID,CART_val/LPIPS,val_all/PSNR,val_all/SSIM,val_all/FID,val_all/LPIPS
train_epoch_end,1,109,0.6747732162475586,0.2470162808895111,0.08356669545173645,0.13818347454071045,0.26812389492988586,0.030688349157571793,0.0713653415441513,0.17524024844169617,0.0037123956717550755,0.10650496184825897,0.12334344536066055,0.0,4958.509765625,0.6747732162475586,,,,,,,,,,,
train_epoch_end,2,218,0.5257927775382996,0.19921688735485077,0.09081824123859406,0.1440214365720749,0.049441926181316376,0.05008568987250328,0.06048738956451416,0.10189151018857956,0.003887033089995384,0.09345926344394684,0.11265172809362411,0.0,5715.8828125,0.5257927775382996,1.3960795402526855,-0.0866718664765358,0.7162915468215942,,,,,,,,
train_epoch_end,3,327,0.5112259387969971,0.19676220417022705,0.06961610913276672,0.14355921745300293,0.054116103798151016,0.0749477818608284,0.05910065025091171,0.1270693689584732,0.005377091933041811,0.06900098919868469,0.14875078201293945,0.0,6827.61083984375,0.5112259387969971,1.4919414520263672,-0.06188879534602165,0.6702675819396973,,,,,,,,
train_epoch_end,4,436,0.39174965023994446,0.14237995445728302,0.07244759798049927,0.08883590996265411,0.040268100798130035,0.09594917297363281,0.06308085471391678,0.07851886004209518,0.004982565529644489,0.06078607589006424,0.14610901474952698,0.0,7768.8603515625,0.39174965023994446,1.539788842201233,-0.07952509820461273,0.6494396924972534,,,,,,,,
train_epoch_end,5,545,0.5078609585762024,0.1769033521413803,0.067930668592453,0.11229243874549866,0.06562593579292297,0.12422928214073181,0.0751952975988388,0.14324277639389038,0.006881575100123882,0.06681514531373978,0.16361325979232788,0.0,6299.609375,0.5078609585762024,1.5361361503601074,-0.08643725514411926,0.650983989238739,,,,,,,,
train_epoch_end,6,654,0.47923439741134644,0.1899944543838501,0.06750485301017761,0.14155170321464539,0.04078083485364914,0.09196065366268158,0.04870103672146797,0.12307929992675781,0.00491248769685626,0.060884132981300354,0.12331628799438477,0.0,8650.80859375,0.47923439741134644,1.5110352039337158,-0.1221676766872406,0.6617979407310486,,,,,,,,
train_epoch_end,7,763,0.3546418845653534,0.12802934646606445,0.05175673961639404,0.07207371294498444,0.05076920986175537,0.13471028208732605,0.06741248071193695,0.10085472464561462,0.004542644135653973,0.04339075833559036,0.10753397643566132,0.0,7550.1591796875,0.3546418845653534,1.502437710762024,-0.10479091852903366,0.6655849814414978,,,,,,,,
train_epoch_end,8,872,0.33694055676460266,0.10832485556602478,0.0642041265964508,0.057665176689624786,0.052390821278095245,0.0949484184384346,0.048064425587654114,0.060180969536304474,0.003944411873817444,0.06698049604892731,0.09293197095394135,0.0,7296.36328125,0.33694055676460266,1.4812910556793213,-0.09920377284288406,0.6750867962837219,,,,,,,,
train_epoch_end,9,981,0.3311779797077179,0.11442714929580688,0.06363806873559952,0.06773748248815536,0.03173993155360222,0.11424406617879868,0.04568305239081383,0.08658431470394135,0.004615346901118755,0.04529840499162674,0.11012325435876846,0.0,7423.5302734375,0.3311779797077179,1.4484862089157104,-0.09660322964191437,0.6903759241104126,,,,,,,,
validation_end,10,1090,,,,,,,,,,,,,,,1.3849678039550781,-0.09890337288379669,0.7220384478569031,18.74664878845215,0.6640589833259583,208.06846618652344,0.5590750575065613,18.74664878845215,0.6640589833259583,208.06846618652344,0.5590750575065613
train_epoch_end,10,1090,0.38887742161750793,0.13850517570972443,0.06227180361747742,0.07922397553920746,0.06732702255249023,0.13753266632556915,0.05251289904117584,0.10513357818126678,0.004601974040269852,0.05177513509988785,0.1191745176911354,0.0,7292.81103515625,0.38887742161750793,1.3849678039550781,-0.09890337288379669,0.7220384478569031,,,,,,,,
train_epoch_end,11,1199,0.321867436170578,0.11592940241098404,0.051340848207473755,0.06987209618091583,0.0401938371360302,0.12231050431728363,0.043770335614681244,0.09321291744709015,0.004273460246622562,0.03695983812212944,0.10746575891971588,0.0,7665.5478515625,0.321867436170578,1.3659693002700806,-0.0930604636669159,0.73208087682724,,,,,,,,
train_epoch_end,12,1308,0.4365922510623932,0.1379278600215912,0.05610065907239914,0.07654987275600433,0.07216596603393555,0.16525053977966309,0.051145099103450775,0.09957414120435715,0.005177761428058147,0.07690197229385376,0.1323489546775818,0.0,7021.28662109375,0.4365922510623932,1.37967050075531,-0.0777808278799057,0.7248107194900513,,,,,,,,
train_epoch_end,13,1417,0.4269239902496338,0.14776208996772766,0.04540764540433884,0.10106474161148071,0.04997600242495537,0.10671557486057281,0.048719532787799835,0.09594781696796417,0.0041522616520524025,0.07253577560186386,0.1031050905585289,0.0,8213.9873046875,0.4269239902496338,1.3283281326293945,-0.07549947500228882,0.7528260350227356,,,,,,,,
train_epoch_end,14,1526,0.29973113536834717,0.093851737678051,0.06044546142220497,0.05105624347925186,0.022859616205096245,0.10832852125167847,0.044545501470565796,0.05732450634241104,0.0041198451071977615,0.05673225596547127,0.08954277634620667,0.0,8584.845703125,0.29973113536834717,1.3485755920410156,-0.07034125179052353,0.7415231466293335,,,,,,,,
train_epoch_end,15,1635,0.3845410645008087,0.1273602545261383,0.04608672112226486,0.07019606232643127,0.0803784728050232,0.14400921761989594,0.04458789527416229,0.12618529796600342,0.005483889486640692,0.04325466975569725,0.12214333564043045,0.0,8466.412109375,0.3845410645008087,1.3573414087295532,-0.06677668541669846,0.7367343306541443,,,,,,,,
train_epoch_end,16,1744,0.30839115381240845,0.10554733127355576,0.05809684842824936,0.05447293072938919,0.0535556823015213,0.11696270108222961,0.045859985053539276,0.07991063594818115,0.00447400938719511,0.04293933883309364,0.09732453525066376,0.0,8249.357421875,0.30839115381240845,1.3123494386672974,-0.04739914834499359,0.7619921565055847,,,,,,,,
train_epoch_end,17,1853,0.31956613063812256,0.10702665895223618,0.05042831972241402,0.05539143085479736,0.07062707841396332,0.11318986117839813,0.04020952433347702,0.07552501559257507,0.004793555475771427,0.04803652688860893,0.1110512912273407,0.0,8385.00390625,0.31956613063812256,1.313870906829834,-0.037858378142118454,0.7611097693443298,,,,,,,,
train_epoch_end,18,1962,0.37687352299690247,0.1180083304643631,0.04979247972369194,0.0545898899435997,0.09203027188777924,0.1629519909620285,0.04667021334171295,0.12382403761148453,0.004536544904112816,0.04806936904788017,0.10698752105236053,0.0,7618.99609375,0.37687352299690247,1.291993260383606,-0.02059815265238285,0.7739978432655334,,,,,,,,
train_epoch_end,19,2071,0.36360469460487366,0.11589418351650238,0.0564102903008461,0.05965343862771988,0.08364774286746979,0.12034296989440918,0.03676776587963104,0.08764500916004181,0.0035584215074777603,0.06347113847732544,0.08587048202753067,0.0,8097.1708984375,0.36360469460487366,1.2720340490341187,-0.012909017503261566,0.7861424684524536,,,,,,,,
validation_end,20,2180,,,,,,,,,,,,,,,1.2891863584518433,-0.018423566594719887,0.7756830453872681,22.212787628173828,0.7637128233909607,184.42654418945312,0.4947125017642975,22.212787628173828,0.7637128233909607,184.42654418945312,0.4947125017642975
train_epoch_end,20,2180,0.35085442662239075,0.10208626836538315,0.057740986347198486,0.05353609845042229,0.037418656051158905,0.12201492488384247,0.05023503303527832,0.07019910216331482,0.0039506214670836926,0.07225006818771362,0.08690367639064789,0.0,8392.357421875,0.35085442662239075,1.2891863584518433,-0.018423566594719887,0.7756830453872681,,,,,,,,
train_epoch_end,21,2289,0.322233110666275,0.08733692765235901,0.034374721348285675,0.03670727089047432,0.06189301609992981,0.16360682249069214,0.04080813378095627,0.10093124210834503,0.00326929846778512,0.053052082657814026,0.06668061017990112,0.0,7921.3173828125,0.322233110666275,1.2843503952026367,-0.016412954777479172,0.778603732585907,,,,,,,,
train_epoch_end,22,2398,0.35389435291290283,0.09854676574468613,0.03848748654127121,0.04967091232538223,0.05772116780281067,0.13243278861045837,0.04632163792848587,0.08460217714309692,0.004598444327712059,0.06569189578294754,0.10504595190286636,0.0,8501.6669921875,0.35389435291290283,1.2716563940048218,-0.0011806761613115668,0.7863759398460388,,,,,,,,
train_epoch_end,23,2507,0.33506855368614197,0.08963482081890106,0.037799227982759476,0.04418922960758209,0.05305374413728714,0.11452075839042664,0.04512106999754906,0.07131966948509216,0.003938793204724789,0.07091295719146729,0.07875527441501617,0.0,8660.5556640625,0.33506855368614197,1.261191725730896,0.004231251776218414,0.7929008603096008,,,,,,,,
train_epoch_end,24,2616,0.32840994000434875,0.10650567710399628,0.041091956198215485,0.04639424383640289,0.10004694014787674,0.13940922915935516,0.04354317486286163,0.13017648458480835,0.00402597151696682,0.028978703543543816,0.08473490923643112,0.0,8560.6796875,0.32840994000434875,1.2186399698257446,0.014841916039586067,0.8205869197845459,,,,,,,,
train_epoch_end,25,2725,0.3064153790473938,0.10256297886371613,0.047048769891262054,0.04988282173871994,0.07530476152896881,0.13217096030712128,0.03549869731068611,0.1107364296913147,0.0038392788264900446,0.03053884766995907,0.0777837410569191,0.0,8753.0703125,0.3064153790473938,1.205352544784546,0.01239360123872757,0.8296328186988831,,,,,,,,
train_epoch_end,26,2834,0.34281787276268005,0.09727896004915237,0.033795613795518875,0.04362483322620392,0.06843771040439606,0.1493009477853775,0.052662819623947144,0.11064659059047699,0.003555562812834978,0.05215046927332878,0.0757434219121933,0.0,8099.94140625,0.34281787276268005,1.1732971668243408,0.018748413771390915,0.8522989749908447,,,,,,,,
train_epoch_end,27,2943,0.3844936788082123,0.11161810159683228,0.03578031063079834,0.05360705405473709,0.06901737302541733,0.1572408527135849,0.06435015052556992,0.09576334059238434,0.0037867550272494555,0.07224739342927933,0.08259344846010208,0.0,8182.3193359375,0.3844936788082123,1.191458821296692,0.015064708888530731,0.8393072485923767,,,,,,,,
train_epoch_end,28,3052,0.3600282371044159,0.11631253361701965,0.0370044931769371,0.05884481593966484,0.08426735550165176,0.1547662764787674,0.046692535281181335,0.12954005599021912,0.0055573671124875546,0.036102548241615295,0.11133090406656265,0.0,8580.4765625,0.3600282371044159,1.2039389610290527,0.009158128872513771,0.8306068778038025,,,,,,,,
train_epoch_end,29,3161,0.2925010621547699,0.09544225037097931,0.03900326043367386,0.05021455138921738,0.060978963971138,0.10269180685281754,0.0398518443107605,0.07416373491287231,0.005754509475082159,0.04124002903699875,0.10422392189502716,0.0,8604.4853515625,0.2925010621547699,1.1756848096847534,0.006926631089299917,0.8505681157112122,,,,,,,,
validation_end,30,3270,,,,,,,,,,,,,,,1.154374361038208,0.016066839918494225,0.866270124912262,22.31174659729004,0.787535548210144,166.0211944580078,0.43389710783958435,22.31174659729004,0.787535548210144,166.0211944580078,0.43389710783958435
train_epoch_end,30,3270,0.3797791600227356,0.12168076634407043,0.038141459226608276,0.06611358374357224,0.07843892276287079,0.16006800532341003,0.04166115075349808,0.1313900351524353,0.005288384854793549,0.042228687554597855,0.11246305704116821,0.0,8846.818359375,0.3797791600227356,1.154374361038208,0.016066839918494225,0.866270124912262,,,,,,,,
train_epoch_end,31,3379,0.3363820016384125,0.10460643470287323,0.03946831077337265,0.050401315093040466,0.07041996717453003,0.15075518190860748,0.046630099415779114,0.1106325313448906,0.005069884005934,0.04291221499443054,0.08907464146614075,0.0,7980.0751953125,0.3363820016384125,1.1468110084533691,0.0028072744607925415,0.8719832301139832,,,,,,,,
train_epoch_end,32,3488,0.3502752184867859,0.10513249784708023,0.03112056478857994,0.05027645826339722,0.07735315710306168,0.1763724982738495,0.04040144011378288,0.12912970781326294,0.0045804050751030445,0.03828449919819832,0.10260924696922302,0.0,9211.2880859375,0.3502752184867859,1.150734305381775,0.003849935019388795,0.869010329246521,,,,,,,,
train_epoch_end,33,3597,0.2955614924430847,0.09003214538097382,0.026731053367257118,0.04359579086303711,0.07966797053813934,0.10617771744728088,0.036875296384096146,0.08759249001741409,0.004327209200710058,0.040917351841926575,0.09364057332277298,0.0,8364.7880859375,0.2955614924430847,1.1452536582946777,0.011591743677854538,0.8731690049171448,,,,,,,,
train_epoch_end,34,3706,0.3857675790786743,0.10103059560060501,0.029563385993242264,0.050751879811286926,0.064952552318573,0.16705633699893951,0.03977642208337784,0.11188721656799316,0.004645368549972773,0.06611321866512299,0.10869646072387695,0.0,8803.85546875,0.3857675790786743,1.128877878189087,0.013982188887894154,0.8858354091644287,,,,,,,,
train_epoch_end,35,3815,0.3691652715206146,0.10524498671293259,0.028494831174612045,0.059131309390068054,0.04388813301920891,0.1629084199666977,0.04690836742520332,0.10257575660943985,0.00552236707881093,0.05926039442420006,0.11333832144737244,0.0,8966.78125,0.3691652715206146,1.1593303680419922,-0.002468936378136277,0.8625668883323669,,,,,,,,
train_epoch_end,36,3924,0.28975892066955566,0.08769473433494568,0.030591901391744614,0.037674643099308014,0.0776853859424591,0.15092042088508606,0.031434908509254456,0.1182146742939949,0.003442879766225815,0.028279032558202744,0.060871243476867676,0.0,8630.748046875,0.28975892066955566,1.1468697786331177,-0.00224697170779109,0.8719385862350464,,,,,,,,
train_epoch_end,37,4033,0.3539847731590271,0.09119853377342224,0.02716226689517498,0.04530826583504677,0.04858392849564552,0.17376774549484253,0.0383077934384346,0.1011219322681427,0.0050744954496622086,0.061236586421728134,0.10147035121917725,0.0,8749.041015625,0.3539847731590271,1.15487802028656,-0.017341192811727524,0.8658922910690308,,,,,,,,
train_epoch_end,38,4142,0.3503474295139313,0.09125371277332306,0.02207440696656704,0.04407194256782532,0.06736747920513153,0.1633121371269226,0.033960334956645966,0.10161879658699036,0.004264183342456818,0.06047150120139122,0.09323478490114212,0.0,8959.0146484375,0.3503474295139313,1.1157642602920532,0.0005593792302533984,0.8962466716766357,,,,,,,,
train_epoch_end,39,4251,0.33513501286506653,0.08798519521951675,0.02154397964477539,0.03782513365149498,0.08325815200805664,0.1688905954360962,0.02828187122941017,0.11125428229570389,0.003201833926141262,0.053397782146930695,0.0681617259979248,0.0,8857.6884765625,0.33513501286506653,1.1177350282669067,-0.004954830277711153,0.8946664333343506,,,,,,,,
validation_end,40,4360,,,,,,,,,,,,,,,1.1123782396316528,-0.008443271741271019,0.8989747762680054,25.561111450195312,0.8104263544082642,160.17425537109375,0.40040338039398193,25.561111450195312,0.8104263544082642,160.17425537109375,0.40040338039398193
train_epoch_end,40,4360,0.31546804308891296,0.09568239748477936,0.028604259714484215,0.04886499047279358,0.0726528912782669,0.13028071820735931,0.0339001901447773,0.09634041786193848,0.004054643213748932,0.043921563774347305,0.08857850730419159,0.0,9402.841796875,0.31546804308891296,1.1123782396316528,-0.008443271741271019,0.8989747762680054,,,,,,,,
train_epoch_end,41,4469,0.273468017578125,0.0891176164150238,0.03524289280176163,0.03978513926267624,0.08865098655223846,0.09429967403411865,0.03571615368127823,0.08971582353115082,0.004282813984900713,0.031457312405109406,0.07515101134777069,0.0,8649.384765625,0.273468017578125,1.0993387699127197,-0.007637465372681618,0.9096376895904541,,,,,,,,
train_epoch_end,42,4578,0.3207281827926636,0.08104146271944046,0.022357359528541565,0.03578183054924011,0.06426319479942322,0.15157872438430786,0.033786483108997345,0.1081431433558464,0.0032672793604433537,0.0520927831530571,0.06120472028851509,0.0,8789.5556640625,0.3207281827926636,1.1648263931274414,-0.015496202744543552,0.8584970235824585,,,,,,,,
train_epoch_end,43,4687,0.3550064265727997,0.09819095581769943,0.028837986290454865,0.05484380945563316,0.054859526455402374,0.12621837854385376,0.03920373320579529,0.08277906477451324,0.0053956047631800175,0.06548210978507996,0.11346733570098877,0.0,9309.76171875,0.3550064265727997,1.1468963623046875,-0.017701610922813416,0.8719183802604675,,,,,,,,
train_epoch_end,44,4796,0.3454149663448334,0.10957350581884384,0.025575201958417892,0.05800466984510422,0.08618692308664322,0.15419721603393555,0.03283435106277466,0.13708557188510895,0.004555536899715662,0.0315936803817749,0.089365653693676,0.0,8671.619140625,0.3454149663448334,1.1309993267059326,-0.008416357450187206,0.8841738104820251,,,,,,,,
train_epoch_end,45,4905,0.3120247721672058,0.08674117922782898,0.02032250165939331,0.032890476286411285,0.08884376287460327,0.15995560586452484,0.04225429892539978,0.11960069835186005,0.0029977832455188036,0.04137266427278519,0.05035196244716644,0.0,7351.77734375,0.3120247721672058,1.1390380859375,-0.010798550210893154,0.8779337406158447,,,,,,,,
train_epoch_end,46,5014,0.3224121630191803,0.09351196140050888,0.02916986681520939,0.04337376356124878,0.07875749468803406,0.15674035251140594,0.029929250478744507,0.11705979704856873,0.005051629152148962,0.03636009991168976,0.09770861268043518,0.0,9641.4052734375,0.3224121630191803,1.1155606508255005,-0.018277175724506378,0.8964102268218994,,,,,,,,
train_epoch_end,47,5123,0.28598612546920776,0.09284023940563202,0.026086479425430298,0.04972057789564133,0.06779944896697998,0.12482422590255737,0.02866305410861969,0.09876580536365509,0.004585978575050831,0.028994640335440636,0.09143871814012527,0.0,8945.1513671875,0.28598612546920776,1.1411752700805664,-0.02802176959812641,0.8762896060943604,,,,,,,,
train_epoch_end,48,5232,0.2845354676246643,0.0814652070403099,0.02699623815715313,0.04533126577734947,0.042698174715042114,0.10004065930843353,0.03482507914304733,0.06204792857170105,0.0047861989587545395,0.05054923892021179,0.1027972400188446,0.0,9438.349609375,0.2845354676246643,1.1067196130752563,-0.007806786801666021,0.9035712480545044,,,,,,,,
train_epoch_end,49,5341,0.2623807191848755,0.07614327222108841,0.024452365934848785,0.03337328881025314,0.07116448879241943,0.11510144174098969,0.029422516003251076,0.08783072233200073,0.003629151964560151,0.03474196046590805,0.06657177954912186,0.0,8650.71875,0.2623807191848755,1.0881106853485107,-0.0034562156070023775,0.9190241694450378,,,,,,,,
validation_end,50,5450,,,,,,,,,,,,,,,1.092106819152832,-0.007605093996971846,0.9156613349914551,24.835227966308594,0.8298906683921814,148.1549072265625,0.3704400062561035,24.835227966308594,0.8298906683921814,148.1549072265625,0.3704400062561035
train_epoch_end,50,5450,0.2966292202472687,0.08348254859447479,0.016843950375914574,0.03148604929447174,0.09931011497974396,0.1786896288394928,0.020356077700853348,0.14077331125736237,0.003098709275946021,0.024306103587150574,0.050184570252895355,0.0,8116.3125,0.2966292202472687,1.092106819152832,-0.007605093996971846,0.9156613349914551,,,,,,,,
train_epoch_end,51,5559,0.2948351204395294,0.08628599345684052,0.026058096438646317,0.04019007086753845,0.07134974002838135,0.1366455852985382,0.03231765329837799,0.10282294452190399,0.003953630104660988,0.03583252429962158,0.08441730588674545,0.0,9003.150390625,0.2948351204395294,1.0590236186981201,-0.007509326562285423,0.9442660212516785,,,,,,,,
train_epoch_end,52,5668,0.2821369171142578,0.07877179235219955,0.026885975152254105,0.03732046112418175,0.06410662829875946,0.11944818496704102,0.02703343704342842,0.08432053029537201,0.004004645626991987,0.044623635709285736,0.06844830513000488,0.0,8680.6044921875,0.2821369171142578,1.1152844429016113,-0.010544194839894772,0.8966322541236877,,,,,,,,
train_epoch_end,53,5777,0.2704501152038574,0.07341989874839783,0.023898541927337646,0.03524275869131088,0.05304007977247238,0.10685694217681885,0.03302714601159096,0.0766119733452797,0.004075926728546619,0.04386996850371361,0.07704108953475952,0.0,9342.142578125,0.2704501152038574,1.1017857789993286,-0.012593057937920094,0.907617449760437,,,,,,,,
train_epoch_end,54,5886,0.31875520944595337,0.09662871062755585,0.038744006305933,0.04615084454417229,0.05927272513508797,0.1621514856815338,0.03903412073850632,0.103292316198349,0.004366125911474228,0.04219450801610947,0.08704660832881927,0.0,8317.39453125,0.31875520944595337,1.080334186553955,-0.006971810944378376,0.9256395101547241,,,,,,,,
train_epoch_end,55,5995,0.2332768589258194,0.0740625411272049,0.026372909545898438,0.0366852693259716,0.06251436471939087,0.08864926546812057,0.025162098929286003,0.06894759088754654,0.004171994514763355,0.029546644538640976,0.072622150182724,0.0,8845.87890625,0.2332768589258194,1.0651357173919678,-0.007934601046144962,0.9388474822044373,,,,,,,,
train_epoch_end,56,6104,0.30642062425613403,0.08981181681156158,0.024572186172008514,0.04609625041484833,0.06220543757081032,0.1474960446357727,0.029086235910654068,0.10928069055080414,0.004800234921276569,0.03497811406850815,0.09518004208803177,0.0,8776.6533203125,0.30642062425613403,1.1107828617095947,-0.016263006255030632,0.9002659320831299,,,,,,,,
train_epoch_end,57,6213,0.24041397869586945,0.07659462094306946,0.02381463535130024,0.04135643690824509,0.061792243272066116,0.07897476851940155,0.02375597506761551,0.07990609854459763,0.004300760105252266,0.026408717036247253,0.0717909187078476,0.0,8847.33203125,0.24041397869586945,1.0965745449066162,-0.005198867991566658,0.9119306802749634,,,,,,,,
train_epoch_end,58,6322,0.39270666241645813,0.10977284610271454,0.029844215139746666,0.054675787687301636,0.07639670372009277,0.19369958341121674,0.03666745871305466,0.14423316717147827,0.007331629749387503,0.044915828853845596,0.12639765441417694,0.0,9937.9501953125,0.39270666241645813,1.0813593864440918,-0.010853389278054237,0.924761950969696,,,,,,,,
train_epoch_end,59,6431,0.33449679613113403,0.09421921521425247,0.026202164590358734,0.04163651540875435,0.08547727018594742,0.1749238818883896,0.02868182770907879,0.1308630108833313,0.0047737304121255875,0.0371408611536026,0.08636845648288727,0.0,8767.009765625,0.33449679613113403,1.0861009359359741,-0.021661316975951195,0.9207247495651245,,,,,,,,
validation_end,60,6540,,,,,,,,,,,,,,,1.0891684293746948,-0.0216079019010067,0.9181316494941711,25.4207820892334,0.8409003615379333,144.46714782714844,0.35384631156921387,25.4207820892334,0.8409003615379333,144.46714782714844,0.35384631156921387
train_epoch_end,60,6540,0.21118752658367157,0.057560984045267105,0.020002149045467377,0.026173941791057587,0.05525343865156174,0.07742669433355331,0.019321907311677933,0.05647969990968704,0.004024091642349958,0.034796036779880524,0.06104309484362602,0.0,8269.912109375,0.21118752658367157,1.0891684293746948,-0.0216079019010067,0.9181316494941711,,,,,,,,
train_epoch_end,61,6649,0.30456289649009705,0.08939020335674286,0.019588425755500793,0.036843426525592804,0.10314349830150604,0.14207611978054047,0.0306247528642416,0.11885939538478851,0.004822568502277136,0.03150353580713272,0.08147983253002167,0.0,8113.71435546875,0.30456289649009705,1.0545597076416016,-0.00786865409463644,0.9482630491256714,,,,,,,,
train_epoch_end,62,6758,0.2782200574874878,0.07624736428260803,0.025532037019729614,0.04018136113882065,0.04709308221936226,0.09680581092834473,0.032916560769081116,0.06655092537403107,0.005066671408712864,0.04992951452732086,0.08768541365861893,0.0,8574.703125,0.2782200574874878,1.0672718286514282,-0.012957338243722916,0.9369684457778931,,,,,,,,
train_epoch_end,63,6867,0.2862301170825958,0.07433261722326279,0.022722747176885605,0.03901363164186478,0.05009238421916962,0.1022665873169899,0.02755417302250862,0.07328617572784424,0.00426487997174263,0.05192619189620018,0.08533992618322372,0.0,9159.08203125,0.2862301170825958,1.0877976417541504,-0.023378875106573105,0.9192886352539062,,,,,,,,
train_epoch_end,64,6976,0.31472042202949524,0.08511640131473541,0.015737095847725868,0.033947788178920746,0.0924881249666214,0.17942160367965698,0.024680595844984055,0.13185325264930725,0.004186864010989666,0.03253321349620819,0.07873357832431793,0.0,8814.1103515625,0.31472042202949524,1.0764390230178833,-0.013563201762735844,0.9289889931678772,,,,,,,,
train_epoch_end,65,7085,0.2832406163215637,0.0785820260643959,0.02115040272474289,0.027524888515472412,0.10561569780111313,0.15112394094467163,0.01701287180185318,0.12817507982254028,0.002927054651081562,0.026663774624466896,0.048644959926605225,0.0,8067.65283203125,0.2832406163215637,1.0822696685791016,-0.011638381518423557,0.9239841103553772,,,,,,,,
train_epoch_end,66,7194,0.31575676798820496,0.09831682592630386,0.02491023764014244,0.04448946565389633,0.09637842327356339,0.16896915435791016,0.02643311396241188,0.14577463269233704,0.0035380267072468996,0.022795788943767548,0.05779765918850899,0.0,8086.3046875,0.31575676798820496,1.067557454109192,-0.019708402454853058,0.9367177486419678,,,,,,,,
train_epoch_end,67,7303,0.33131107687950134,0.09047754108905792,0.027534283697605133,0.044901423156261444,0.07668809592723846,0.13364416360855103,0.024624399840831757,0.09742645919322968,0.0047316402196884155,0.053982578217983246,0.08481574058532715,0.0,9506.3515625,0.33131107687950134,1.0846703052520752,-0.030264316126704216,0.9219391345977783,,,,,,,,
train_epoch_end,68,7412,0.25057142972946167,0.07093523442745209,0.02570825070142746,0.03189457580447197,0.0739889070391655,0.09024114906787872,0.02036900818347931,0.0875462144613266,0.00362278800457716,0.031836748123168945,0.06315609812736511,0.0,9004.6669921875,0.25057142972946167,1.086387276649475,-0.02372826263308525,0.9204820394515991,,,,,,,,
train_epoch_end,69,7521,0.2898561954498291,0.07420839369297028,0.020602304488420486,0.037110187113285065,0.05103404074907303,0.1092500388622284,0.03305646404623985,0.07304488867521286,0.00420640641823411,0.05424555763602257,0.08200737088918686,0.0,9403.5517578125,0.2898561954498291,1.0732461214065552,-0.012909243814647198,0.9317527413368225,,,,,,,,
validation_end,70,7630,,,,,,,,,,,,,,,1.075040340423584,-0.019283106550574303,0.9301976561546326,25.44253921508789,0.8531609773635864,142.58346557617188,0.34736740589141846,25.44253921508789,0.8531609773635864,142.58346557617188,0.34736740589141846
train_epoch_end,70,7630,0.2797867953777313,0.08242020010948181,0.023069443181157112,0.04443149268627167,0.07220729440450668,0.08426457643508911,0.022972241044044495,0.05896393954753876,0.003929890692234039,0.05441970005631447,0.06660197675228119,0.0,8982.875,0.2797867953777313,1.075040340423584,-0.019283106550574303,0.9301976561546326,,,,,,,,
train_epoch_end,71,7739,0.3182571828365326,0.07946371287107468,0.017695538699626923,0.031713515520095825,0.0817800760269165,0.1770918369293213,0.020688433200120926,0.12148663401603699,0.0036707716062664986,0.04426959902048111,0.0670369565486908,0.0,8337.6044921875,0.3182571828365326,1.047565221786499,-0.025859307497739792,0.9545944929122925,,,,,,,,
train_epoch_end,72,7848,0.3547676205635071,0.09406185150146484,0.020614467561244965,0.05246729031205177,0.055582717061042786,0.1390952616930008,0.03454296290874481,0.08496116101741791,0.00801190547645092,0.06142326444387436,0.13557149469852448,0.0,10993.3056640625,0.3547676205635071,1.0873265266418457,-0.033612191677093506,0.9196869134902954,,,,,,,,
train_epoch_end,73,7957,0.3033379912376404,0.07055915892124176,0.018498878926038742,0.0321715772151947,0.05615118891000748,0.13148190081119537,0.026307500898838043,0.07800169289112091,0.0035525555722415447,0.06347842514514923,0.061767857521772385,0.0,8825.79296875,0.3033379912376404,1.0778340101242065,-0.019030436873435974,0.927786648273468,,,,,,,,
train_epoch_end,74,8066,0.31634262204170227,0.0813959389925003,0.017227694392204285,0.031074345111846924,0.09018003940582275,0.1802057921886444,0.02179631218314171,0.12751421332359314,0.003986783791333437,0.03779354691505432,0.07275134325027466,0.0,9670.77734375,0.31634262204170227,1.0944026708602905,-0.030243394896388054,0.9137404561042786,,,,,,,,
train_epoch_end,75,8175,0.2660294771194458,0.07529973238706589,0.01596199721097946,0.03529450669884682,0.07180175185203552,0.12198756635189056,0.023462140932679176,0.08612807095050812,0.004605951253324747,0.03478918969631195,0.08370606601238251,0.0,9490.8349609375,0.2660294771194458,1.0817315578460693,-0.017765404656529427,0.924443781375885,,,,,,,,
train_epoch_end,76,8284,0.28672096133232117,0.06957666575908661,0.02006685361266136,0.030824393033981323,0.050000037997961044,0.15748104453086853,0.021949782967567444,0.09694613516330719,0.003614191897213459,0.04621577635407448,0.06212260574102402,0.0,8621.791015625,0.28672096133232117,1.0683163404464722,-0.012601245194673538,0.9360523223876953,,,,,,,,
train_epoch_end,77,8393,0.34849080443382263,0.10276874154806137,0.023685656487941742,0.04496840387582779,0.10697026550769806,0.18729960918426514,0.025625597685575485,0.15575218200683594,0.004829796962440014,0.026998018845915794,0.08647647500038147,0.0,9524.9482421875,0.34849080443382263,1.0728739500045776,-0.016605094075202942,0.9320759177207947,,,,,,,,
train_epoch_end,78,8502,0.2290269434452057,0.06066644564270973,0.02419959008693695,0.0245614442974329,0.06450477242469788,0.09373237192630768,0.018222693353891373,0.06963947415351868,0.0037554483860731125,0.03627049922943115,0.05335409939289093,0.0,9086.0634765625,0.2290269434452057,1.0699900388717651,-0.02046867646276951,0.9345881342887878,,,,,,,,
train_epoch_end,79,8611,0.32747989892959595,0.09573789685964584,0.018438046798110008,0.04391801729798317,0.1005403995513916,0.14741045236587524,0.029336892068386078,0.13457176089286804,0.0051917750388383865,0.02924109250307083,0.09433317184448242,0.0,9912.953125,0.32747989892959595,1.0728975534439087,-0.015369147062301636,0.9320554137229919,,,,,,,,
validation_end,80,8720,,,,,,,,,,,,,,,1.0607866048812866,-0.008136135526001453,0.9426966905593872,26.145315170288086,0.8641380071640015,138.2590789794922,0.3311753273010254,26.145315170288086,0.8641380071640015,138.2590789794922,0.3311753273010254
train_epoch_end,80,8720,0.359483927488327,0.10183435678482056,0.021444251760840416,0.05485907942056656,0.06512734293937683,0.18563468754291534,0.02707560360431671,0.13452081382274628,0.005263662431389093,0.04071682319045067,0.10364064574241638,0.0,10521.302734375,0.359483927488327,1.0607866048812866,-0.008136135526001453,0.9426966905593872,,,,,,,,
train_epoch_end,81,8829,0.2892723083496094,0.07586677372455597,0.017861926928162575,0.03240562230348587,0.08384845405817032,0.13335752487182617,0.01879122108221054,0.10097688436508179,0.0038318110164254904,0.04224270582199097,0.060942165553569794,0.0,8875.90625,0.2892723083496094,1.0464714765548706,-0.019889766350388527,0.9555922150611877,,,,,,,,
train_epoch_end,82,8938,0.3020491302013397,0.08187035471200943,0.019096780568361282,0.039632827043533325,0.06577405333518982,0.1499035656452179,0.02411784790456295,0.10583096742630005,0.004688559100031853,0.04199159890413284,0.06883757561445236,0.0,8466.65234375,0.3020491302013397,1.0596332550048828,-0.03296063095331192,0.9437227249145508,,,,,,,,
train_epoch_end,83,9047,0.2485843002796173,0.06941260397434235,0.022442210465669632,0.03111521527171135,0.05923681706190109,0.11593715101480484,0.025135673582553864,0.08342266082763672,0.004248294048011303,0.03300829976797104,0.06424404680728912,0.0,9423.140625,0.2485843002796173,1.0797269344329834,-0.029956217855215073,0.9261600971221924,,,,,,,,
train_epoch_end,84,9156,0.29592159390449524,0.0827452540397644,0.013596120290458202,0.03348556533455849,0.08750036358833313,0.18308816850185394,0.02270701341331005,0.13401061296463013,0.0032116807997226715,0.026294555515050888,0.05689552053809166,0.0,9141.0703125,0.29592159390449524,1.0713907480239868,-0.02075783535838127,0.9333662986755371,,,,,,,,
train_epoch_end,85,9265,0.33261796832084656,0.09659552574157715,0.02425222471356392,0.04559793323278427,0.09168583154678345,0.13940851390361786,0.03228895366191864,0.11789964884519577,0.005323460791260004,0.03993610292673111,0.09475600719451904,0.0,9238.1240234375,0.33261796832084656,1.0739723443984985,-0.02798905223608017,0.9311226606369019,,,,,,,,
train_epoch_end,86,9374,0.24555040895938873,0.0757354199886322,0.016007058322429657,0.037197187542915344,0.07232697308063507,0.10411980748176575,0.024170972406864166,0.09185463190078735,0.0045510753989219666,0.022744055837392807,0.07269474864006042,0.0,9747.4599609375,0.24555040895938873,1.0761911869049072,-0.0325528122484684,0.9292029142379761,,,,,,,,
train_epoch_end,87,9483,0.21176356077194214,0.05757136270403862,0.018409987911581993,0.02527892403304577,0.06393511593341827,0.07580100744962692,0.01650424674153328,0.06501786410808563,0.003724899608641863,0.030779166147112846,0.057088419795036316,0.0,9618.98828125,0.21176356077194214,1.0837401151657104,-0.03168569877743721,0.9227304458618164,,,,,,,,
train_epoch_end,88,9592,0.2477567344903946,0.06713755428791046,0.017061876133084297,0.030681679025292397,0.06612632423639297,0.10557745397090912,0.020404323935508728,0.08461427688598633,0.004776219837367535,0.03201952949166298,0.07077033072710037,0.0,9497.04296875,0.2477567344903946,1.0555623769760132,-0.026725150644779205,0.9473623037338257,,,,,,,,
train_epoch_end,89,9701,0.30034783482551575,0.08730468153953552,0.014150118455290794,0.03882768750190735,0.0925658792257309,0.16870689392089844,0.019709240645170212,0.13765394687652588,0.003988915588706732,0.02213427610695362,0.07005634158849716,0.0,9617.65625,0.30034783482551575,1.0569236278533936,-0.01794629544019699,0.9461421370506287,,,,,,,,
validation_end,90,9810,,,,,,,,,,,,,,,1.0467469692230225,-0.02411523088812828,0.9553407430648804,27.33637237548828,0.8762327432632446,132.20028686523438,0.3079930245876312,27.33637237548828,0.8762327432632446,132.20028686523438,0.3079930245876312
train_epoch_end,90,9810,0.27805057168006897,0.07379452139139175,0.01420588232576847,0.033681415021419525,0.07349028438329697,0.12694890797138214,0.021976709365844727,0.0986642837524414,0.004236634820699692,0.03660304844379425,0.07297249883413315,0.0,9905.9130859375,0.27805057168006897,1.0467469692230225,-0.02411523088812828,0.9553407430648804,,,,,,,,
train_epoch_end,91,9919,0.2501511871814728,0.06862848997116089,0.016197863966226578,0.02687862329185009,0.08586987107992172,0.12211109697818756,0.01608729548752308,0.10408275574445724,0.004034846089780331,0.024278046563267708,0.06055755168199539,0.0,9709.623046875,0.2501511871814728,1.0390902757644653,-0.02671652100980282,0.9623802900314331,,,,,,,,
train_epoch_end,92,10028,0.3210524320602417,0.08442555367946625,0.019194377586245537,0.03663633018732071,0.08032837510108948,0.17597264051437378,0.021245095878839493,0.12513381242752075,0.005260583944618702,0.037150777876377106,0.08626048266887665,0.0,10365.8125,0.3210524320602417,1.0468735694885254,-0.007865236140787601,0.9552251696586609,,,,,,,,
train_epoch_end,93,10137,0.2708932161331177,0.07822276651859283,0.022974900901317596,0.036145228892564774,0.06334542483091354,0.12465015798807144,0.032129764556884766,0.09327388554811478,0.0038026480469852686,0.03540179505944252,0.06035007908940315,0.0,9702.796875,0.2708932161331177,1.050146222114563,-0.0069327205419540405,0.9522483348846436,,,,,,,,
train_epoch_end,94,10246,0.30225834250450134,0.07664576172828674,0.01872446946799755,0.029514268040657043,0.08675244450569153,0.155691996216774,0.020772233605384827,0.10924777388572693,0.003825537161901593,0.04356316477060318,0.06462174654006958,0.0,9257.51953125,0.30225834250450134,1.0660724639892578,-0.027589185163378716,0.9380225539207458,,,,,,,,
train_epoch_end,95,10355,0.2572751045227051,0.06607639044523239,0.01816565915942192,0.03299979493021965,0.03957056999206543,0.1375061273574829,0.01956770196557045,0.0837387964129448,0.004224055912345648,0.036716070026159286,0.07514097541570663,0.0,11018.4912109375,0.2572751045227051,1.066964030265808,-0.02029377967119217,0.9372386932373047,,,,,,,,
train_epoch_end,96,10464,0.2573973536491394,0.06583651155233383,0.021622363477945328,0.02955976128578186,0.04657465219497681,0.1408594250679016,0.02056623063981533,0.083746537566185,0.003985318820923567,0.037306129932403564,0.07062046229839325,0.0,11561.60546875,0.2573973536491394,1.0510828495025635,-0.026199305430054665,0.9513998031616211,,,,,,,,
train_epoch_end,97,10573,0.312309205532074,0.08462437987327576,0.015558592043817043,0.03536465764045715,0.08693623542785645,0.1849665343761444,0.020557451993227005,0.13612312078475952,0.004177097696810961,0.02968403697013855,0.07159431278705597,0.0,10117.955078125,0.312309205532074,1.0619542598724365,-0.012035579420626163,0.9416601657867432,,,,,,,,
train_epoch_end,98,10682,0.24340786039829254,0.07659249007701874,0.015822596848011017,0.037771839648485184,0.07685253024101257,0.10450766980648041,0.02080441452562809,0.09319164603948593,0.004607471637427807,0.020107969641685486,0.0721961036324501,0.0,10751.291015625,0.24340786039829254,1.0383914709091187,-0.03308890014886856,0.9630279541015625,,,,,,,,
train_epoch_end,99,10791,0.2653524875640869,0.07039248943328857,0.014601202681660652,0.02294776402413845,0.09634330868721008,0.1570800244808197,0.016002371907234192,0.12112356722354889,0.003414831357076764,0.02440076507627964,0.049469128251075745,0.0,9252.791015625,0.2653524875640869,1.0528024435043335,-0.014360830187797546,0.9498457908630371,,,,,,,,
validation_end,100,10900,,,,,,,,,,,,,,,1.060756802558899,-0.026826655492186546,0.9427231550216675,26.746747970581055,0.882390022277832,127.43619537353516,0.3029821813106537,26.746747970581055,0.882390022277832,127.43619537353516,0.3029821813106537
train_epoch_end,100,10900,0.2703535556793213,0.07281295955181122,0.01988597959280014,0.033378783613443375,0.06436009705066681,0.12917712330818176,0.02181975543498993,0.0902615413069725,0.004189131781458855,0.036186084151268005,0.07939006388187408,0.0,10870.2587890625,0.2703535556793213,1.060756802558899,-0.026826655492186546,0.9427231550216675,,,,,,,,
train_epoch_end,101,11009,0.2771136164665222,0.08869847655296326,0.02363760769367218,0.041868243366479874,0.09824053943157196,0.11511823534965515,0.01939549669623375,0.12495753169059753,0.0038461904041469097,0.01799888163805008,0.05784684047102928,0.0,9151.9609375,0.2771136164665222,1.0362045764923096,-0.024601316079497337,0.9650604128837585,,,,,,,,
train_epoch_end,102,11118,0.29024645686149597,0.07609495520591736,0.013350049965083599,0.030027691274881363,0.095328688621521,0.14098429679870605,0.01919659599661827,0.10514815151691437,0.0045733158476650715,0.040107857435941696,0.06011384725570679,0.0,9185.89453125,0.29024645686149597,1.056006669998169,-0.016113486140966415,0.9469637274742126,,,,,,,,
train_epoch_end,103,11227,0.3307434916496277,0.08521623909473419,0.024505674839019775,0.029509974643588066,0.10026568174362183,0.20710915327072144,0.015210021287202835,0.16550198197364807,0.0035268436186015606,0.026603959500789642,0.05482839047908783,0.0,9583.3994140625,0.3307434916496277,1.0609852075576782,-0.017118023708462715,0.9425202012062073,,,,,,,,
train_epoch_end,104,11336,0.24495373666286469,0.07046367973089218,0.01915724389255047,0.029755903407931328,0.07994005084037781,0.10310576856136322,0.022491512820124626,0.0887678936123848,0.004376829601824284,0.027628570795059204,0.0636754259467125,0.0,10169.3359375,0.24495373666286469,1.055256962776184,-0.009711763821542263,0.9476364850997925,,,,,,,,
train_epoch_end,105,11445,0.2098103165626526,0.059097252786159515,0.016790948808193207,0.029126916080713272,0.0490671806037426,0.08723299950361252,0.01913001760840416,0.06420814245939255,0.004787452518939972,0.02727387100458145,0.06849221140146255,0.0,10046.654296875,0.2098103165626526,1.0534166097640991,-0.022516977041959763,0.9492920637130737,,,,,,,,
train_epoch_end,106,11554,0.31104350090026855,0.09183966368436813,0.022232837975025177,0.041007786989212036,0.08969554305076599,0.15629972517490387,0.02887924388051033,0.13031542301177979,0.003909028135240078,0.028309043496847153,0.06866029649972916,0.0,11196.236328125,0.31104350090026855,1.0487710237503052,-0.009904414415359497,0.9534969925880432,,,,,,,,
train_epoch_end,107,11663,0.3267466723918915,0.09576699882745743,0.015683777630329132,0.04503975063562393,0.09112711995840073,0.16912733018398285,0.028447162359952927,0.13494044542312622,0.00613361457362771,0.027319950982928276,0.0952683538198471,0.0,11448.61328125,0.3267466723918915,1.0464612245559692,-0.01423922274261713,0.9556015729904175,,,,,,,,
train_epoch_end,108,11772,0.2890905439853668,0.07428209483623505,0.01844838820397854,0.02784861996769905,0.08338169753551483,0.15514695644378662,0.02184504270553589,0.10979825258255005,0.004288158379495144,0.03696732968091965,0.06743452697992325,0.0,9928.7431640625,0.2890905439853668,1.0496500730514526,-0.021746128797531128,0.9526984691619873,,,,,,,,
train_epoch_end,109,11881,0.23804621398448944,0.06042684614658356,0.01603013277053833,0.029571019113063812,0.042800258845090866,0.11250881105661392,0.01958939991891384,0.06726697087287903,0.0046346141025424,0.03863874822854996,0.06916986405849457,0.0,11147.8115234375,0.23804621398448944,1.0426660776138306,-0.006327966693788767,0.9590798020362854,,,,,,,,
validation_end,110,11990,,,,,,,,,,,,,,,1.0400346517562866,-0.011094591580331326,0.9615064263343811,25.147201538085938,0.8845878839492798,121.07105255126953,0.2853780686855316,25.147201538085938,0.8845878839492798,121.07105255126953,0.2853780686855316
train_epoch_end,110,11990,0.22131282091140747,0.058266978710889816,0.013386530801653862,0.025250814855098724,0.062193647027015686,0.10075781494379044,0.016181349754333496,0.06626240909099579,0.004140078090131283,0.03336835280060768,0.06046003848314285,0.0,10791.646484375,0.22131282091140747,1.0400346517562866,-0.011094591580331326,0.9615064263343811,,,,,,,,
train_epoch_end,111,12099,0.329178124666214,0.08396878093481064,0.021391611546278,0.034566037356853485,0.0893186628818512,0.16066257655620575,0.022635668516159058,0.12402740120887756,0.0067090559750795364,0.040461935102939606,0.08993929624557495,0.0,11064.19921875,0.329178124666214,1.0150556564331055,-0.014752172864973545,0.9851676821708679,,,,,,,,
train_epoch_end,112,12208,0.2835346758365631,0.08136457949876785,0.019884150475263596,0.03436623513698578,0.09092368185520172,0.14325007796287537,0.01988549903035164,0.12468288838863373,0.004282450769096613,0.023807592689990997,0.0632985383272171,0.0,9764.9052734375,0.2835346758365631,1.0412561893463135,-0.020489463582634926,0.9603784680366516,,,,,,,,
train_epoch_end,113,12317,0.278005987405777,0.07490947842597961,0.0172436386346817,0.029461640864610672,0.0956062525510788,0.12737075984477997,0.01799316331744194,0.11669962108135223,0.004265373572707176,0.028214283287525177,0.06365898251533508,0.0,9788.22265625,0.278005987405777,1.038243055343628,-0.020024755969643593,0.9631655812263489,,,,,,,,
train_epoch_end,114,12426,0.3072434067726135,0.09097841382026672,0.014703463762998581,0.03768525272607803,0.1106647402048111,0.1672077476978302,0.02092134580016136,0.15014201402664185,0.00426985789090395,0.018848132342100143,0.059277262538671494,0.0,9337.5546875,0.3072434067726135,1.0384844541549683,-0.0036574325058609247,0.9629417061805725,,,,,,,,
train_epoch_end,115,12535,0.23029668629169464,0.06302548199892044,0.01653873175382614,0.027454782277345657,0.06488897651433945,0.11051381379365921,0.016649559140205383,0.08427722752094269,0.004048540256917477,0.025288674980401993,0.06596601009368896,0.0,11876.564453125,0.23029668629169464,1.0280660390853882,-0.00977513287216425,0.9727001786231995,,,,,,,,
train_epoch_end,116,12644,0.2638140320777893,0.07071477919816971,0.019370391964912415,0.02859646826982498,0.06975381076335907,0.15114620327949524,0.018890555948019028,0.1069793701171875,0.004388111177831888,0.027023281902074814,0.06590571999549866,0.0,11208.796875,0.2638140320777893,1.0429636240005493,-0.004088465124368668,0.9588062167167664,,,,,,,,
train_epoch_end,117,12753,0.2724798917770386,0.06704072654247284,0.016860483214259148,0.028412770479917526,0.06275054812431335,0.13781389594078064,0.019775230437517166,0.09165826439857483,0.004362593404948711,0.042315851897001266,0.06123213842511177,0.0,9478.568359375,0.2724798917770386,1.0408726930618286,-0.0170990452170372,0.9607322812080383,,,,,,,,
train_epoch_end,118,12862,0.3011779189109802,0.07937983423471451,0.01683194190263748,0.029669232666492462,0.09124194085597992,0.1752873957157135,0.020653564482927322,0.13194864988327026,0.00441384594887495,0.028544364497065544,0.06843511760234833,0.0,11238.0888671875,0.3011779189109802,1.0397061109542847,-0.00545844528824091,0.9618102312088013,,,,,,,,
train_epoch_end,119,12971,0.23663869500160217,0.06643126159906387,0.015575074590742588,0.026043396443128586,0.08422569930553436,0.11342033743858337,0.01638254150748253,0.09531693160533905,0.0043523963540792465,0.02201901003718376,0.060413651168346405,0.0,11396.66015625,0.23663869500160217,1.046642541885376,-0.023447584360837936,0.9554360508918762,,,,,,,,
validation_end,120,13080,,,,,,,,,,,,,,,1.0381337404251099,-0.009846940636634827,0.9632670283317566,24.194055557250977,0.8829159140586853,123.10869598388672,0.29557281732559204,24.194055557250977,0.8829159140586853,123.10869598388672,0.29557281732559204
train_epoch_end,120,13080,0.33337780833244324,0.0939619392156601,0.026029855012893677,0.043318040668964386,0.07352322340011597,0.1658109426498413,0.036698125302791595,0.12697027623653412,0.005475543439388275,0.03690360113978386,0.08711861073970795,0.0,11383.1796875,0.33337780833244324,1.0381337404251099,-0.009846940636634827,0.9632670283317566,,,,,,,,
train_epoch_end,121,13189,0.23593194782733917,0.06559275090694427,0.01982773095369339,0.0305216982960701,0.05428263545036316,0.10900632292032242,0.022571325302124023,0.07601676881313324,0.004220287315547466,0.031210847198963165,0.06509657949209213,0.0,11406.298828125,0.23593194782733917,1.0576133728027344,-0.021388592198491096,0.9455251097679138,,,,,,,,
train_epoch_end,122,13298,0.21807804703712463,0.05494960397481918,0.018575958907604218,0.024999577552080154,0.039165228605270386,0.10626554489135742,0.019552703946828842,0.06144845485687256,0.004019434563815594,0.0362495519220829,0.057283394038677216,0.0,10840.6015625,0.21807804703712463,1.062085747718811,-0.02673536352813244,0.9415435791015625,,,,,,,,
train_epoch_end,123,13407,0.30501994490623474,0.08621402084827423,0.014733068645000458,0.03500555455684662,0.10628628730773926,0.16123592853546143,0.019320128485560417,0.1403694450855255,0.004730713088065386,0.02252214029431343,0.07172951847314835,0.0,10729.0966796875,0.30501994490623474,1.049224853515625,-0.025965237990021706,0.9530845284461975,,,,,,,,
train_epoch_end,124,13516,0.28913095593452454,0.07900811731815338,0.01847730576992035,0.028188617900013924,0.10496391355991364,0.15823547542095184,0.016542594879865646,0.13835056126117706,0.004034733399748802,0.02095191180706024,0.06031952053308487,0.0,10753.8447265625,0.28913095593452454,1.0457472801208496,-0.029324892908334732,0.9562540054321289,,,,,,,,
train_epoch_end,125,13625,0.2750011086463928,0.06493104249238968,0.013414820656180382,0.024540618062019348,0.07311071455478668,0.1477053165435791,0.01595405489206314,0.09707111120223999,0.003328271908685565,0.043829016387462616,0.04869377613067627,0.0,9839.212890625,0.2750011086463928,1.0529403686523438,-0.019567104056477547,0.9497213959693909,,,,,,,,
train_epoch_end,126,13734,0.2629461884498596,0.06851020455360413,0.020595338195562363,0.029345106333494186,0.06537735462188721,0.12147755920886993,0.022096648812294006,0.08679021149873734,0.004517576657235622,0.037341222167015076,0.06796728074550629,0.0,11453.96875,0.2629461884498596,1.0548630952835083,-0.015030131675302982,0.9479902982711792,,,,,,,,
train_epoch_end,127,13843,0.2479695826768875,0.06587505340576172,0.017663560807704926,0.027029171586036682,0.06903061270713806,0.12522849440574646,0.018597930669784546,0.08843415975570679,0.0044271377846598625,0.030422167852520943,0.0653841644525528,0.0,12042.865234375,0.2479695826768875,1.053125262260437,-0.02310926280915737,0.9495546817779541,,,,,,,,
train_epoch_end,128,13952,0.2671841084957123,0.0722050592303276,0.013207901269197464,0.02347288466989994,0.10449211299419403,0.1551390141248703,0.015173076651990414,0.12611877918243408,0.0035288867074996233,0.021214066073298454,0.05239348113536835,0.0,9804.8828125,0.2671841084957123,1.05574369430542,-0.020808488130569458,0.9471995830535889,,,,,,,,
train_epoch_end,129,14061,0.2651108205318451,0.08340702950954437,0.021912112832069397,0.04328684136271477,0.06563698500394821,0.11333885788917542,0.027596112340688705,0.09959359467029572,0.004852476995438337,0.023717723786830902,0.0740683525800705,0.0,11305.1728515625,0.2651108205318451,1.0415395498275757,-0.005736363120377064,0.9601171612739563,,,,,,,,
validation_end,130,14170,,,,,,,,,,,,,,,1.0595886707305908,-0.01798243634402752,0.9437624216079712,29.223907470703125,0.8974871039390564,114.30347442626953,0.2785806655883789,29.223907470703125,0.8974871039390564,114.30347442626953,0.2785806655883789
train_epoch_end,130,14170,0.2479090690612793,0.07091201841831207,0.02102537639439106,0.03284425288438797,0.06489425152540207,0.11757838726043701,0.01932009682059288,0.09786399453878403,0.004549229517579079,0.02231842465698719,0.07266189157962799,0.0,11781.51171875,0.2479090690612793,1.0595886707305908,-0.01798243634402752,0.9437624216079712,,,,,,,,
train_epoch_end,131,14279,0.2863143980503082,0.0806230902671814,0.014704474247992039,0.030799923464655876,0.10751554369926453,0.147219717502594,0.018184751272201538,0.13167494535446167,0.00443296879529953,0.021886367350816727,0.06128329411149025,0.0,10489.82421875,0.2863143980503082,1.049851417541504,-0.021721215918660164,0.952515721321106,,,,,,,,
train_epoch_end,132,14388,0.2558065354824066,0.07860833406448364,0.018291575834155083,0.037189360707998276,0.07598501443862915,0.1353532075881958,0.01725800335407257,0.10122153162956238,0.004017796833068132,0.02285672351717949,0.06033952161669731,0.0,11160.5322265625,0.2558065354824066,1.0495909452438354,-0.028176425024867058,0.9527521133422852,,,,,,,,
train_epoch_end,133,14497,0.23804281651973724,0.07013462483882904,0.016854893416166306,0.032964371144771576,0.07515725493431091,0.09711471199989319,0.0178229957818985,0.08792437613010406,0.004949083551764488,0.022587593644857407,0.07275387644767761,0.0,11671.0859375,0.23804281651973724,1.0597785711288452,-0.00872926414012909,0.9435933232307434,,,,,,,,
train_epoch_end,134,14606,0.2799168527126312,0.07812581211328506,0.01609872281551361,0.029937945306301117,0.09478773921728134,0.14531227946281433,0.02374010533094406,0.11835595965385437,0.005051385145634413,0.025357939302921295,0.06895342469215393,0.0,10429.4775390625,0.2799168527126312,1.0443856716156006,-0.007285399828106165,0.957500696182251,,,,,,,,
train_epoch_end,135,14715,0.20908528566360474,0.05830083042383194,0.011542033404111862,0.02486124262213707,0.06717939674854279,0.09765652567148209,0.01597430557012558,0.07029789686203003,0.0044732484966516495,0.02451028674840927,0.0640350729227066,0.0,10983.970703125,0.20908528566360474,1.0552488565444946,-0.001143749337643385,0.9476437568664551,,,,,,,,
train_epoch_end,136,14824,0.28104209899902344,0.07004401832818985,0.013128260150551796,0.0214252769947052,0.09410274028778076,0.18647700548171997,0.012653177604079247,0.13116443157196045,0.003268019761890173,0.02821282669901848,0.04384765028953552,0.0,9178.072265625,0.28104209899902344,1.0445973873138428,-0.005276712588965893,0.9573066234588623,,,,,,,,
train_epoch_end,137,14933,0.2639978229999542,0.07011720538139343,0.015465468168258667,0.0276479572057724,0.0793372094631195,0.13864627480506897,0.019615784287452698,0.10543327778577805,0.005443492904305458,0.02660006284713745,0.07377070933580399,0.0,11361.0341796875,0.2639978229999542,1.045326590538025,-0.0033529200591146946,0.9566388130187988,,,,,,,,
train_epoch_end,138,15042,0.23956723511219025,0.06053415685892105,0.018212443217635155,0.026333969086408615,0.052554547786712646,0.1271001398563385,0.015193695202469826,0.08885064721107483,0.0038886370602995157,0.030589893460273743,0.05510919541120529,0.0,11336.716796875,0.23956723511219025,1.0441720485687256,-0.009819219820201397,0.9576965570449829,,,,,,,,
train_epoch_end,139,15151,0.2935633659362793,0.07748109102249146,0.01979992352426052,0.025822220370173454,0.1066204309463501,0.16389775276184082,0.014656021259725094,0.14568710327148438,0.003417715895920992,0.021157097071409225,0.055240653455257416,0.0,10853.099609375,0.2935633659362793,1.0475594997406006,-0.02184576541185379,0.9545997381210327,,,,,,,,
validation_end,140,15260,,,,,,,,,,,,,,,1.0564972162246704,-0.017794717103242874,0.9465240240097046,26.334575653076172,0.8954527378082275,114.66387176513672,0.2696065902709961,26.334575653076172,0.8954527378082275,114.66387176513672,0.2696065902709961
train_epoch_end,140,15260,0.23057450354099274,0.06561897695064545,0.015384373255074024,0.029628518968820572,0.06743404269218445,0.11144334077835083,0.016566060483455658,0.09084469079971313,0.004427161067724228,0.02137678489089012,0.06236696243286133,0.0,11338.369140625,0.23057450354099274,1.0564972162246704,-0.017794717103242874,0.9465240240097046,,,,,,,,
train_epoch_end,141,15369,0.32016295194625854,0.08412693440914154,0.02128150872886181,0.03308602422475815,0.08886761218309402,0.18667861819267273,0.01934308186173439,0.13757538795471191,0.005367745645344257,0.030657276511192322,0.07906798273324966,0.0,12011.353515625,0.32016295194625854,1.0364550352096558,-0.015804849565029144,0.9648271799087524,,,,,,,,
train_epoch_end,142,15478,0.2713179886341095,0.07654406130313873,0.012308109551668167,0.03054484911262989,0.10128772258758545,0.13469815254211426,0.016521766781806946,0.12018926441669464,0.00391699094325304,0.023036491125822067,0.058830682188272476,0.0,9887.0224609375,0.2713179886341095,1.0430943965911865,-0.028811464086174965,0.9586859941482544,,,,,,,,
train_epoch_end,143,15587,0.24858485162258148,0.06487328559160233,0.016097629442811012,0.02835160493850708,0.061269402503967285,0.12743821740150452,0.017744380980730057,0.08653324842453003,0.004915744066238403,0.03145790100097656,0.07198303937911987,0.0,11351.0224609375,0.24858485162258148,1.0487823486328125,-0.007570099551230669,0.9534866809844971,,,,,,,,
train_epoch_end,144,15696,0.25368738174438477,0.07074198871850967,0.01670544035732746,0.029487142339348793,0.07881706207990646,0.12903806567192078,0.017881644889712334,0.10069090127944946,0.004397177137434483,0.0244726724922657,0.06773030757904053,0.0,11979.40234375,0.25368738174438477,1.0410795211791992,-0.025484638288617134,0.9605414271354675,,,,,,,,
train_epoch_end,145,15805,0.24226920306682587,0.06475991755723953,0.017377663403749466,0.030218105763196945,0.05455375462770462,0.12325435876846313,0.016934100538492203,0.08897976577281952,0.004562577698379755,0.027155732735991478,0.07007203996181488,0.0,12137.4521484375,0.24226920306682587,1.0611354112625122,-0.012500915676355362,0.9423868060112,,,,,,,,
train_epoch_end,146,15914,0.3154159486293793,0.08039282262325287,0.017974037677049637,0.02831786684691906,0.09676509350538254,0.18998762965202332,0.017565647140145302,0.1483076959848404,0.004246091935783625,0.026914823800325394,0.06855449080467224,0.0,11501.087890625,0.3154159486293793,1.0412702560424805,-0.018006255850195885,0.9603654742240906,,,,,,,,
train_epoch_end,147,16023,0.22223161160945892,0.06301688402891159,0.019552597776055336,0.027458777651190758,0.06622030586004257,0.09649919718503952,0.01785983331501484,0.07981418073177338,0.004377639852464199,0.023407796397805214,0.06719372421503067,0.0,11408.8896484375,0.22223161160945892,1.0474680662155151,-0.002407252788543701,0.9546830654144287,,,,,,,,
train_epoch_end,148,16132,0.2799815237522125,0.0750245749950409,0.014246538281440735,0.0265160221606493,0.10326209664344788,0.15274100005626678,0.015429158695042133,0.1263185739517212,0.0033950202632695436,0.02603898197412491,0.05179625749588013,0.0,10216.33984375,0.2799815237522125,1.056008219718933,-0.0005701192421838641,0.946962296962738,,,,,,,,
train_epoch_end,149,16241,0.2737010419368744,0.07319433987140656,0.011170878075063229,0.023194454610347748,0.10517682135105133,0.17222581803798676,0.014761504717171192,0.12522727251052856,0.003959671128541231,0.023918818682432175,0.05446219816803932,0.0,9866.560546875,0.2737010419368744,1.055903434753418,-0.01450254675000906,0.9470562934875488,,,,,,,,
validation_end,150,16350,,,,,,,,,,,,,,,1.0528937578201294,0.0026388727128505707,0.9497634172439575,25.3145751953125,0.8926935195922852,113.91796875,0.26942235231399536,25.3145751953125,0.8926935195922852,113.91796875,0.26942235231399536
train_epoch_end,150,16350,0.25357934832572937,0.06112130731344223,0.01583094894886017,0.028843754902482033,0.05013450235128403,0.10616251826286316,0.020679734647274017,0.05938417464494705,0.004506599623709917,0.050783321261405945,0.06397661566734314,0.0,11006.484375,0.25357934832572937,1.0528937578201294,0.0026388727128505707,0.9497634172439575,,,,,,,,
train_epoch_end,151,16459,0.26081132888793945,0.06410593539476395,0.014758107252418995,0.03008301556110382,0.04925667494535446,0.13789458572864532,0.01691903918981552,0.07813627272844315,0.003954291343688965,0.043422166258096695,0.06444524228572845,0.0,11659.1875,0.26081132888793945,1.045252799987793,-0.0020787406247109175,0.9567063450813293,,,,,,,,
train_epoch_end,152,16568,0.3019440770149231,0.0784718319773674,0.021691637113690376,0.03045792691409588,0.08432935178279877,0.17056718468666077,0.017807740718126297,0.12453307956457138,0.004092241637408733,0.0335388109087944,0.06710295379161835,0.0,10993.5751953125,0.3019440770149231,1.0603777170181274,-0.010274617001414299,0.9430601596832275,,,,,,,,
train_epoch_end,153,16677,0.2385115921497345,0.06585854291915894,0.013273639604449272,0.029913196340203285,0.05843678116798401,0.1405838429927826,0.015837445855140686,0.09765665233135223,0.0039796531200408936,0.02272326685488224,0.057326942682266235,0.0,11238.486328125,0.2385115921497345,1.0548276901245117,-0.010267356410622597,0.9480221271514893,,,,,,,,
train_epoch_end,154,16786,0.23564229905605316,0.0617184191942215,0.014387238770723343,0.027576737105846405,0.05500692129135132,0.12543147802352905,0.016999976709485054,0.07807572185993195,0.005017541348934174,0.030742954462766647,0.07175742089748383,0.0,11405.333984375,0.23564229905605316,1.0530956983566284,-0.0091239670291543,0.9495813250541687,,,,,,,,
train_epoch_end,155,16895,0.24064873158931732,0.06806212663650513,0.026454981416463852,0.02817966789007187,0.06791862845420837,0.12649962306022644,0.014556367881596088,0.11294136196374893,0.0034503862261772156,0.016764560714364052,0.04840873181819916,0.0,10563.5537109375,0.24064873158931732,1.0444295406341553,0.008132850751280785,0.9574604630470276,,,,,,,,
train_epoch_end,156,17004,0.24022603034973145,0.0676807388663292,0.02066192217171192,0.02420608326792717,0.0821712464094162,0.13422995805740356,0.017373470589518547,0.1036781519651413,0.003876005532220006,0.020024307072162628,0.05639082193374634,0.0,10844.8271484375,0.24022603034973145,1.0514382123947144,-0.010964739136397839,0.9510782361030579,,,,,,,,
train_epoch_end,157,17113,0.3005298972129822,0.07719065248966217,0.020760586485266685,0.023584257811307907,0.09972111135721207,0.19171100854873657,0.01725947856903076,0.14352717995643616,0.0035261947195976973,0.026969721540808678,0.05039459466934204,0.0,9747.798828125,0.3005298972129822,1.0548601150512695,-0.025769703090190887,0.9479929804801941,,,,,,,,
train_epoch_end,158,17222,0.29916733503341675,0.08031809329986572,0.011603040620684624,0.030094172805547714,0.09731722623109818,0.18995657563209534,0.015992803499102592,0.14237554371356964,0.004559689201414585,0.022953897714614868,0.061373598873615265,0.0,10662.8291015625,0.29916733503341675,1.0572097301483154,-0.0165830310434103,0.9458861351013184,,,,,,,,
train_epoch_end,159,17331,0.3271009922027588,0.07813790440559387,0.014855493791401386,0.0276484414935112,0.08959272503852844,0.21416962146759033,0.01184177678078413,0.13124218583106995,0.003196458099409938,0.04707784950733185,0.04415830597281456,0.0,9329.173828125,0.3271009922027588,1.0555394887924194,-0.00891136098653078,0.9473828673362732,,,,,,,,
validation_end,160,17440,,,,,,,,,,,,,,,1.0461339950561523,-0.006264087278395891,0.9559004902839661,27.401336669921875,0.903012752532959,112.53850555419922,0.2569561302661896,27.401336669921875,0.903012752532959,112.53850555419922,0.2569561302661896
train_epoch_end,160,17440,0.20968222618103027,0.05802737921476364,0.012648860923945904,0.02211754396557808,0.07764892280101776,0.10238109529018402,0.012389120645821095,0.08751122653484344,0.003484256099909544,0.019157301634550095,0.04740476608276367,0.0,10493.58203125,0.20968222618103027,1.0461339950561523,-0.006264087278395891,0.9559004902839661,,,,,,,,
train_epoch_end,161,17549,0.30545005202293396,0.0853010043501854,0.018816709518432617,0.02973247319459915,0.11345446854829788,0.19021642208099365,0.013916376046836376,0.1581878364086151,0.003536623902618885,0.017058219760656357,0.05605073273181915,0.0,10295.453125,0.30545005202293396,1.0324056148529053,0.003477830206975341,0.9686115384101868,,,,,,,,
train_epoch_end,162,17658,0.2070339322090149,0.05978986248373985,0.012454001232981682,0.024656672030687332,0.07680058479309082,0.09272599220275879,0.014187762513756752,0.07748216390609741,0.004138689488172531,0.019737593829631805,0.0595410093665123,0.0,11262.7744140625,0.2070339322090149,1.0467255115509033,-0.009336321614682674,0.9553602933883667,,,,,,,,
train_epoch_end,163,17767,0.24914774298667908,0.06000256538391113,0.01647467166185379,0.024704597890377045,0.062143102288246155,0.1032683402299881,0.021266764029860497,0.07384141534566879,0.004043585620820522,0.04357898235321045,0.05451546236872673,0.0,10473.345703125,0.24914774298667908,1.0509083271026611,-0.013705532066524029,0.9515577554702759,,,,,,,,
train_epoch_end,164,17876,0.2644166350364685,0.0761655643582344,0.028210051357746124,0.04140976816415787,0.049587566405534744,0.09974590688943863,0.021327216178178787,0.07207806408405304,0.00420487392693758,0.042240746319293976,0.06977559626102448,0.0,10042.7314453125,0.2644166350364685,1.0511887073516846,-0.00834119413048029,0.9513039588928223,,,,,,,,
train_epoch_end,165,17985,0.29799142479896545,0.07711193710565567,0.019256465137004852,0.029923206195235252,0.08787670731544495,0.15493124723434448,0.01964922994375229,0.11720957607030869,0.004801757633686066,0.03490149974822998,0.07111461460590363,0.0,11286.505859375,0.29799142479896545,1.0671941041946411,-0.016943365335464478,0.9370366334915161,,,,,,,,
train_epoch_end,166,18094,0.21161983907222748,0.05747467651963234,0.015442606061697006,0.023448171094059944,0.07095449417829514,0.08821427822113037,0.014423205517232418,0.07265183329582214,0.004239190369844437,0.02683865651488304,0.054094940423965454,0.0,10053.11328125,0.21161983907222748,1.0972323417663574,-0.04739543795585632,0.9113839864730835,,,,,,,,
train_epoch_end,167,18203,0.22516188025474548,0.05883849039673805,0.013249678537249565,0.028852073475718498,0.04870546609163284,0.09954842925071716,0.018171165138483047,0.06331919878721237,0.005626513622701168,0.03320229798555374,0.07622472941875458,0.0,11916.896484375,0.22516188025474548,1.072356104850769,-0.019844360649585724,0.9325260519981384,,,,,,,,
train_epoch_end,168,18312,0.24986018240451813,0.06724280118942261,0.015083596110343933,0.030434833839535713,0.06921641528606415,0.11459469795227051,0.017093947157263756,0.08774617314338684,0.004565165378153324,0.030185500159859657,0.0721413642168045,0.0,11899.71484375,0.24986018240451813,1.0576016902923584,-0.016924995929002762,0.9455355405807495,,,,,,,,
train_epoch_end,169,18421,0.2766609489917755,0.06948422640562057,0.01753685623407364,0.022798700258135796,0.09011609852313995,0.16413891315460205,0.013433584943413734,0.11498601734638214,0.002823016606271267,0.0347108319401741,0.04059336334466934,0.0,9797.705078125,0.2766609489917755,1.0475351810455322,-0.015608534216880798,0.9546218514442444,,,,,,,,
validation_end,170,18530,,,,,,,,,,,,,,,1.0470287799835205,-0.016678495332598686,0.9550836086273193,28.95674705505371,0.9114471077919006,112.94059753417969,0.26063257455825806,28.95674705505371,0.9114471077919006,112.94059753417969,0.26063257455825806
train_epoch_end,170,18530,0.20901165902614594,0.06018208712339401,0.014511017128825188,0.02829112857580185,0.05313101410865784,0.10978609323501587,0.016007356345653534,0.07932344824075699,0.00414830818772316,0.01977020502090454,0.058108747005462646,0.0,11290.216796875,0.20901165902614594,1.0470287799835205,-0.016678495332598686,0.9550836086273193,,,,,,,,
train_epoch_end,171,18639,0.31651970744132996,0.07151736319065094,0.016829954460263252,0.02834422141313553,0.0707954466342926,0.1770027130842209,0.01426608208566904,0.10795336961746216,0.0032566110603511333,0.0561881884932518,0.048204973340034485,0.0,9364.71484375,0.31651970744132996,1.0348632335662842,0.0002653591800481081,0.9663112759590149,,,,,,,,
train_epoch_end,172,18748,0.21287575364112854,0.057615917176008224,0.014530309475958347,0.023068908601999283,0.06409163773059845,0.11010389775037766,0.01552453450858593,0.07497593015432358,0.0041787344962358475,0.02608773298561573,0.05407644808292389,0.0,10410.60546875,0.21287575364112854,1.0427154302597046,0.003973390441387892,0.9590344429016113,,,,,,,,
train_epoch_end,173,18857,0.28041917085647583,0.07368011027574539,0.020178332924842834,0.02313072606921196,0.1000855565071106,0.170901358127594,0.013573110103607178,0.14190971851348877,0.0035516046918928623,0.018844518810510635,0.05200110748410225,0.0,10588.4462890625,0.28041917085647583,1.0629178285598755,-0.0007794545381329954,0.94080650806427,,,,,,,,
train_epoch_end,174,18966,0.25605279207229614,0.062416840344667435,0.015505123883485794,0.028538554906845093,0.05401340126991272,0.11947813630104065,0.018203364685177803,0.07666216045618057,0.004451463930308819,0.042077451944351196,0.06663073599338531,0.0,11709.72265625,0.25605279207229614,1.0479918718338013,7.623704004799947e-05,0.9542058706283569,,,,,,,,
train_epoch_end,175,19075,0.24014709889888763,0.06436639279127121,0.013358987867832184,0.029120273888111115,0.06304669380187988,0.12141840159893036,0.016011442989110947,0.08899110555648804,0.004652413073927164,0.026245146989822388,0.07048072665929794,0.0,12026.70703125,0.24014709889888763,1.0468062162399292,-0.009154411032795906,0.9552866220474243,,,,,,,,
train_epoch_end,176,19184,0.2752050757408142,0.0758623257279396,0.01850767433643341,0.02780495211482048,0.10137796401977539,0.14709033071994781,0.01350772101432085,0.1361793577671051,0.0038253352977335453,0.017629599198698997,0.05232590064406395,0.0,10997.4208984375,0.2752050757408142,1.0394643545150757,0.008674551732838154,0.9620339274406433,,,,,,,,
train_epoch_end,177,19293,0.25401952862739563,0.0662144124507904,0.017391204833984375,0.02681155502796173,0.06619950383901596,0.1455494463443756,0.015800926834344864,0.10470503568649292,0.004370104521512985,0.025116030126810074,0.06350411474704742,0.0,12621.87109375,0.25401952862739563,1.03761887550354,-0.009459962137043476,0.9637449979782104,,,,,,,,
train_epoch_end,178,19402,0.28381457924842834,0.07094604521989822,0.016495153307914734,0.027418624609708786,0.0871434211730957,0.13196806609630585,0.017683906480669975,0.10343500971794128,0.004770076833665371,0.038761332631111145,0.06575746834278107,0.0,10701.41796875,0.28381457924842834,1.0287044048309326,0.0022104335948824883,0.9720965623855591,,,,,,,,
train_epoch_end,179,19511,0.19286218285560608,0.05133857578039169,0.014712201431393623,0.01922355405986309,0.06101731210947037,0.09906613081693649,0.013104122132062912,0.07504849135875702,0.00350759900175035,0.02062010020017624,0.04560098424553871,0.0,10327.06640625,0.19286218285560608,1.037096381187439,-0.02052745409309864,0.9642305374145508,,,,,,,,
validation_end,180,19620,,,,,,,,,,,,,,,1.0416203737258911,-0.028400838375091553,0.9600426554679871,29.063735961914062,0.9101415872573853,110.73771667480469,0.2553519308567047,29.063735961914062,0.9101415872573853,110.73771667480469,0.2553519308567047
train_epoch_end,180,19620,0.2573723793029785,0.07140886038541794,0.016810523346066475,0.029755109921097755,0.08524832129478455,0.115372434258461,0.018407166004180908,0.10044391453266144,0.005462635308504105,0.02412503957748413,0.07615965604782104,0.0,12766.9970703125,0.2573723793029785,1.0416203737258911,-0.028400838375091553,0.9600426554679871,,,,,,,,
train_epoch_end,181,19729,0.24045591056346893,0.06740424036979675,0.014001240022480488,0.025808386504650116,0.08401037752628326,0.13183438777923584,0.015638068318367004,0.10545948892831802,0.0040740263648331165,0.019097428768873215,0.055444858968257904,0.0,11462.1015625,0.24045591056346893,1.028701663017273,-0.0052770585753023624,0.9720991253852844,,,,,,,,
train_epoch_end,182,19838,0.2538911700248718,0.06622488051652908,0.01938636228442192,0.02922181412577629,0.05855743959546089,0.1269751936197281,0.019278373569250107,0.08423031866550446,0.0042394232004880905,0.0350382924079895,0.06807082146406174,0.0,12102.2529296875,0.2538911700248718,1.042333960533142,-0.015116842463612556,0.9593853950500488,,,,,,,,
train_epoch_end,183,19947,0.3034105896949768,0.0821298286318779,0.02189149335026741,0.03164162486791611,0.0892515778541565,0.18422771990299225,0.017118673771619797,0.14618369936943054,0.0036771332379430532,0.02386012300848961,0.053269922733306885,0.0,10382.1884765625,0.3034105896949768,1.0449975728988647,-0.01994338445365429,0.9569399952888489,,,,,,,,
train_epoch_end,184,20056,0.23696953058242798,0.06774765998125076,0.014823012985289097,0.03259966894984245,0.06237339228391647,0.12247570604085922,0.014405274763703346,0.09706149995326996,0.004139409400522709,0.020669424906373024,0.05765195190906525,0.0,12269.119140625,0.23696953058242798,1.054943323135376,-0.022402344271540642,0.9479182362556458,,,,,,,,
train_epoch_end,185,20165,0.28563928604125977,0.07652126997709274,0.016003955155611038,0.02691776305437088,0.09566406905651093,0.17422980070114136,0.017054077237844467,0.13388273119926453,0.004654788412153721,0.022445358335971832,0.0603996142745018,0.0,10589.876953125,0.28563928604125977,1.0519053936004639,0.0008338479092344642,0.9506558179855347,,,,,,,,
train_epoch_end,186,20274,0.2758246958255768,0.06814074516296387,0.020706042647361755,0.025112636387348175,0.07019065320491791,0.16567951440811157,0.0149439238011837,0.11278527975082397,0.003785927314311266,0.03217742592096329,0.05710827559232712,0.0,12480.833984375,0.2758246958255768,1.0372968912124634,-0.006963340099900961,0.9640441536903381,,,,,,,,
train_epoch_end,187,20383,0.2757304906845093,0.06928444653749466,0.02012251690030098,0.021388357505202293,0.08620577305555344,0.177671417593956,0.014187479391694069,0.12816490232944489,0.0034972387365996838,0.026332564651966095,0.04649295657873154,0.0,10495.5244140625,0.2757304906845093,1.0394299030303955,-0.015177138149738312,0.9620658159255981,,,,,,,,
train_epoch_end,188,20492,0.29774004220962524,0.08092159032821655,0.017411528155207634,0.03460678458213806,0.08357752859592438,0.16462785005569458,0.018419023603200912,0.126462921500206,0.005718626081943512,0.028444310650229454,0.06917573511600494,0.0,10454.357421875,0.29774004220962524,1.0402942895889282,-0.018022717908024788,0.9612664580345154,,,,,,,,
train_epoch_end,189,20601,0.2844191789627075,0.0735824853181839,0.017069417983293533,0.021403798833489418,0.10179099440574646,0.18290601670742035,0.016691934317350388,0.14072394371032715,0.003344273427501321,0.02208668924868107,0.04714437946677208,0.0,10808.990234375,0.2844191789627075,1.0391775369644165,-0.009995630010962486,0.9622994661331177,,,,,,,,
validation_end,190,20710,,,,,,,,,,,,,,,1.039250135421753,-0.01292362343519926,0.962232232093811,28.11685562133789,0.9129324555397034,110.96310424804688,0.257817804813385,28.11685562133789,0.9129324555397034,110.96310424804688,0.257817804813385
train_epoch_end,190,20710,0.2734375,0.07876292616128922,0.016002841293811798,0.028518065810203552,0.10780023038387299,0.15307636559009552,0.015945812687277794,0.13769176602363586,0.0035192249342799187,0.015205712988972664,0.050280652940273285,0.0,10481.974609375,0.2734375,1.039250135421753,-0.01292362343519926,0.962232232093811,,,,,,,,
train_epoch_end,191,20819,0.2712325155735016,0.07234930992126465,0.013479823246598244,0.02611701190471649,0.09207208454608917,0.15804186463356018,0.016160549595952034,0.11577080935239792,0.004717969335615635,0.02501998469233513,0.06544122844934464,0.0,11994.123046875,0.2712325155735016,1.0283174514770508,-0.015829961746931076,0.9724623560905457,,,,,,,,
train_epoch_end,192,20928,0.2194238007068634,0.058691129088401794,0.016536466777324677,0.021337086334824562,0.07185061275959015,0.12097393721342087,0.012639526277780533,0.08966268599033356,0.0037752757780253887,0.021350540220737457,0.050666965544223785,0.0,11926.8876953125,0.2194238007068634,1.0350682735443115,-0.006810310762375593,0.9661198258399963,,,,,,,,
train_epoch_end,193,21037,0.2658177614212036,0.07948904484510422,0.011753672733902931,0.038887444883584976,0.07174443453550339,0.14841219782829285,0.01954340748488903,0.10607705265283585,0.005185415036976337,0.02077830210328102,0.07892574369907379,0.0,13778.220703125,0.2658177614212036,1.0268179178237915,0.0068275355733931065,0.9738824963569641,,,,,,,,
train_epoch_end,194,21146,0.2490081936120987,0.061446741223335266,0.015506713651120663,0.02627694234251976,0.05342433601617813,0.13775001466274261,0.01664813607931137,0.08506855368614197,0.004606396425515413,0.03480495885014534,0.06325267255306244,0.0,12463.41015625,0.2490081936120987,1.0287121534347534,-0.002605829853564501,0.9720892310142517,,,,,,,,
train_epoch_end,195,21255,0.27198541164398193,0.07508334517478943,0.014462689869105816,0.030148755759000778,0.08360375463962555,0.16082680225372314,0.017341185361146927,0.12534861266613007,0.0039181034080684185,0.021840091794729233,0.05321376398205757,0.0,10651.728515625,0.27198541164398193,1.0275180339813232,0.00704386318102479,0.9732189178466797,,,,,,,,
train_epoch_end,196,21364,0.23283737897872925,0.060385603457689285,0.011478157714009285,0.022091520950198174,0.0845426619052887,0.106877401471138,0.014404544606804848,0.08862219750881195,0.0040269093587994576,0.02806156873703003,0.05012058466672897,0.0,11149.390625,0.23283737897872925,1.0340290069580078,-0.001190631533972919,0.9670908451080322,,,,,,,,
train_epoch_end,197,21473,0.3073421120643616,0.08261659741401672,0.017621319741010666,0.026568105444312096,0.1073276549577713,0.20872439444065094,0.015755223110318184,0.15647557377815247,0.004344114102423191,0.019386528059840202,0.05667727068066597,0.0,10963.4833984375,0.3073421120643616,1.0377222299575806,-0.015331688337028027,0.9636490345001221,,,,,,,,
train_epoch_end,198,21582,0.3136048913002014,0.09068458527326584,0.016142677515745163,0.03637529909610748,0.10828858613967896,0.18962086737155914,0.01695755310356617,0.15895360708236694,0.004053184296935797,0.016227904707193375,0.061777226626873016,0.0,12013.412109375,0.3136048913002014,1.044187068939209,-0.0038134732749313116,0.9576827883720398,,,,,,,,
train_epoch_end,199,21691,0.28799599409103394,0.07882656157016754,0.015195755288004875,0.026920856907963753,0.10341189801692963,0.18186895549297333,0.01626756228506565,0.1344193071126938,0.004723255522549152,0.02158905193209648,0.06451263278722763,0.0,10720.615234375,0.28799599409103394,1.0484981536865234,0.0003012332017533481,0.9537451267242432,,,,,,,,
validation_end,200,21800,,,,,,,,,,,,,,,1.0401759147644043,-0.0067878481931984425,0.9613758325576782,28.013038635253906,0.9138196110725403,106.21101379394531,0.24750538170337677,28.013038635253906,0.9138196110725403,106.21101379394531,0.24750538170337677
train_epoch_end,200,21800,0.26412877440452576,0.06818452477455139,0.010575034655630589,0.023032832890748978,0.10377910733222961,0.13141757249832153,0.013685576617717743,0.11624187231063843,0.004295888356864452,0.025225240737199783,0.057133521884679794,0.0,10672.623046875,0.26412877440452576,1.0401759147644043,-0.0067878481931984425,0.9613758325576782,,,,,,,,
train_epoch_end,201,21909,0.24878445267677307,0.06898799538612366,0.018439343199133873,0.03604283183813095,0.04873004928231239,0.11456288397312164,0.018786121159791946,0.08107940107584,0.0039973012171685696,0.03396032750606537,0.06016526371240616,0.0,11757.7958984375,0.24878445267677307,1.0337315797805786,-0.013705099932849407,0.9673691391944885,,,,,,,,
train_epoch_end,202,22018,0.23936451971530914,0.0684102475643158,0.011004336178302765,0.033528368920087814,0.06556512415409088,0.1157461628317833,0.016659598797559738,0.08951765298843384,0.0053466311655938625,0.023304861038923264,0.0704108476638794,0.0,11877.544921875,0.23936451971530914,1.0465328693389893,-0.004239869769662619,0.9555361866950989,,,,,,,,
train_epoch_end,203,22127,0.30634865164756775,0.08505115658044815,0.017785994336009026,0.03790144622325897,0.08354233205318451,0.16418689489364624,0.021595783531665802,0.12986041605472565,0.006150976289063692,0.026177387684583664,0.08274471759796143,0.0,12245.1455078125,0.30634865164756775,1.064630150794983,0.004921524785459042,0.9392933249473572,,,,,,,,
train_epoch_end,204,22236,0.2297150045633316,0.0662132203578949,0.012751391157507896,0.029866814613342285,0.06571261584758759,0.1316053420305252,0.014279469847679138,0.0961817130446434,0.004314788617193699,0.018566785380244255,0.057346832007169724,0.0,11534.9921875,0.2297150045633316,1.0538151264190674,-0.016887910664081573,0.9489330649375916,,,,,,,,
train_epoch_end,205,22345,0.22482813894748688,0.06126146763563156,0.014103055000305176,0.025676047429442406,0.06788265705108643,0.1140693724155426,0.014728222042322159,0.08030006289482117,0.0044016712345182896,0.026251431554555893,0.059678371995687485,0.0,11442.478515625,0.22482813894748688,1.0578802824020386,-0.0006403477163985372,0.9452865719795227,,,,,,,,
train_epoch_end,206,22454,0.2887955605983734,0.07227561622858047,0.015767991542816162,0.024369262158870697,0.08635851740837097,0.1859796643257141,0.01510702446103096,0.1306932121515274,0.004198567010462284,0.027872759848833084,0.056434180587530136,0.0,11774.099609375,0.2887955605983734,1.0428529977798462,0.006159702781587839,0.9589079022407532,,,,,,,,
train_epoch_end,207,22563,0.2630463242530823,0.07065288722515106,0.01353123877197504,0.018318338319659233,0.121710866689682,0.15686224400997162,0.011351164430379868,0.13500359654426575,0.003324534511193633,0.01667896658182144,0.041454896330833435,0.0,10343.642578125,0.2630463242530823,1.0518901348114014,-0.011257022619247437,0.9506696462631226,,,,,,,,
train_epoch_end,208,22672,0.29955509305000305,0.0719900131225586,0.019988082349300385,0.02699308842420578,0.07542829215526581,0.17167417705059052,0.01590164192020893,0.12375379353761673,0.004231961909681559,0.03559894114732742,0.0656614676117897,0.0,11966.087890625,0.29955509305000305,1.0393542051315308,-0.028792746365070343,0.962135910987854,,,,,,,,
train_epoch_end,209,22781,0.24754348397254944,0.06187038496136665,0.01768697425723076,0.022246751934289932,0.07293635606765747,0.137063667178154,0.01304573379456997,0.10118265450000763,0.003671959973871708,0.02757464349269867,0.05397321283817291,0.0,12175.900390625,0.24754348397254944,1.0447287559509277,-0.0032300499733537436,0.957186222076416,,,,,,,,
validation_end,210,22890,,,,,,,,,,,,,,,1.0486148595809937,0.0012787693412974477,0.9536389708518982,27.91219139099121,0.914845883846283,108.11129760742188,0.24281030893325806,27.91219139099121,0.914845883846283,108.11129760742188,0.24281030893325806
train_epoch_end,210,22890,0.20111441612243652,0.05563735216856003,0.01343743409961462,0.021514181047677994,0.07539620995521545,0.08315737545490265,0.014396079815924168,0.07377741485834122,0.00421823188662529,0.021053336560726166,0.054111380130052567,0.0,11846.9033203125,0.20111441612243652,1.0486148595809937,0.0012787693412974477,0.9536389708518982,,,,,,,,
train_epoch_end,211,22999,0.23786447942256927,0.06316827237606049,0.01607806608080864,0.02400992624461651,0.07241979241371155,0.13754041492938995,0.013119375333189964,0.10144215822219849,0.003911168314516544,0.022446906194090843,0.05186153203248978,0.0,11483.6806640625,0.23786447942256927,1.0328906774520874,-0.00011624336912063882,0.9681566953659058,,,,,,,,
train_epoch_end,212,23108,0.2712535858154297,0.07847961038351059,0.01715088076889515,0.03526676446199417,0.0822502002120018,0.14596086740493774,0.015065943822264671,0.12405341863632202,0.005102401599287987,0.01845759153366089,0.06252831965684891,0.0,11070.87109375,0.2712535858154297,1.0406850576400757,0.0037758296821266413,0.9609054923057556,,,,,,,,
train_epoch_end,213,23217,0.2348783165216446,0.07080022245645523,0.017590971663594246,0.034836363047361374,0.0622914582490921,0.12145520746707916,0.015390941873192787,0.0971924215555191,0.004170453175902367,0.017946094274520874,0.056702375411987305,0.0,12647.4384765625,0.2348783165216446,1.0381962060928345,0.008836980909109116,0.9632090926170349,,,,,,,,
train_epoch_end,214,23326,0.2534105181694031,0.06573823094367981,0.011512823402881622,0.020483434200286865,0.09558901935815811,0.15299482643604279,0.012719412334263325,0.11263762414455414,0.004060317762196064,0.023948483169078827,0.051553305238485336,0.0,10189.06640625,0.2534105181694031,1.0502420663833618,-0.00032100279349833727,0.952161431312561,,,,,,,,
train_epoch_end,215,23435,0.1982617825269699,0.06111520528793335,0.018366243690252304,0.02589997462928295,0.0725310891866684,0.08264413475990295,0.016905929893255234,0.0745467096567154,0.0035071331076323986,0.019098501652479172,0.04270229488611221,0.0,10220.1484375,0.1982617825269699,1.0459390878677368,-0.006880087777972221,0.9560786485671997,,,,,,,,
train_epoch_end,216,23544,0.2979058623313904,0.081427201628685,0.02050289511680603,0.031783200800418854,0.09012779593467712,0.18273942172527313,0.014849558472633362,0.14533516764640808,0.004891545511782169,0.019877009093761444,0.06125260889530182,0.0,11184.7939453125,0.2979058623313904,1.057633638381958,-0.015827501192688942,0.9455069899559021,,,,,,,,
train_epoch_end,217,23653,0.2214617133140564,0.05877305194735527,0.01738905906677246,0.0203600712120533,0.07556101679801941,0.11754069477319717,0.013685574755072594,0.08983469754457474,0.0036679357290267944,0.02298269048333168,0.047568805515766144,0.0,11328.46484375,0.2214617133140564,1.076892375946045,-0.027118930593132973,0.9285979270935059,,,,,,,,
train_epoch_end,218,23762,0.29552561044692993,0.0774570181965828,0.020782139152288437,0.02196664735674858,0.11348214000463486,0.1804860383272171,0.015502775087952614,0.14374500513076782,0.00441248482093215,0.02333480678498745,0.053261466324329376,0.0,9926.1142578125,0.29552561044692993,1.0541993379592896,0.006417942699044943,0.94858717918396,,,,,,,,
train_epoch_end,219,23871,0.27963972091674805,0.06991518288850784,0.01561431773006916,0.018793918192386627,0.10066980123519897,0.18952466547489166,0.012391069903969765,0.1372765451669693,0.0031225522980093956,0.0241595059633255,0.04229407757520676,0.0,10432.89453125,0.27963972091674805,1.042557954788208,-0.011047884821891785,0.9591792821884155,,,,,,,,
validation_end,220,23980,,,,,,,,,,,,,,,1.0418109893798828,-0.018715547397732735,0.959867000579834,28.534896850585938,0.9189265370368958,107.06217956542969,0.24368473887443542,28.534896850585938,0.9189265370368958,107.06217956542969,0.24368473887443542
train_epoch_end,220,23980,0.2577987611293793,0.06779678165912628,0.012664197012782097,0.02181968092918396,0.10223516821861267,0.1358022540807724,0.014688128605484962,0.11722023040056229,0.0039829653687775135,0.02190033346414566,0.054559580981731415,0.0,11358.2119140625,0.2577987611293793,1.0418109893798828,-0.018715547397732735,0.959867000579834,,,,,,,,
train_epoch_end,221,24089,0.20966506004333496,0.05204751342535019,0.012063698843121529,0.021729230880737305,0.05422518774867058,0.10549913346767426,0.012784578837454319,0.07137805223464966,0.004117067903280258,0.028545305132865906,0.05333855375647545,0.0,11697.1806640625,0.20966506004333496,1.0417598485946655,-0.022505326196551323,0.9599141478538513,,,,,,,,
train_epoch_end,222,24198,0.21100743114948273,0.05682438239455223,0.013592701405286789,0.022005688399076462,0.07073895633220673,0.10382518172264099,0.013413043692708015,0.08021010458469391,0.003851020708680153,0.02336776629090309,0.04940292239189148,0.0,11035.642578125,0.21100743114948273,1.0553871393203735,-0.0032271146774291992,0.9475196003913879,,,,,,,,
train_epoch_end,223,24307,0.20267806947231293,0.059799425303936005,0.019948018714785576,0.022685393691062927,0.07617183029651642,0.0876850113272667,0.017262259498238564,0.07540354877710342,0.004353998228907585,0.018621578812599182,0.054849930107593536,0.0,12165.458984375,0.20267806947231293,1.0542951822280884,-0.001936787273734808,0.9485009908676147,,,,,,,,
train_epoch_end,224,24416,0.2505119740962982,0.07083374261856079,0.017874086275696754,0.02952079474925995,0.07649186253547668,0.13962483406066895,0.015035893768072128,0.10996364057064056,0.004360507242381573,0.018315967172384262,0.06199583783745766,0.0,13223.169921875,0.2505119740962982,1.049673080444336,0.005129849072545767,0.9526775479316711,,,,,,,,
train_epoch_end,225,24525,0.30775558948516846,0.08257823437452316,0.025181714445352554,0.027116835117340088,0.10772471129894257,0.1878611445426941,0.013794710859656334,0.16247570514678955,0.003953477367758751,0.01618414744734764,0.05659448355436325,0.0,12231.2734375,0.30775558948516846,1.0570930242538452,-0.0024819793179631233,0.9459905624389648,,,,,,,,
train_epoch_end,226,24634,0.2964884638786316,0.07853057235479355,0.01866757497191429,0.021358316764235497,0.12207761406898499,0.1933591663837433,0.01060017105191946,0.16256991028785706,0.0029677003622055054,0.01578976958990097,0.042495034635066986,0.0,10216.99609375,0.2964884638786316,1.0503804683685303,-0.017699342221021652,0.9520359635353088,,,,,,,,
train_epoch_end,227,24743,0.3081737756729126,0.0761401429772377,0.015730390325188637,0.030700430274009705,0.07736282050609589,0.17492160201072693,0.018696986138820648,0.11744441092014313,0.00605361582711339,0.03759659826755524,0.0798092633485794,0.0,13390.107421875,0.3081737756729126,1.0455782413482666,0.003136126324534416,0.9564085602760315,,,,,,,,
train_epoch_end,228,24852,0.22616423666477203,0.06302205473184586,0.013311881572008133,0.01768834888935089,0.11408540606498718,0.10951974987983704,0.010129638016223907,0.11288674175739288,0.0028932190034538507,0.01439227256923914,0.036131758242845535,0.0,9544.7265625,0.22616423666477203,1.0407549142837524,-0.004896366968750954,0.9608410000801086,,,,,,,,
train_epoch_end,229,24961,0.2922305762767792,0.07583145797252655,0.018753165379166603,0.0292581245303154,0.08344736695289612,0.16509947180747986,0.01805298402905464,0.11991725862026215,0.006008600816130638,0.029455088078975677,0.07639849185943604,0.0,12463.45703125,0.2922305762767792,1.0411313772201538,-0.01500837691128254,0.9604935646057129,,,,,,,,
validation_end,230,25070,,,,,,,,,,,,,,,1.0460444688796997,-0.002014044439420104,0.9559823274612427,24.449722290039062,0.8973419070243835,111.12299346923828,0.2596094608306885,24.449722290039062,0.8973419070243835,111.12299346923828,0.2596094608306885
train_epoch_end,230,25070,0.28572604060173035,0.06799839437007904,0.017490196973085403,0.024338852614164352,0.0762343555688858,0.16846933960914612,0.013525881804525852,0.11464545875787735,0.004213567823171616,0.03675925359129906,0.05469167232513428,0.0,11677.1845703125,0.28572604060173035,1.0460444688796997,-0.002014044439420104,0.9559823274612427,,,,,,,,
train_epoch_end,231,25179,0.2619238495826721,0.0690726786851883,0.018935533240437508,0.021803610026836395,0.1087368056178093,0.12466458231210709,0.011538099497556686,0.11901833117008209,0.0036404887214303017,0.02333366498351097,0.049795329570770264,0.0,11076.212890625,0.2619238495826721,1.044779896736145,-0.01033797673881054,0.9571393728256226,,,,,,,,
train_epoch_end,232,25288,0.2823387682437897,0.07368539273738861,0.018227282911539078,0.02063322812318802,0.11111467331647873,0.17623163759708405,0.012374055571854115,0.14046423137187958,0.004091890528798103,0.01997966133058071,0.05149492621421814,0.0,11264.1943359375,0.2823387682437897,1.0501936674118042,-0.010785870254039764,0.9522053003311157,,,,,,,,
train_epoch_end,233,25397,0.24050045013427734,0.06463908404111862,0.015758102759718895,0.026833241805434227,0.07137061655521393,0.12281731516122818,0.014967730268836021,0.09453769773244858,0.004686261527240276,0.023813020437955856,0.06442351639270782,0.0,12905.498046875,0.24050045013427734,1.0410999059677124,0.0026940195821225643,0.9605225920677185,,,,,,,,
train_epoch_end,234,25506,0.280402272939682,0.07097490131855011,0.011777902022004128,0.024766847491264343,0.09149354696273804,0.1683819741010666,0.01420795638114214,0.12182969599962234,0.004371718503534794,0.02806147187948227,0.05969490110874176,0.0,12179.2861328125,0.280402272939682,1.039769172668457,-0.005607535131275654,0.9617519378662109,,,,,,,,
train_epoch_end,235,25615,0.24930961430072784,0.06533031165599823,0.01623084954917431,0.020101897418498993,0.092227503657341,0.1505686342716217,0.012227850966155529,0.11481132358312607,0.003501804079860449,0.02120876871049404,0.0480080172419548,0.0,11246.63671875,0.24930961430072784,1.0409632921218872,-0.005170960444957018,0.9606486558914185,,,,,,,,
train_epoch_end,236,25724,0.29329583048820496,0.0784856528043747,0.015387821942567825,0.02886447310447693,0.09419749677181244,0.1800907403230667,0.016863107681274414,0.13543465733528137,0.004762812051922083,0.022217251360416412,0.068045474588871,0.0,13166.837890625,0.29329583048820496,1.04231595993042,0.002535633509978652,0.9594019651412964,,,,,,,,
train_epoch_end,237,25833,0.29601994156837463,0.07281673699617386,0.015697399154305458,0.030284514650702477,0.07196732610464096,0.16620662808418274,0.01598149538040161,0.11260548233985901,0.0049911076202988625,0.03837757185101509,0.06673810631036758,0.0,12166.95703125,0.29601994156837463,1.055830717086792,-0.005849108099937439,0.9471215009689331,,,,,,,,
train_epoch_end,238,25942,0.24783575534820557,0.0659497082233429,0.01566714607179165,0.024882856756448746,0.08406661450862885,0.12728023529052734,0.013621577993035316,0.09797452390193939,0.004009499214589596,0.02696765772998333,0.05790423974394798,0.0,11490.6494140625,0.24783575534820557,1.0533815622329712,0.0024078702554106712,0.9493235945701599,,,,,,,,
train_epoch_end,239,26051,0.2788969576358795,0.07020062953233719,0.013484414666891098,0.024081353098154068,0.08677172660827637,0.17515723407268524,0.014158067293465137,0.12250818312168121,0.0048940060660243034,0.027419429272413254,0.05943746864795685,0.0,11595.90625,0.2788969576358795,1.0489356517791748,-2.6599120246828534e-05,0.9533473253250122,,,,,,,,
validation_end,240,26160,,,,,,,,,,,,,,,1.0511014461517334,-0.017458099871873856,0.9513829350471497,30.46033477783203,0.9231852293014526,107.66085815429688,0.23642390966415405,30.46033477783203,0.9231852293014526,107.66085815429688,0.23642390966415405
train_epoch_end,240,26160,0.225969597697258,0.0699227899312973,0.008320244029164314,0.03330232948064804,0.08150594681501389,0.10839347541332245,0.013298243284225464,0.09952756762504578,0.003833032213151455,0.015538101084530354,0.04459264874458313,0.0,10461.84765625,0.225969597697258,1.0511014461517334,-0.017458099871873856,0.9513829350471497,,,,,,,,
train_epoch_end,241,26269,0.21333131194114685,0.05968879163265228,0.01255719643086195,0.025197967886924744,0.07004097104072571,0.10654110461473465,0.012748688459396362,0.08705506473779678,0.003991071134805679,0.01814458519220352,0.05574426054954529,0.0,12371.1591796875,0.21333131194114685,1.0375772714614868,0.001988563220947981,0.9637836217880249,,,,,,,,
train_epoch_end,242,26378,0.21599459648132324,0.060158658772706985,0.01677412912249565,0.020995039492845535,0.08423744142055511,0.10515554249286652,0.013580682687461376,0.09064146876335144,0.003959978930652142,0.018464017659425735,0.04984087496995926,0.0,11846.22265625,0.21599459648132324,1.0539602041244507,0.0010975523618981242,0.9488024115562439,,,,,,,,
train_epoch_end,243,26487,0.2949458658695221,0.0767388641834259,0.020114803686738014,0.03106578066945076,0.08543317764997482,0.1476368010044098,0.018089625984430313,0.1198258250951767,0.006182307377457619,0.03005867823958397,0.07772955298423767,0.0,12649.111328125,0.2949458658695221,1.0506539344787598,-0.0046392870135605335,0.9517881870269775,,,,,,,,
train_epoch_end,244,26596,0.32568126916885376,0.0877193808555603,0.02964741736650467,0.03084360808134079,0.10650819540023804,0.18725235760211945,0.01644652709364891,0.16297531127929688,0.004723068326711655,0.021344928070902824,0.06423263251781464,0.0,11515.5107421875,0.32568126916885376,1.0516399145126343,-0.0026478441432118416,0.9508958458900452,,,,,,,,
train_epoch_end,245,26705,0.22931437194347382,0.060714349150657654,0.01006460189819336,0.02802439033985138,0.05678447335958481,0.1205146536231041,0.015704892575740814,0.0757228210568428,0.005223121028393507,0.028344016522169113,0.07176728546619415,0.0,13024.2158203125,0.22931437194347382,1.049784779548645,-0.0011774527374655008,0.952576220035553,,,,,,,,
train_epoch_end,246,26814,0.27871131896972656,0.07094723731279373,0.015414434485137463,0.025362351909279823,0.08683086186647415,0.1637522578239441,0.014593323692679405,0.12346857786178589,0.004738096613436937,0.026413097977638245,0.05985577404499054,0.0,11767.2578125,0.27871131896972656,1.0516893863677979,-0.008310897275805473,0.9508510828018188,,,,,,,,
train_epoch_end,247,26923,0.2146138697862625,0.05682242289185524,0.01638120412826538,0.02260129339993,0.06848443299531937,0.09527164697647095,0.013910222798585892,0.07379929721355438,0.0037716750521212816,0.02864198572933674,0.04735826328396797,0.0,11096.93359375,0.2146138697862625,1.0504546165466309,0.0034495722502470016,0.951968789100647,,,,,,,,
train_epoch_end,248,27032,0.27962881326675415,0.07129736989736557,0.014968863688409328,0.025298450142145157,0.09258934110403061,0.15302890539169312,0.015225915238261223,0.11859652400016785,0.004441950935870409,0.02908274717628956,0.06147758290171623,0.0,11758.1015625,0.27962881326675415,1.042752742767334,0.0032053296454250813,0.9590001106262207,,,,,,,,
train_epoch_end,249,27141,0.24037396907806396,0.06200358644127846,0.014997049234807491,0.026322949677705765,0.05821443349123001,0.13302156329154968,0.016302449628710747,0.08733358979225159,0.00528279785066843,0.028116412460803986,0.06785464286804199,0.0,12557.5068359375,0.24037396907806396,1.0517570972442627,-0.0004096616175957024,0.9507898688316345,,,,,,,,
validation_end,250,27250,,,,,,,,,,,,,,,1.049349069595337,0.0031090634874999523,0.9529717564582825,28.4968204498291,0.9129823446273804,106.0650405883789,0.24000774323940277,28.4968204498291,0.9129823446273804,106.0650405883789,0.24000774323940277
train_epoch_end,250,27250,0.29764029383659363,0.07236047089099884,0.026082351803779602,0.020520001649856567,0.09281426668167114,0.1946948766708374,0.010587310418486595,0.14380943775177002,0.0029325212817639112,0.028747376054525375,0.04123779013752937,0.0,10733.6640625,0.29764029383659363,1.049349069595337,0.0031090634874999523,0.9529717564582825,,,,,,,,
train_epoch_end,251,27359,0.28885889053344727,0.07655883580446243,0.022128548473119736,0.02693309262394905,0.09087583422660828,0.17548644542694092,0.015303991734981537,0.13783130049705505,0.005192999262362719,0.020493771880865097,0.06499508023262024,0.0,12039.44921875,0.28885889053344727,1.0374271869659424,-0.008111165836453438,0.9639230966567993,,,,,,,,
train_epoch_end,252,27468,0.3010115623474121,0.07591471821069717,0.019150102511048317,0.02421392872929573,0.09088250994682312,0.20430134236812592,0.01505003310739994,0.13907474279403687,0.004519669339060783,0.027975212782621384,0.05858336389064789,0.0,10906.166015625,0.3010115623474121,1.0444438457489014,-0.018515057861804962,0.957447350025177,,,,,,,,
train_epoch_end,253,27577,0.2949007749557495,0.0743182972073555,0.01969338394701481,0.026890672743320465,0.08274392783641815,0.17611266672611237,0.016828114166855812,0.1245943084359169,0.004206450190395117,0.03273642063140869,0.0616401769220829,0.0,10898.873046875,0.2949007749557495,1.0397059917449951,0.00313652865588665,0.9618103504180908,,,,,,,,
train_epoch_end,254,27686,0.2201773226261139,0.06025736778974533,0.012809219770133495,0.0232447050511837,0.07204221189022064,0.12468844652175903,0.013323843479156494,0.091616690158844,0.00418806541711092,0.018361255526542664,0.05653767287731171,0.0,13258.26953125,0.2201773226261139,1.052074909210205,-0.0017526081064715981,0.9505026340484619,,,,,,,,
train_epoch_end,255,27795,0.2958792746067047,0.07732975482940674,0.020269066095352173,0.021753482520580292,0.10465408861637115,0.20845551788806915,0.01399974338710308,0.15120825171470642,0.0031661675311625004,0.020597126334905624,0.04740754887461662,0.0,11128.951171875,0.2958792746067047,1.052419662475586,-0.01257169246673584,0.9501913189888,,,,,,,,
train_epoch_end,256,27904,0.2833581566810608,0.06801152229309082,0.013267375528812408,0.025787614285945892,0.08393650501966476,0.14141306281089783,0.015126535668969154,0.1030404195189476,0.0044126552529633045,0.039783988147974014,0.06351397931575775,0.0,12447.0791015625,0.2833581566810608,1.0434644222259521,-0.001939018489792943,0.9583460688591003,,,,,,,,
train_epoch_end,257,28013,0.28758469223976135,0.07485247403383255,0.01896882988512516,0.025312768295407295,0.09854418784379959,0.1680431067943573,0.013428548350930214,0.13816916942596436,0.0038452609442174435,0.022459156811237335,0.055095262825489044,0.0,12025.6484375,0.28758469223976135,1.043840765953064,-0.0062508308328688145,0.9580005407333374,,,,,,,,
train_epoch_end,258,28122,0.284456342458725,0.07274449616670609,0.018954752013087273,0.025084277614951134,0.0942353680729866,0.15304690599441528,0.016231974586844444,0.12235530465841293,0.004628966562449932,0.029555384069681168,0.058340806514024734,0.0,11031.5869140625,0.284456342458725,1.0462373495101929,-0.0036307997070252895,0.9558060765266418,,,,,,,,
train_epoch_end,259,28231,0.23506151139736176,0.06319240480661392,0.015779120847582817,0.025013934820890427,0.072348952293396,0.1241985633969307,0.014906369149684906,0.09058721363544464,0.0041989292949438095,0.024805210530757904,0.059930220246315,0.0,12489.9912109375,0.23506151139736176,1.0455031394958496,0.0033769879955798388,0.9564772844314575,,,,,,,,
validation_end,260,28340,,,,,,,,,,,,,,,1.0491164922714233,-0.003410582896322012,0.9531829953193665,29.450666427612305,0.9202739000320435,107.83056640625,0.23579934239387512,29.450666427612305,0.9202739000320435,107.83056640625,0.23579934239387512
train_epoch_end,260,28340,0.2711380422115326,0.07420436292886734,0.02078879624605179,0.026170995086431503,0.09439568221569061,0.14891381561756134,0.01738344319164753,0.13179197907447815,0.0042590429075062275,0.01838335208594799,0.05389229953289032,0.0,10642.8828125,0.2711380422115326,1.0491164922714233,-0.003410582896322012,0.9531829953193665,,,,,,,,
train_epoch_end,261,28449,0.31085872650146484,0.07981019467115402,0.02069365605711937,0.03635961189866066,0.066909059882164,0.1742090880870819,0.01651597023010254,0.12564852833747864,0.00512717105448246,0.036500874906778336,0.06640906631946564,0.0,10668.791015625,0.31085872650146484,1.0450409650802612,0.0003592201683204621,0.9569002985954285,,,,,,,,
train_epoch_end,262,28558,0.3044237792491913,0.07756056636571884,0.023782551288604736,0.030434105545282364,0.08032584190368652,0.17047302424907684,0.0162082239985466,0.13353997468948364,0.0047745611518621445,0.03071749396622181,0.06485524773597717,0.0,10899.87890625,0.3044237792491913,1.0465128421783447,-0.00598548911511898,0.9555544257164001,,,,,,,,
train_epoch_end,263,28667,0.28902554512023926,0.07769551873207092,0.01648016646504402,0.027385558933019638,0.0991649255156517,0.1785144805908203,0.014188943430781364,0.14481221139431,0.0040678950026631355,0.01839202642440796,0.05598832666873932,0.0,11668.8125,0.28902554512023926,1.0520296096801758,-0.01346508413553238,0.9505435824394226,,,,,,,,
train_epoch_end,264,28776,0.20907378196716309,0.05521761253476143,0.013733545318245888,0.021060768514871597,0.06737055629491806,0.10863891243934631,0.012067710980772972,0.07938535511493683,0.004396373406052589,0.022790241986513138,0.051893360912799835,0.0,11520.6279296875,0.20907378196716309,1.0556424856185913,0.01049741730093956,0.9472904205322266,,,,,,,,
train_epoch_end,265,28885,0.21796853840351105,0.06014667823910713,0.011961018666625023,0.023258231580257416,0.07770897448062897,0.11222362518310547,0.012994328513741493,0.08882611989974976,0.004280818160623312,0.01988379657268524,0.05381041020154953,0.0,11494.7216796875,0.21796853840351105,1.0497784614562988,-0.0058520277962088585,0.9525819420814514,,,,,,,,
train_epoch_end,266,28994,0.2606349289417267,0.06633909046649933,0.019231604412198067,0.025483403354883194,0.06475230306386948,0.16318662464618683,0.014164166525006294,0.11314163357019424,0.0042472779750823975,0.02381671406328678,0.0624682754278183,0.0,13656.4228515625,0.2606349289417267,1.0496286153793335,0.005813553463667631,0.9527179002761841,,,,,,,,
train_epoch_end,267,29103,0.21410799026489258,0.05295553430914879,0.010003544390201569,0.02443075180053711,0.0477772131562233,0.10555340349674225,0.014097011648118496,0.06479985266923904,0.004481357056647539,0.033558838069438934,0.05416223034262657,0.0,11213.0146484375,0.21410799026489258,1.0477752685546875,-0.01128461118787527,0.9544031620025635,,,,,,,,
train_epoch_end,268,29212,0.2795703113079071,0.07295145839452744,0.011503154411911964,0.027737345546483994,0.08989594131708145,0.15810155868530273,0.016216736286878586,0.1131720244884491,0.005076906643807888,0.030511118471622467,0.06485449522733688,0.0,11134.06640625,0.2795703113079071,1.0439679622650146,-0.006830775178968906,0.9578837752342224,,,,,,,,
train_epoch_end,269,29321,0.24431979656219482,0.06683127582073212,0.014127993956208229,0.027264878153800964,0.08403418958187103,0.11034491658210754,0.015965476632118225,0.09093020856380463,0.005097484216094017,0.02559058368206024,0.07039353251457214,0.0,12681.2763671875,0.24431979656219482,1.0516860485076904,0.0022718077525496483,0.9508541226387024,,,,,,,,
validation_end,270,29430,,,,,,,,,,,,,,,1.0466521978378296,-0.007620062213391066,0.9554272294044495,29.027860641479492,0.9166206121444702,108.22288513183594,0.24215471744537354,29.027860641479492,0.9166206121444702,108.22288513183594,0.24215471744537354
train_epoch_end,270,29430,0.29282793402671814,0.08058067411184311,0.02031557261943817,0.027256323024630547,0.10410961508750916,0.17964091897010803,0.01701584830880165,0.14416927099227905,0.004492586944252253,0.019040951505303383,0.05694585293531418,0.0,11267.041015625,0.29282793402671814,1.0466521978378296,-0.007620062213391066,0.9554272294044495,,,,,,,,
train_epoch_end,271,29539,0.2659943103790283,0.0709645226597786,0.015216827392578125,0.021315855905413628,0.10868390649557114,0.15516752004623413,0.012626927345991135,0.13398239016532898,0.0036439956165850163,0.017407767474651337,0.04770440608263016,0.0,10661.791015625,0.2659943103790283,1.041776180267334,-0.006652322597801685,0.9598990678787231,,,,,,,,
train_epoch_end,272,29648,0.2765006422996521,0.07358161360025406,0.01219542883336544,0.028932657092809677,0.08490438759326935,0.16615989804267883,0.01503206416964531,0.12136249989271164,0.004985066130757332,0.0240335613489151,0.0654212012887001,0.0,12149.0234375,0.2765006422996521,1.0437908172607422,0.016397077590227127,0.9580463767051697,,,,,,,,
train_epoch_end,273,29757,0.26838091015815735,0.05958009511232376,0.013784384354948997,0.02285398170351982,0.06134606525301933,0.14531512558460236,0.013647953048348427,0.09026297926902771,0.0037963916547596455,0.046391092240810394,0.0482928529381752,0.0,9886.0439453125,0.26838091015815735,1.044875144958496,-0.00970233604311943,0.9570521712303162,,,,,,,,
train_epoch_end,274,29866,0.3001602292060852,0.08291412889957428,0.017501525580883026,0.02551528438925743,0.12029805779457092,0.1929556131362915,0.014613569714128971,0.15772117674350739,0.004026117734611034,0.01537361927330494,0.054764293134212494,0.0,11060.5146484375,0.3001602292060852,1.0446908473968506,0.004533646162599325,0.9572209715843201,,,,,,,,
train_epoch_end,275,29975,0.21983212232589722,0.05515247583389282,0.014347507618367672,0.01840135082602501,0.07201948016881943,0.12317124754190445,0.011369007639586926,0.08681914210319519,0.0034035039134323597,0.026240870356559753,0.04241735115647316,0.0,11370.919921875,0.21983212232589722,1.053712010383606,-0.002984076738357544,0.9490259289741516,,,,,,,,
train_epoch_end,276,30084,0.28234797716140747,0.07229671627283096,0.018713511526584625,0.025264453142881393,0.08451108634471893,0.17932187020778656,0.013175690546631813,0.13589532673358917,0.004000068176537752,0.022111592814326286,0.05640166997909546,0.0,11832.2412109375,0.28234797716140747,1.0441961288452148,-0.0016777471173554659,0.957674503326416,,,,,,,,
train_epoch_end,277,30193,0.2290412336587906,0.057495489716529846,0.011589692905545235,0.02572004869580269,0.06573662906885147,0.07990643382072449,0.01781287044286728,0.058242715895175934,0.003926871344447136,0.042733222246170044,0.05457347258925438,0.0,10266.33984375,0.2290412336587906,1.0404062271118164,-0.01219910103827715,0.9611630439758301,,,,,,,,
train_epoch_end,278,30302,0.24864701926708221,0.060873471200466156,0.016881614923477173,0.024335451424121857,0.06810404360294342,0.11806584894657135,0.013940077275037766,0.08255359530448914,0.004739813506603241,0.036492377519607544,0.059013571590185165,0.0,12741.98046875,0.24864701926708221,1.0419878959655762,0.011020802892744541,0.9597040414810181,,,,,,,,
train_epoch_end,279,30411,0.2866401672363281,0.07207301259040833,0.022621862590312958,0.017715007066726685,0.11372873187065125,0.17713378369808197,0.010227922350168228,0.145610049366951,0.002419754397124052,0.02469988539814949,0.03322022780776024,0.0,8832.544921875,0.2866401672363281,1.051261305809021,-0.003601950127631426,0.9512382745742798,,,,,,,,
validation_end,280,30520,,,,,,,,,,,,,,,1.0526176691055298,-0.010500546544790268,0.9500125646591187,28.187807083129883,0.9198133945465088,110.01614379882812,0.2365298867225647,28.187807083129883,0.9198133945465088,110.01614379882812,0.2365298867225647
train_epoch_end,280,30520,0.21434786915779114,0.056372616440057755,0.011343189515173435,0.021555699408054352,0.06904956698417664,0.1155061349272728,0.012672463431954384,0.07493861019611359,0.004158944357186556,0.027057848870754242,0.05158482491970062,0.0,11865.794921875,0.21434786915779114,1.0526176691055298,-0.010500546544790268,0.9500125646591187,,,,,,,,
train_epoch_end,281,30629,0.23693421483039856,0.07281669974327087,0.012273594737052917,0.03341494873166084,0.08101188391447067,0.12403930723667145,0.014705797657370567,0.10440969467163086,0.003905655350536108,0.015537422150373459,0.050273045897483826,0.0,12159.046875,0.23693421483039856,1.0449323654174805,-0.005797966383397579,0.9569997191429138,,,,,,,,
train_epoch_end,282,30738,0.20062097907066345,0.053935080766677856,0.011826536618173122,0.021442977711558342,0.05969621613621712,0.1133759468793869,0.013095286674797535,0.07403683662414551,0.004197660833597183,0.020839031785726547,0.056474700570106506,0.0,12654.662109375,0.20062097907066345,1.0546724796295166,-0.0026993940118700266,0.9481616616249084,,,,,,,,
train_epoch_end,283,30847,0.2767801284790039,0.07337833940982819,0.01851842552423477,0.022990919649600983,0.09521055221557617,0.18557514250278473,0.013590646907687187,0.13489682972431183,0.0045747701078653336,0.019037440419197083,0.05526208505034447,0.0,12039.7900390625,0.2767801284790039,1.0475239753723145,0.0031467764638364315,0.9546321034431458,,,,,,,,
train_epoch_end,284,30956,0.2944885194301605,0.07737963646650314,0.019264448434114456,0.03232131153345108,0.07984884828329086,0.16002479195594788,0.01711006835103035,0.12573343515396118,0.0050623733550310135,0.027766305953264236,0.07120837271213531,0.0,12978.369140625,0.2944885194301605,1.0420745611190796,0.011644682846963406,0.9596242308616638,,,,,,,,
train_epoch_end,285,31065,0.2946791350841522,0.07740531116724014,0.030952278524637222,0.026026897132396698,0.08371022343635559,0.19054117798805237,0.014634684659540653,0.15047895908355713,0.0038969204761087894,0.01913873292505741,0.053076282143592834,0.0,11351.412109375,0.2946791350841522,1.0385456085205078,-0.0018806254956871271,0.9628850221633911,,,,,,,,
train_epoch_end,286,31174,0.21955125033855438,0.060507938265800476,0.010889345780014992,0.02344449982047081,0.0782308503985405,0.11679087579250336,0.012417213059961796,0.089241161942482,0.0040422300808131695,0.020038999617099762,0.05420772731304169,0.0,12129.99609375,0.21955125033855438,1.0534976720809937,0.0008000537054613233,0.9492189884185791,,,,,,,,
train_epoch_end,287,31283,0.3031183183193207,0.07161059230566025,0.016524072736501694,0.024196065962314606,0.09258303046226501,0.1689264178276062,0.012980423867702484,0.12853017449378967,0.0039314329624176025,0.03643001243472099,0.055939413607120514,0.0,12201.212890625,0.3031183183193207,1.0536019802093506,-0.007815850898623466,0.9491249918937683,,,,,,,,
train_epoch_end,288,31392,0.20336571335792542,0.05932069942355156,0.014308255165815353,0.021521903574466705,0.09164741635322571,0.08724420517683029,0.01034182496368885,0.09369504451751709,0.0031850647646933794,0.013384360820055008,0.039518728852272034,0.0,10516.490234375,0.20336571335792542,1.0436327457427979,-0.0056418064050376415,0.958191454410553,,,,,,,,
train_epoch_end,289,31501,0.2671320140361786,0.06942479312419891,0.017171166837215424,0.025163721293210983,0.08502481877803802,0.1517573446035385,0.014145351015031338,0.11593087017536163,0.004945842083543539,0.02378075197339058,0.06472311168909073,0.0,13088.2353515625,0.2671320140361786,1.0471034049987793,-0.012719357386231422,0.9550155401229858,,,,,,,,
validation_end,290,31610,,,,,,,,,,,,,,,1.0446187257766724,-0.0001802870974643156,0.957287073135376,28.81913185119629,0.9221867322921753,108.61978912353516,0.23674605786800385,28.81913185119629,0.9221867322921753,108.61978912353516,0.23674605786800385
train_epoch_end,290,31610,0.24464501440525055,0.06423606723546982,0.018473632633686066,0.0248437337577343,0.06725967675447464,0.14859195053577423,0.012399248778820038,0.10524941235780716,0.004235085099935532,0.02254108153283596,0.05459228903055191,0.0,12194.2041015625,0.24464501440525055,1.0446187257766724,-0.0001802870974643156,0.957287073135376,,,,,,,,
train_epoch_end,291,31719,0.2776329517364502,0.07301507890224457,0.022677376866340637,0.0191568024456501,0.11239752173423767,0.17785581946372986,0.009215885773301125,0.15686044096946716,0.0026128492318093777,0.01367911510169506,0.034430477768182755,0.0,9178.71484375,0.2776329517364502,1.0398370027542114,-0.004539141897112131,0.9616891741752625,,,,,,,,
train_epoch_end,292,31828,0.24167616665363312,0.05668830871582031,0.015228213742375374,0.022697143256664276,0.06507642567157745,0.10720127820968628,0.012779497541487217,0.0755251795053482,0.003881398355588317,0.04139707237482071,0.04862428084015846,0.0,10631.076171875,0.24167616665363312,1.0502228736877441,-0.008834125474095345,0.9521788358688354,,,,,,,,
train_epoch_end,293,31937,0.23029205203056335,0.06375092267990112,0.015204575844109058,0.024095026776194572,0.07301825284957886,0.14358985424041748,0.01296481117606163,0.1033591479063034,0.004240378737449646,0.016276657581329346,0.05567534640431404,0.0,12469.4619140625,0.23029205203056335,1.0405776500701904,-0.0020325405057519674,0.9610046744346619,,,,,,,,
train_epoch_end,294,32046,0.2984315752983093,0.08653578162193298,0.018787458539009094,0.03749149292707443,0.09790204465389252,0.15810957551002502,0.016243813559412956,0.13924048840999603,0.004642907064408064,0.019260548055171967,0.06618022918701172,0.0,12946.24609375,0.2984315752983093,1.0427061319351196,-0.0030021583661437035,0.9590429663658142,,,,,,,,
train_epoch_end,295,32155,0.21570691466331482,0.06238270550966263,0.014355847612023354,0.025506405159831047,0.0810346007347107,0.10059648752212524,0.011876173317432404,0.09090029448270798,0.004113566130399704,0.016237225383520126,0.054253458976745605,0.0,12272.5361328125,0.21570691466331482,1.050782322883606,-0.0062917727045714855,0.9516718983650208,,,,,,,,
train_epoch_end,296,32264,0.28280800580978394,0.07411612570285797,0.020787980407476425,0.022804489359259605,0.09733173251152039,0.18575064837932587,0.012826547957956791,0.1440180093050003,0.004034926183521748,0.0182156041264534,0.053313691169023514,0.0,10879.3037109375,0.28280800580978394,1.0519294738769531,-0.003495938377454877,0.9506340622901917,,,,,,,,
train_epoch_end,297,32373,0.2837381362915039,0.07701855152845383,0.013919452205300331,0.03172190487384796,0.0912642627954483,0.15183642506599426,0.015268303453922272,0.12446310371160507,0.0047077639028429985,0.02503160573542118,0.06166427209973335,0.0,12069.4443359375,0.2837381362915039,1.04294753074646,0.0030517096165567636,0.9588209986686707,,,,,,,,
train_epoch_end,298,32482,0.2520790100097656,0.05995618551969528,0.015649180859327316,0.02748129330575466,0.051337674260139465,0.11878746002912521,0.015397729352116585,0.0728273093700409,0.004476676695048809,0.04220253974199295,0.06611758470535278,0.0,13884.345703125,0.2520790100097656,1.0432344675064087,-0.010482469573616982,0.9585573077201843,,,,,,,,
train_epoch_end,299,32591,0.28383302688598633,0.07459010928869247,0.019201038405299187,0.022306673228740692,0.1004830151796341,0.18718884885311127,0.014574144035577774,0.1401008665561676,0.0042568231001496315,0.02011636272072792,0.05324100703001022,0.0,11342.228515625,0.28383302688598633,1.0496455430984497,-0.003953755833208561,0.9527025818824768,,,,,,,,
validation_end,300,32700,,,,,,,,,,,,,,,1.0510470867156982,-0.004553853068500757,0.9514321684837341,30.194782257080078,0.9228375554084778,105.50897216796875,0.2298831343650818,30.194782257080078,0.9228375554084778,105.50897216796875,0.2298831343650818
train_epoch_end,300,32700,0.19643618166446686,0.05274118483066559,0.01218421384692192,0.021612852811813354,0.05954011157155037,0.10274188220500946,0.011692254804074764,0.0750110000371933,0.0043689534068107605,0.020105570554733276,0.05111919343471527,0.0,11324.091796875,0.19643618166446686,1.0510470867156982,-0.004553853068500757,0.9514321684837341,,,,,,,,
