event,epoch,global_step,phys_factor_vae/loss_total,phys_factor_vae/loss_factor,phys_factor_vae/loss_factor_e,phys_factor_vae/loss_factor_t,phys_factor_vae/loss_factor_r,phys_factor_vae/loss_factor_a,phys_factor_vae/loss_factor_b,phys_factor_vae/loss_phys,phys_factor_vae/loss_delta,phys_factor_vae/loss_img,phys_factor_vae/loss_edge,phys_factor_vae/loss_lpips,phys_factor_vae/loss_kl,loss_G,latent_std,latent_mean,latent_normalizer,AVIID_val/PSNR,AVIID_val/SSIM,AVIID_val/FID,AVIID_val/LPIPS,val_all/PSNR,val_all/SSIM,val_all/FID,val_all/LPIPS
train_epoch_end,1,151,1.021221399307251,0.6486527919769287,0.3307459056377411,0.4305283725261688,0.4438589811325073,0.08870764076709747,0.062409549951553345,0.07309237122535706,0.005276244133710861,0.08871277421712875,0.2062474638223648,0.59765625,5459.0576171875,1.021221399307251,,,,,,,,,,,
train_epoch_end,2,302,0.45137903094291687,0.12413635104894638,0.054627951234579086,0.08969928324222565,0.02751203253865242,0.009999683126807213,0.05160841345787048,0.0737348347902298,0.003994702827185392,0.07480582594871521,0.14565107226371765,0.552734375,8221.3759765625,0.45137903094291687,1.451310157775879,-0.3498580753803253,0.6890326142311096,,,,,,,,
train_epoch_end,3,453,0.4108387529850006,0.10198746621608734,0.04325094819068909,0.07155093550682068,0.024123208597302437,0.023978769779205322,0.044780440628528595,0.03858325630426407,0.0038674152456223965,0.08764128386974335,0.13112302124500275,0.50390625,7952.7509765625,0.4108387529850006,1.426066279411316,-0.2919501066207886,0.7012296915054321,,,,,,,,
train_epoch_end,4,604,0.39710763096809387,0.09775599837303162,0.042801544070243835,0.06878191232681274,0.015193987637758255,0.027292292565107346,0.046983882784843445,0.044907499104738235,0.004507673904299736,0.07858578860759735,0.15221023559570312,0.461669921875,8539.2421875,0.39710763096809387,1.4016731977462769,-0.2688015103340149,0.7134330868721008,,,,,,,,
train_epoch_end,5,755,0.304616242647171,0.07427183538675308,0.0318453311920166,0.04906290024518967,0.014524079859256744,0.029525354504585266,0.04265618324279785,0.04515870288014412,0.004045995883643627,0.04874957352876663,0.13162380456924438,0.4150390625,9230.7060546875,0.304616242647171,1.3439559936523438,-0.21648694574832916,0.7440719604492188,,,,,,,,
train_epoch_end,6,906,0.2942065894603729,0.06658300012350082,0.02804126963019371,0.04390797019004822,0.010879000648856163,0.033100634813308716,0.038539592176675797,0.04009486362338066,0.0044006165117025375,0.04884691908955574,0.1348457932472229,0.4169921875,10035.810546875,0.2942065894603729,1.2978439331054688,-0.16548994183540344,0.7705086469650269,,,,,,,,
train_epoch_end,7,1057,0.27736175060272217,0.0618910938501358,0.02231929823756218,0.04096327722072601,0.009921157732605934,0.03818156570196152,0.036198168992996216,0.04691961780190468,0.00430428609251976,0.04152652621269226,0.1295764148235321,0.39013671875,9798.13671875,0.27736175060272217,1.2569997310638428,-0.1355917900800705,0.7955451011657715,,,,,,,,
train_epoch_end,8,1208,0.29549363255500793,0.07219746708869934,0.03198909014463425,0.04836297780275345,0.012740150094032288,0.044251903891563416,0.032907962799072266,0.06054085120558739,0.003974025137722492,0.03983131796121597,0.12188370525836945,0.392578125,9402.134765625,0.29549363255500793,1.212083339691162,-0.10273072868585587,0.8250257968902588,,,,,,,,
train_epoch_end,9,1359,0.2627340853214264,0.06003618985414505,0.021299242973327637,0.03918517380952835,0.011293649673461914,0.04251042380928993,0.03380701690912247,0.04020516574382782,0.004120655823498964,0.04002385959029198,0.12538626790046692,0.366943359375,10295.6533203125,0.2627340853214264,1.1751656532287598,-0.08290541917085648,0.8509438633918762,,,,,,,,
validation_end,10,1510,,,,,,,,,,,,,,,1.1572697162628174,-0.07708071172237396,0.8641027808189392,24.76667594909668,0.7194122076034546,118.29045104980469,0.4052237272262573,24.76667594909668,0.7194122076034546,118.29045104980469,0.4052237272262573
train_epoch_end,10,1510,0.29322946071624756,0.07396745681762695,0.022059259936213493,0.051488541066646576,0.019550535827875137,0.03676286339759827,0.03360071778297424,0.05511292442679405,0.004567581228911877,0.03812270984053612,0.13540658354759216,0.39111328125,10360.896484375,0.29322946071624756,1.1572697162628174,-0.07708071172237396,0.8641027808189392,,,,,,,,
train_epoch_end,11,1661,0.28747665882110596,0.0652596652507782,0.020433735102415085,0.044735055416822433,0.012286515906453133,0.03506935015320778,0.03535043075680733,0.032176680862903595,0.004092917777597904,0.05474012345075607,0.12326820194721222,0.35302734375,10341.296875,0.28747665882110596,1.1026933193206787,-0.06754083186388016,0.9068704843521118,,,,,,,,
train_epoch_end,12,1812,0.279133141040802,0.064687080681324,0.01850886084139347,0.04307065159082413,0.018583955243229866,0.039468828588724136,0.033585358411073685,0.03880320489406586,0.004334686789661646,0.047018177807331085,0.12630772590637207,0.34716796875,10965.8984375,0.279133141040802,1.1153557300567627,-0.0703500509262085,0.8965749144554138,,,,,,,,
train_epoch_end,13,1963,0.2620980441570282,0.05570702999830246,0.022775201126933098,0.034904055297374725,0.009260153397917747,0.05073798820376396,0.030881337821483612,0.046616919338703156,0.004371968097984791,0.04000185430049896,0.1267247051000595,0.32763671875,10941.3701171875,0.2620980441570282,1.0837345123291016,-0.06333102285861969,0.9227352142333984,,,,,,,,
train_epoch_end,14,2114,0.27699264883995056,0.06584009528160095,0.02047624997794628,0.04390652850270271,0.01609174720942974,0.04953092336654663,0.0313538983464241,0.06014437973499298,0.004674179945141077,0.034814491868019104,0.13012348115444183,0.33251953125,10909.974609375,0.27699264883995056,1.087109088897705,-0.05773300677537918,0.919870913028717,,,,,,,,
train_epoch_end,15,2265,0.2447119951248169,0.05863100662827492,0.018786484375596046,0.0395393930375576,0.00982421450316906,0.04737746715545654,0.02880476787686348,0.05510297045111656,0.0041650207713246346,0.028196219354867935,0.11474182456731796,0.3056640625,11171.7578125,0.2447119951248169,1.0542019605636597,-0.05023700371384621,0.9485848546028137,,,,,,,,
train_epoch_end,16,2416,0.2586009204387665,0.05909346789121628,0.017795495688915253,0.039158593863248825,0.010949471965432167,0.04800322651863098,0.03179324418306351,0.049700915813446045,0.004534582607448101,0.0353388786315918,0.12740439176559448,0.31201171875,11538.880859375,0.2586009204387665,1.061898946762085,-0.05487608164548874,0.9417092204093933,,,,,,,,
train_epoch_end,17,2567,0.24556097388267517,0.05233914777636528,0.019796669483184814,0.033302418887615204,0.008852331899106503,0.05043993890285492,0.027321934700012207,0.04244884476065636,0.004105456173419952,0.0385822094976902,0.1091265082359314,0.305908203125,11627.59375,0.24556097388267517,1.0515904426574707,-0.049766454845666885,0.9509405493736267,,,,,,,,
train_epoch_end,18,2718,0.27051055431365967,0.06966646015644073,0.016912072896957397,0.04975002259016037,0.010903557762503624,0.06194865703582764,0.027070678770542145,0.07300539314746857,0.004195060580968857,0.0272204652428627,0.11048218607902527,0.2998046875,11598.6484375,0.27051055431365967,1.0463489294052124,-0.04461352899670601,0.9557041525840759,,,,,,,,
train_epoch_end,19,2869,0.227409228682518,0.05326271057128906,0.014612851664423943,0.03549044951796532,0.008576227352023125,0.05973942577838898,0.024004194885492325,0.05368879809975624,0.0038404720835387707,0.026045523583889008,0.09938254207372665,0.27978515625,11695.966796875,0.227409228682518,1.0375620126724243,-0.04165422543883324,0.9637978076934814,,,,,,,,
validation_end,20,3020,,,,,,,,,,,,,,,1.0450060367584229,-0.04847889021039009,0.9569322466850281,27.15532875061035,0.7918894290924072,85.34070587158203,0.2661859393119812,27.15532875061035,0.7918894290924072,85.34070587158203,0.2661859393119812
train_epoch_end,20,3020,0.23421064019203186,0.050364576280117035,0.014239039272069931,0.03289493918418884,0.009031768888235092,0.05449926108121872,0.024808041751384735,0.04633564129471779,0.004015307407826185,0.03334721177816391,0.1077146828174591,0.27734375,12131.537109375,0.23421064019203186,1.0450060367584229,-0.04847889021039009,0.9569322466850281,,,,,,,,
train_epoch_end,21,3171,0.2325264811515808,0.04931725561618805,0.016215495765209198,0.029017668217420578,0.015779223293066025,0.06143763288855553,0.024628575891256332,0.049489982426166534,0.0039135608822107315,0.03219287842512131,0.09957878291606903,0.28125,12403.2802734375,0.2325264811515808,1.028921127319336,-0.04587849602103233,0.9718918204307556,,,,,,,,
train_epoch_end,22,3322,0.23588114976882935,0.048789188265800476,0.015341285616159439,0.030316172167658806,0.00912600290030241,0.05995003506541252,0.025444744154810905,0.0380820706486702,0.0038419286720454693,0.04109805077314377,0.0957750529050827,0.26904296875,12126.845703125,0.23588114976882935,1.0367052555084229,-0.0398092083632946,0.964594304561615,,,,,,,,
train_epoch_end,23,3473,0.2353191077709198,0.0512414388358593,0.015569532290101051,0.0335310623049736,0.008652035146951675,0.0611608549952507,0.022155603393912315,0.04038369655609131,0.00408209441229701,0.03782902657985687,0.10172775387763977,0.2587890625,12642.986328125,0.2353191077709198,1.0370652675628662,-0.038029320538043976,0.9642594456672668,,,,,,,,
train_epoch_end,24,3624,0.2034616768360138,0.041224583983421326,0.011221225373446941,0.02458420768380165,0.010014954954385757,0.05966811999678612,0.021458078175783157,0.04157291352748871,0.0034671088214963675,0.02981516346335411,0.08264696598052979,0.2412109375,12780.8603515625,0.2034616768360138,1.034192442893982,-0.037730757147073746,0.9669380187988281,,,,,,,,
train_epoch_end,25,3775,0.24977733194828033,0.05625847354531288,0.013088284060359001,0.03736358508467674,0.01253354549407959,0.06424012035131454,0.02426166832447052,0.046769119799137115,0.0044003743678331375,0.03773253411054611,0.11050909757614136,0.26416015625,12844.0517578125,0.24977733194828033,1.0383503437042236,-0.03696981444954872,0.9630661010742188,,,,,,,,
train_epoch_end,26,3926,0.2357052117586136,0.05324132740497589,0.011874214746057987,0.03577030450105667,0.009076308459043503,0.057694509625434875,0.025855761021375656,0.05400752276182175,0.004353569820523262,0.028522435575723648,0.10879687964916229,0.271484375,12713.314453125,0.2357052117586136,1.0333389043807983,-0.034368857741355896,0.9677367210388184,,,,,,,,
train_epoch_end,27,4077,0.22304517030715942,0.048163462430238724,0.014661303721368313,0.030704868957400322,0.010368180461227894,0.05301261693239212,0.023599833250045776,0.0482356883585453,0.004527850076556206,0.02755451202392578,0.10735096037387848,0.2705078125,13117.583984375,0.22304517030715942,1.0432050228118896,-0.04284815862774849,0.9585843682289124,,,,,,,,
train_epoch_end,28,4228,0.21489933133125305,0.04395262151956558,0.011723927222192287,0.027311265468597412,0.007240768522024155,0.06624235957860947,0.021103788167238235,0.04461202025413513,0.0038853210862725973,0.03146310895681381,0.09131357818841934,0.23779296875,12921.5625,0.21489933133125305,1.0320048332214355,-0.03878354653716087,0.9689877033233643,,,,,,,,
train_epoch_end,29,4379,0.21571488678455353,0.05149687081575394,0.015548145398497581,0.03390982002019882,0.014742430299520493,0.04621553793549538,0.021571412682533264,0.036630794405937195,0.003924226388335228,0.03139768913388252,0.09406198561191559,0.2457275390625,12785.486328125,0.21571488678455353,1.0165197849273682,-0.03634057193994522,0.9837486743927002,,,,,,,,
validation_end,30,4530,,,,,,,,,,,,,,,1.015256643295288,-0.0375494658946991,0.9849725961685181,27.819652557373047,0.8274217247962952,65.33634948730469,0.22903135418891907,27.819652557373047,0.8274217247962952,65.33634948730469,0.22903135418891907
train_epoch_end,30,4530,0.21214228868484497,0.04954145848751068,0.01017685141414404,0.029682738706469536,0.019300099462270737,0.07294416427612305,0.020780257880687714,0.05380191653966904,0.0039883870631456375,0.022827016189694405,0.09281669557094574,0.2275390625,13201.466796875,0.21214228868484497,1.015256643295288,-0.0375494658946991,0.9849725961685181,,,,,,,,
train_epoch_end,31,4681,0.19889073073863983,0.04472973942756653,0.01008828915655613,0.028361894190311432,0.010178854689002037,0.062104977667331696,0.020362239331007004,0.04640518128871918,0.004145472310483456,0.022870127111673355,0.0907212644815445,0.21240234375,13949.529296875,0.19889073073863983,0.9995181560516357,-0.03642931953072548,1.0004820823669434,,,,,,,,
train_epoch_end,32,4832,0.20460005104541779,0.0534328818321228,0.009734819643199444,0.03865992650389671,0.008811602368950844,0.052779823541641235,0.01943344995379448,0.054239422082901,0.0036336062476038933,0.01912285014986992,0.08103494346141815,0.2156982421875,13213.787109375,0.20460005104541779,1.011304497718811,-0.034851863980293274,0.9888218641281128,,,,,,,,
train_epoch_end,33,4983,0.2298831194639206,0.05305052548646927,0.010557038709521294,0.03746580705046654,0.008692539297044277,0.05296686291694641,0.021902553737163544,0.05699244514107704,0.004350044298917055,0.027713194489479065,0.09566456824541092,0.2252197265625,13625.5888671875,0.2298831194639206,1.010704755783081,-0.03354857489466667,0.9894086122512817,,,,,,,,
train_epoch_end,34,5134,0.20944376289844513,0.04933220148086548,0.009660743176937103,0.032259948551654816,0.012377440929412842,0.06438428163528442,0.02049710787832737,0.05551978573203087,0.004291867837309837,0.020926583558321,0.090746209025383,0.21923828125,13833.296875,0.20944376289844513,1.0160259008407593,-0.036544639617204666,0.9842268824577332,,,,,,,,
train_epoch_end,35,5285,0.2148209661245346,0.04975409060716629,0.014699362218379974,0.03273210674524307,0.009874079376459122,0.05410395562648773,0.021872904151678085,0.051718540489673615,0.003888341598212719,0.025322098284959793,0.09026098251342773,0.2286376953125,13392.88671875,0.2148209661245346,1.0195728540420532,-0.036814119666814804,0.9808028936386108,,,,,,,,
train_epoch_end,36,5436,0.19935619831085205,0.04335157200694084,0.010078217834234238,0.028227463364601135,0.007232578471302986,0.05783004313707352,0.020053628832101822,0.04481726512312889,0.0038090874440968037,0.026920035481452942,0.08215545117855072,0.1903076171875,13971.6328125,0.19935619831085205,1.0272353887557983,-0.03850410506129265,0.9734867215156555,,,,,,,,
train_epoch_end,37,5587,0.22326841950416565,0.0550614669919014,0.01062856800854206,0.037048690021038055,0.015055147930979729,0.06674693524837494,0.01966862753033638,0.0605168417096138,0.00424154382199049,0.022015724331140518,0.09693437069654465,0.213134765625,13867.001953125,0.22326841950416565,1.027968406677246,-0.03529657423496246,0.9727925658226013,,,,,,,,
train_epoch_end,38,5738,0.19843041896820068,0.05143893137574196,0.0101602952927351,0.035942014306783676,0.011802718043327332,0.058576133102178574,0.01659420318901539,0.05753763020038605,0.0034699109382927418,0.018059000372886658,0.0705532357096672,0.18359375,13871.31640625,0.19843041896820068,1.020218849182129,-0.03148806467652321,0.980181872844696,,,,,,,,
train_epoch_end,39,5889,0.23614540696144104,0.044465117156505585,0.011955801397562027,0.026927541941404343,0.011141208931803703,0.06808522343635559,0.019819200038909912,0.04360954836010933,0.004359755665063858,0.04308496415615082,0.09389546513557434,0.2015380859375,13910.3193359375,0.23614540696144104,1.0233043432235718,-0.03227553889155388,0.9772263765335083,,,,,,,,
validation_end,40,6040,,,,,,,,,,,,,,,1.0231966972351074,-0.033533550798892975,0.9773291945457458,28.766494750976562,0.8654313683509827,56.957069396972656,0.20739461481571198,28.766494750976562,0.8654313683509827,56.957069396972656,0.20739461481571198
train_epoch_end,40,6040,0.18922127783298492,0.04457573965191841,0.01145458035171032,0.029285091906785965,0.009388819336891174,0.05514661222696304,0.018260542303323746,0.04873887449502945,0.003518739715218544,0.020769119262695312,0.07257107645273209,0.18896484375,13816.529296875,0.18922127783298492,1.0231966972351074,-0.033533550798892975,0.9773291945457458,,,,,,,,
train_epoch_end,41,6191,0.19817329943180084,0.04211509972810745,0.009810938499867916,0.02628202736377716,0.006353804841637611,0.07704411447048187,0.016349896788597107,0.04088061302900314,0.0034435936249792576,0.030770057812333107,0.07319171726703644,0.1824951171875,13646.439453125,0.19817329943180084,1.014142632484436,-0.03565232455730438,0.9860545992851257,,,,,,,,
train_epoch_end,42,6342,0.18538086116313934,0.04011278599500656,0.009622804820537567,0.024733368307352066,0.007440500892698765,0.06556461751461029,0.01822851225733757,0.04596962034702301,0.0038539841771125793,0.021275313571095467,0.07864458113908768,0.19482421875,13747.228515625,0.18538086116313934,1.0216830968856812,-0.028553305193781853,0.9787771105766296,,,,,,,,
train_epoch_end,43,6493,0.19655345380306244,0.040862828493118286,0.009891749359667301,0.0255871769040823,0.006607764400541782,0.06510177254676819,0.01856238767504692,0.0436021164059639,0.004066019784659147,0.027489960193634033,0.08020477741956711,0.1878662109375,14207.806640625,0.19655345380306244,1.022181510925293,-0.0288698747754097,0.9782998561859131,,,,,,,,
train_epoch_end,44,6644,0.19849267601966858,0.04232829064130783,0.012793034315109253,0.02641582489013672,0.007551522925496101,0.0582621693611145,0.02000044845044613,0.039790078997612,0.0038657840341329575,0.02925599180161953,0.08207347244024277,0.19677734375,13794.33203125,0.19849267601966858,1.0175384283065796,-0.029106149449944496,0.9827638864517212,,,,,,,,
train_epoch_end,45,6795,0.19276383519172668,0.03951336815953255,0.010290327481925488,0.024770690128207207,0.008670130744576454,0.051009178161621094,0.019606592133641243,0.041026338934898376,0.003630714025348425,0.028313856571912766,0.07718028128147125,0.1904296875,13627.685546875,0.19276383519172668,1.019050121307373,-0.03148264437913895,0.9813060164451599,,,,,,,,
train_epoch_end,46,6946,0.19273605942726135,0.04268455505371094,0.00964168831706047,0.026039673015475273,0.008078986778855324,0.07316718995571136,0.019591987133026123,0.052533019334077835,0.003793983953073621,0.021062593907117844,0.07797962427139282,0.18212890625,13885.427734375,0.19273605942726135,1.0170772075653076,-0.02982509322464466,0.9832095503807068,,,,,,,,
train_epoch_end,47,7097,0.1736850142478943,0.03865361586213112,0.008328109979629517,0.02270682342350483,0.012385204434394836,0.07018006592988968,0.015001834370195866,0.0468304380774498,0.003426680341362953,0.018685925751924515,0.06482812017202377,0.1690673828125,14288.6640625,0.1736850142478943,1.0120892524719238,-0.031160350888967514,0.9880551695823669,,,,,,,,
train_epoch_end,48,7248,0.1825426071882248,0.03782699629664421,0.009037903510034084,0.02227463200688362,0.007943670265376568,0.06332070380449295,0.019899612292647362,0.03776860982179642,0.003616887144744396,0.025930054485797882,0.0775538980960846,0.1806640625,14015.119140625,0.1825426071882248,1.0054851770401,-0.030634135007858276,0.9945447444915771,,,,,,,,
train_epoch_end,49,7399,0.2013082206249237,0.04306544363498688,0.012368733994662762,0.028847340494394302,0.00617987522855401,0.05052461475133896,0.018113959580659866,0.046197861433029175,0.004222560208290815,0.026229601353406906,0.08666983991861343,0.1949462890625,14194.951171875,0.2013082206249237,1.0033358335494995,-0.032379839569330215,0.9966752529144287,,,,,,,,
validation_end,50,7550,,,,,,,,,,,,,,,0.9949200749397278,-0.02898443676531315,1.0051058530807495,29.309246063232422,0.8771905899047852,46.78562927246094,0.18112781643867493,29.309246063232422,0.8771905899047852,46.78562927246094,0.18112781643867493
train_epoch_end,50,7550,0.1923004388809204,0.04325655847787857,0.01021723821759224,0.026073332875967026,0.01219537016004324,0.07132147252559662,0.01779172569513321,0.0467565543949604,0.004004818852990866,0.02347182109951973,0.07396650314331055,0.1827392578125,14567.201171875,0.1923004388809204,0.9949200749397278,-0.02898443676531315,1.0051058530807495,,,,,,,,
train_epoch_end,51,7701,0.18547844886779785,0.040387559682130814,0.008768556639552116,0.023856887593865395,0.008942387998104095,0.07596105337142944,0.018027326092123985,0.05353841930627823,0.004034705460071564,0.01902022212743759,0.0730806291103363,0.1722412109375,13979.96484375,0.18547844886779785,0.9884883165359497,-0.03108721412718296,1.011645793914795,,,,,,,,
train_epoch_end,52,7852,0.19990581274032593,0.04747065156698227,0.008549565449357033,0.031458981335163116,0.010099663399159908,0.06945625692605972,0.017614951357245445,0.05626501142978668,0.00406644819304347,0.019296549260616302,0.08011104166507721,0.1859130859375,14897.64453125,0.19990581274032593,0.9942798018455505,-0.0273177158087492,1.0057531595230103,,,,,,,,
train_epoch_end,53,8003,0.18814042210578918,0.03759001940488815,0.008471664041280746,0.023398298770189285,0.005496520083397627,0.06396263092756271,0.017213642597198486,0.04305986315011978,0.004170591477304697,0.02520766854286194,0.0813073068857193,0.176513671875,14923.359375,0.18814042210578918,0.9988186955451965,-0.030726097524166107,1.0011826753616333,,,,,,,,
train_epoch_end,54,8154,0.18987096846103668,0.04071134328842163,0.008294783532619476,0.024063602089881897,0.01182745210826397,0.0707176923751831,0.018181655555963516,0.04914865642786026,0.004084539599716663,0.020943252369761467,0.08232849091291428,0.1851806640625,14933.6328125,0.18987096846103668,0.9950067400932312,-0.028759079053997993,1.0050183534622192,,,,,,,,
train_epoch_end,55,8305,0.1704847812652588,0.035343121737241745,0.008429002948105335,0.02102651074528694,0.00740429200232029,0.06881612539291382,0.013906696811318398,0.04345731437206268,0.0034183720126748085,0.021291745826601982,0.06310433149337769,0.1552734375,14380.5703125,0.1704847812652588,0.9894924759864807,-0.025338543578982353,1.0106191635131836,,,,,,,,
train_epoch_end,56,8456,0.21778585016727448,0.05656455084681511,0.008199619129300117,0.04184288531541824,0.006356160622090101,0.07264202833175659,0.015274064615368843,0.07071533799171448,0.0038918934296816587,0.01923302561044693,0.06935961544513702,0.1663818359375,14176.02734375,0.21778585016727448,1.0002498626708984,-0.028858905658125877,0.9997501969337463,,,,,,,,
train_epoch_end,57,8607,0.1944766789674759,0.03873910754919052,0.00986570306122303,0.024871626868844032,0.0056654708459973335,0.06100841611623764,0.015535378828644753,0.03415718674659729,0.0038743934128433466,0.034380003809928894,0.07163774222135544,0.1644287109375,14587.5693359375,0.1944766789674759,1.0034452676773071,-0.029330821707844734,0.9965665340423584,,,,,,,,
train_epoch_end,58,8758,0.18978403508663177,0.04530689865350723,0.011758345179259777,0.03096720762550831,0.011763611808419228,0.04518238455057144,0.01576385088264942,0.044542163610458374,0.0041690124198794365,0.0231330469250679,0.07542391121387482,0.157470703125,14896.8193359375,0.18978403508663177,1.005747675895691,-0.026987770572304726,0.9942851662635803,,,,,,,,
train_epoch_end,59,8909,0.17879436910152435,0.03629433363676071,0.008546248078346252,0.02191595733165741,0.0061831180937588215,0.06451894342899323,0.01697656512260437,0.04284024238586426,0.003907524514943361,0.023197025060653687,0.07450813800096512,0.1593017578125,14801.0078125,0.17879436910152435,1.008117914199829,-0.02810811996459961,0.9919474720954895,,,,,,,,
validation_end,60,9060,,,,,,,,,,,,,,,1.0150606632232666,-0.024412844330072403,0.9851627945899963,29.274879455566406,0.8782639503479004,39.30503845214844,0.16907554864883423,29.274879455566406,0.8782639503479004,39.30503845214844,0.16907554864883423
train_epoch_end,60,9060,0.1772671341896057,0.03927396982908249,0.010469164699316025,0.025147819891572,0.0064755938947200775,0.06155441701412201,0.014938068576157093,0.04435490071773529,0.003913259599357843,0.02104960009455681,0.06796835362911224,0.16162109375,14474.658203125,0.1772671341896057,1.0150606632232666,-0.024412844330072403,0.9851627945899963,,,,,,,,
train_epoch_end,61,9211,0.18718494474887848,0.037725284695625305,0.01313075888901949,0.022540057078003883,0.006507421378046274,0.06483989208936691,0.01516677439212799,0.04383312910795212,0.0038681423757225275,0.026370862498879433,0.07241610437631607,0.16015625,14890.9091796875,0.18718494474887848,1.0041236877441406,-0.026516275480389595,0.9958932399749756,,,,,,,,
train_epoch_end,62,9362,0.15617504715919495,0.034604012966156006,0.007713773287832737,0.02080516517162323,0.007920329459011555,0.06382337957620621,0.014031927101314068,0.04190248250961304,0.003399707842618227,0.01574552245438099,0.05997812747955322,0.14892578125,14890.681640625,0.15617504715919495,1.0141119956970215,-0.025660786777734756,0.9860844016075134,,,,,,,,
train_epoch_end,63,9513,0.17561447620391846,0.034911010414361954,0.011615877039730549,0.018744532018899918,0.010684299282729626,0.0657273679971695,0.01607479155063629,0.038966044783592224,0.003780442988499999,0.025230681523680687,0.06533250957727432,0.1632080078125,14835.5869140625,0.17561447620391846,1.0157984495162964,-0.025763781741261482,0.9844472408294678,,,,,,,,
train_epoch_end,64,9664,0.18992088735103607,0.042168520390987396,0.010577458888292313,0.025919197127223015,0.01429049577564001,0.0604090690612793,0.015965694561600685,0.04584397003054619,0.00412487518042326,0.024454105645418167,0.07092301547527313,0.1658935546875,14558.2529296875,0.18992088735103607,1.0139318704605103,-0.025267481803894043,0.9862595796585083,,,,,,,,
train_epoch_end,65,9815,0.17055246233940125,0.0304014440625906,0.007504153996706009,0.016889438033103943,0.009664451703429222,0.05866239592432976,0.013414462096989155,0.03565489873290062,0.0036566106136888266,0.028164420276880264,0.06022759899497032,0.148193359375,14637.486328125,0.17055246233940125,1.0139378309249878,-0.025928111746907234,0.9862537384033203,,,,,,,,
train_epoch_end,66,9966,0.18781539797782898,0.039990585297346115,0.011378951370716095,0.024973269551992416,0.010460734367370605,0.05724158138036728,0.015332946553826332,0.04776069521903992,0.003992277197539806,0.02285889908671379,0.07628151774406433,0.161376953125,15139.8525390625,0.18781539797782898,1.020107626914978,-0.025062618777155876,0.9802887439727783,,,,,,,,
train_epoch_end,67,10117,0.17669835686683655,0.03447357937693596,0.007367956917732954,0.01976168155670166,0.006620311643928289,0.07459549605846405,0.015021124854683876,0.043287649750709534,0.0037562628276646137,0.02424672059714794,0.06585197895765305,0.1474609375,15476.814453125,0.17669835686683655,1.0180646181106567,-0.027546949684619904,0.9822559356689453,,,,,,,,
train_epoch_end,68,10268,0.20219746232032776,0.03694644570350647,0.010310545563697815,0.02275354228913784,0.005708375945687294,0.06479465961456299,0.014834839850664139,0.037926338613033295,0.003954259213060141,0.03824256733059883,0.06801673769950867,0.1485595703125,15026.6630859375,0.20219746232032776,1.011142373085022,-0.02378455176949501,0.9889804124832153,,,,,,,,
train_epoch_end,69,10419,0.17483823001384735,0.0369279645383358,0.007882745936512947,0.02238069474697113,0.00496670650318265,0.0772951990365982,0.014421558007597923,0.052128084003925323,0.0039061917923390865,0.018000464886426926,0.06738636642694473,0.13427734375,15600.7255859375,0.17483823001384735,1.0152387619018555,-0.025920413434505463,0.9849900007247925,,,,,,,,
validation_end,70,10570,,,,,,,,,,,,,,,1.0209829807281494,-0.026280367746949196,0.9794482588768005,31.7432804107666,0.908675491809845,38.67428207397461,0.14599472284317017,31.7432804107666,0.908675491809845,38.67428207397461,0.14599472284317017
train_epoch_end,70,10570,0.17380279302597046,0.03796600550413132,0.00863058865070343,0.021318618208169937,0.012412089854478836,0.08139072358608246,0.012990577146410942,0.050716180354356766,0.0030608070082962513,0.020997237414121628,0.05077638477087021,0.1268310546875,14691.17578125,0.17380279302597046,1.0209829807281494,-0.026280367746949196,0.9794482588768005,,,,,,,,
train_epoch_end,71,10721,0.17890974879264832,0.04270629212260246,0.007529260590672493,0.02569686621427536,0.012235617265105247,0.08319935947656631,0.014993084594607353,0.05974730849266052,0.0031111291609704494,0.015065477229654789,0.05803295969963074,0.137939453125,14911.861328125,0.17890974879264832,1.0100294351577759,-0.02424583211541176,0.9900701642036438,,,,,,,,
train_epoch_end,72,10872,0.1645774245262146,0.03575480729341507,0.007854491472244263,0.02095738798379898,0.008730174973607063,0.07472454011440277,0.01271519623696804,0.04930693656206131,0.0034538586623966694,0.016394617035984993,0.05908965319395065,0.1346435546875,15034.294921875,0.1645774245262146,1.0266929864883423,-0.02466350607573986,0.9740009903907776,,,,,,,,
train_epoch_end,73,11023,0.15951643884181976,0.033097513020038605,0.007270137779414654,0.018036916851997375,0.0070489635691046715,0.08320216834545135,0.01264241524040699,0.05028628185391426,0.0033754929900169373,0.015839748084545135,0.0521356500685215,0.1307373046875,14966.9521484375,0.15951643884181976,1.0247334241867065,-0.02383672073483467,0.9758635759353638,,,,,,,,
train_epoch_end,74,11174,0.18932390213012695,0.037589751183986664,0.010051975958049297,0.022151648998260498,0.006332791410386562,0.07675888389348984,0.014664076268672943,0.046873193234205246,0.003600484924390912,0.028655555099248886,0.06028882414102554,0.1441650390625,14457.603515625,0.18932390213012695,1.0176624059677124,-0.02424708567559719,0.9826441407203674,,,,,,,,
train_epoch_end,75,11325,0.15944036841392517,0.0329536497592926,0.007085000164806843,0.01822124980390072,0.010119489394128323,0.07033899426460266,0.013589506968855858,0.04369841516017914,0.0037179761566221714,0.01820043846964836,0.0581175722181797,0.1224365234375,15894.8671875,0.15944036841392517,1.0220708847045898,-0.02444818988442421,0.9784057140350342,,,,,,,,
train_epoch_end,76,11476,0.17431658506393433,0.032263804227113724,0.009832587093114853,0.016974415630102158,0.00638534827157855,0.07878439128398895,0.013425862416625023,0.04447347670793533,0.0035660823341459036,0.025715628638863564,0.059508152306079865,0.12347412109375,15360.5673828125,0.17431658506393433,1.0204943418502808,-0.02393396385014057,0.9799172282218933,,,,,,,,
train_epoch_end,77,11627,0.16545571386814117,0.03836154565215111,0.00632840720936656,0.023943200707435608,0.005829584319144487,0.08165604621171951,0.012852968648076057,0.055373817682266235,0.0034279702231287956,0.01355450227856636,0.052662450820207596,0.1243896484375,15581.8515625,0.16545571386814117,1.026192545890808,-0.024473154917359352,0.9744759798049927,,,,,,,,
train_epoch_end,78,11778,0.15195012092590332,0.03188333287835121,0.006122916471213102,0.018715811893343925,0.008568767458200455,0.06257529556751251,0.012948276475071907,0.04110034927725792,0.0040117972530424595,0.01573314145207405,0.05927150696516037,0.12359619140625,16310.8759765625,0.15195012092590332,1.0210427045822144,-0.02350623905658722,0.9793909788131714,,,,,,,,
train_epoch_end,79,11929,0.1562466323375702,0.029746195301413536,0.006978223565965891,0.015575863420963287,0.0070505086332559586,0.07642106711864471,0.012084169313311577,0.041808538138866425,0.0035212584771215916,0.019307848066091537,0.05465471372008324,0.133056640625,15585.599609375,0.1562466323375702,1.0290290117263794,-0.025336965918540955,0.9717898964881897,,,,,,,,
validation_end,80,12080,,,,,,,,,,,,,,,1.0216491222381592,-0.02227140963077545,0.978809654712677,31.989606857299805,0.915080726146698,33.80390167236328,0.12786129117012024,31.989606857299805,0.915080726146698,33.80390167236328,0.12786129117012024
train_epoch_end,80,12080,0.16755527257919312,0.03395173326134682,0.008878410793840885,0.018585460260510445,0.009821584448218346,0.07461829483509064,0.012917780317366123,0.04149194061756134,0.0036605759523808956,0.022283995524048805,0.06011451035737991,0.1373291015625,15121.498046875,0.16755527257919312,1.0216491222381592,-0.02227140963077545,0.978809654712677,,,,,,,,
train_epoch_end,81,12231,0.15276959538459778,0.031089121475815773,0.006024911068379879,0.018487632274627686,0.006072280928492546,0.06423494964838028,0.01261477917432785,0.04046783596277237,0.003522375598549843,0.01805201917886734,0.054967790842056274,0.123291015625,15515.1787109375,0.15276959538459778,1.0253424644470215,-0.024443598464131355,0.9752839207649231,,,,,,,,
train_epoch_end,82,12382,0.17645852267742157,0.034029293805360794,0.011478925123810768,0.017867878079414368,0.008961688727140427,0.07919685542583466,0.012526312842965126,0.0421014130115509,0.0033960272558033466,0.0278987567871809,0.05418310686945915,0.12158203125,15427.2509765625,0.17645852267742157,1.0297963619232178,-0.024183088913559914,0.9710657596588135,,,,,,,,
train_epoch_end,83,12533,0.17344987392425537,0.035525429993867874,0.006869235076010227,0.019609075039625168,0.014266741462051868,0.07330670952796936,0.01320676039904356,0.041870951652526855,0.0033791977912187576,0.0250089094042778,0.05795837938785553,0.1302490234375,15143.513671875,0.17344987392425537,1.0281565189361572,-0.022228041663765907,0.972614586353302,,,,,,,,
train_epoch_end,84,12684,0.17796577513217926,0.03954045847058296,0.007221123203635216,0.023463016375899315,0.01045987755060196,0.08164466172456741,0.013970896601676941,0.05475576967000961,0.003965998068451881,0.01768566481769085,0.06284773349761963,0.1314697265625,15474.8466796875,0.17796577513217926,1.0269917249679565,-0.02455640584230423,0.9737176895141602,,,,,,,,
train_epoch_end,85,12835,0.16866174340248108,0.03438509255647659,0.006202768534421921,0.019567467272281647,0.004854622762650251,0.08666439354419708,0.013547344133257866,0.05215549096465111,0.004042430780827999,0.01704424060881138,0.0631350427865982,0.1217041015625,16037.6123046875,0.16866174340248108,1.02915358543396,-0.024069340899586678,0.9716722965240479,,,,,,,,
train_epoch_end,86,12986,0.17092201113700867,0.0335526317358017,0.007462296634912491,0.01943003013730049,0.006410202477127314,0.06688635796308517,0.015863370150327682,0.04234510287642479,0.004112927243113518,0.02228502556681633,0.06721025705337524,0.13037109375,16500.0859375,0.17092201113700867,1.0273065567016602,-0.021938739344477654,0.9734192490577698,,,,,,,,
train_epoch_end,87,13137,0.16293267905712128,0.0314275398850441,0.007120308466255665,0.017127813771367073,0.006598412059247494,0.07628483325242996,0.012966250069439411,0.04288589209318161,0.0038766502402722836,0.021612536162137985,0.05690433457493782,0.11431884765625,15862.615234375,0.16293267905712128,1.0273839235305786,-0.022229067981243134,0.9733459949493408,,,,,,,,
train_epoch_end,88,13288,0.15846554934978485,0.03648673743009567,0.00718099158257246,0.023346923291683197,0.006715957075357437,0.06497438997030258,0.012672564014792442,0.047278814017772675,0.0038589751347899437,0.014364262111485004,0.05726488679647446,0.1201171875,15787.62109375,0.15846554934978485,1.0265454053878784,-0.022394632920622826,0.974141001701355,,,,,,,,
train_epoch_end,89,13439,0.16270212829113007,0.03563085198402405,0.006401038728654385,0.02071324735879898,0.008479909971356392,0.07979768514633179,0.01287040300667286,0.052184756845235825,0.0037016766145825386,0.01440754160284996,0.05621448904275894,0.12646484375,15666.5859375,0.16270212829113007,1.0247375965118408,-0.020192841067910194,0.9758595824241638,,,,,,,,
validation_end,90,13590,,,,,,,,,,,,,,,1.0257965326309204,-0.02229364402592182,0.9748522043228149,30.38422393798828,0.9174420833587646,33.14018249511719,0.11367668211460114,30.38422393798828,0.9174420833587646,33.14018249511719,0.11367668211460114
train_epoch_end,90,13590,0.15293660759925842,0.034576594829559326,0.006727571599185467,0.020311377942562103,0.008317731320858002,0.07070215046405792,0.013734701089560986,0.047821030020713806,0.003599169896915555,0.013661103323101997,0.05145735666155815,0.111328125,15621.99609375,0.15293660759925842,1.0257965326309204,-0.02229364402592182,0.9748522043228149,,,,,,,,
train_epoch_end,91,13741,0.17675179243087769,0.03357711061835289,0.0074206022545695305,0.020205795764923096,0.0058785900473594666,0.06856319308280945,0.012760789133608341,0.03841611370444298,0.0037283492274582386,0.028447281569242477,0.06326598674058914,0.13037109375,15280.525390625,0.17675179243087769,1.0252128839492798,-0.025561604648828506,0.9754071831703186,,,,,,,,
train_epoch_end,92,13892,0.1637897491455078,0.03664890676736832,0.006199693772941828,0.021414143964648247,0.006889237090945244,0.08446228504180908,0.014065200462937355,0.053868088871240616,0.0037016309797763824,0.0140547975897789,0.05712592601776123,0.114013671875,15781.7265625,0.1637897491455078,1.0308730602264404,-0.023291509598493576,0.9700515270233154,,,,,,,,
train_epoch_end,93,14043,0.15715882182121277,0.03018050827085972,0.007041195407509804,0.016440000385046005,0.008021839894354343,0.06809699535369873,0.012660198844969273,0.03772292658686638,0.003843253944069147,0.022291120141744614,0.057002536952495575,0.105712890625,16004.919921875,0.15715882182121277,1.027164101600647,-0.021572895348072052,0.973554253578186,,,,,,,,
train_epoch_end,94,14194,0.1524457484483719,0.030401648953557014,0.00708429329097271,0.017077738419175148,0.007120388559997082,0.06664074212312698,0.012434661388397217,0.03997267410159111,0.0038307243958115578,0.017785489559173584,0.05768038332462311,0.12384033203125,15867.1171875,0.1524457484483719,1.0290571451187134,-0.020797202363610268,0.9717633128166199,,,,,,,,
train_epoch_end,95,14345,0.16021031141281128,0.030109575018286705,0.007204961031675339,0.01650979369878769,0.005565471015870571,0.07416022568941116,0.011964595876634121,0.04488440975546837,0.0036988328211009502,0.020077817142009735,0.05454946309328079,0.118408203125,15883.673828125,0.16021031141281128,1.030320644378662,-0.02297481708228588,0.9705716371536255,,,,,,,,
train_epoch_end,96,14496,0.17662961781024933,0.034848444163799286,0.009015576913952827,0.020013783127069473,0.006612834520637989,0.07322806864976883,0.01441900059580803,0.04398327320814133,0.004415478557348251,0.023809764534235,0.06765448302030563,0.1295166015625,15894.5478515625,0.17662961781024933,1.0311322212219238,-0.019779661670327187,0.9698077440261841,,,,,,,,
train_epoch_end,97,14647,0.1661219298839569,0.03290523588657379,0.009159200824797153,0.019569508731365204,0.005481940694153309,0.06475026905536652,0.012801660224795341,0.03748650476336479,0.0039083207957446575,0.024114571511745453,0.061872657388448715,0.12353515625,15772.572265625,0.1661219298839569,1.028509259223938,-0.020720433443784714,0.9722809791564941,,,,,,,,
train_epoch_end,98,14798,0.15685229003429413,0.03323215991258621,0.006013314239680767,0.0189454834908247,0.007934816181659698,0.07646554708480835,0.012612356804311275,0.048186514526605606,0.004030168056488037,0.014738999307155609,0.05605950206518173,0.11602783203125,16306.26171875,0.15685229003429413,1.0281271934509277,-0.02135942131280899,0.9726423025131226,,,,,,,,
train_epoch_end,99,14949,0.1663634181022644,0.03584998473525047,0.006558881141245365,0.019918151199817657,0.008582953363656998,0.09216424822807312,0.011719807982444763,0.057704679667949677,0.0033883803989738226,0.014844811521470547,0.05272681638598442,0.11199951171875,15349.10546875,0.1663634181022644,1.0276093482971191,-0.019787853583693504,0.9731324315071106,,,,,,,,
validation_end,100,15100,,,,,,,,,,,,,,,1.0252690315246582,-0.021172892302274704,0.9753537774085999,32.540855407714844,0.9242992401123047,33.214439392089844,0.12091608345508575,32.540855407714844,0.9242992401123047,33.214439392089844,0.12091608345508575
train_epoch_end,100,15100,0.17488884925842285,0.033539701253175735,0.00923570804297924,0.016943490132689476,0.006464600563049316,0.09088847041130066,0.014329144731163979,0.05273270606994629,0.003520817495882511,0.022875860333442688,0.05218242108821869,0.11376953125,14922.8720703125,0.17488884925842285,1.0252690315246582,-0.021172892302274704,0.9753537774085999,,,,,,,,
train_epoch_end,101,15251,0.17177917063236237,0.03293374553322792,0.007498377002775669,0.01719616912305355,0.005797423422336578,0.09158815443515778,0.013019243255257607,0.0540052130818367,0.0037675178609788418,0.01971226930618286,0.05706457048654556,0.11444091796875,15937.912109375,0.17177917063236237,1.0287569761276245,-0.025912709534168243,0.9720468521118164,,,,,,,,
train_epoch_end,102,15402,0.16815412044525146,0.030423136427998543,0.005873575806617737,0.016620222479104996,0.004032602068036795,0.0841042548418045,0.01166377030313015,0.04613848775625229,0.003650523955002427,0.023378657177090645,0.05563616752624512,0.11614990234375,15663.6787109375,0.16815412044525146,1.0306998491287231,-0.018547266721725464,0.9702145457267761,,,,,,,,
train_epoch_end,103,15553,0.16472287476062775,0.03233920782804489,0.006436879280954599,0.018096035346388817,0.004191928543150425,0.08471184968948364,0.012459149584174156,0.05020107701420784,0.00385077903047204,0.017750417813658714,0.05850239098072052,0.1217041015625,16036.49609375,0.16472287476062775,1.028149962425232,-0.019890889525413513,0.9726207852363586,,,,,,,,
train_epoch_end,104,15704,0.14504656195640564,0.029113953933119774,0.006588021758943796,0.0147422906011343,0.010251733474433422,0.07383105158805847,0.011114484630525112,0.03988116234540939,0.0034167026169598103,0.017674539238214493,0.0460965558886528,0.09954833984375,15805.154296875,0.14504656195640564,1.0251363515853882,-0.021453147754073143,0.9754800200462341,,,,,,,,
train_epoch_end,105,15855,0.1605972796678543,0.03244168311357498,0.00895513966679573,0.01852661557495594,0.005256606265902519,0.07068943232297897,0.013172746635973454,0.0448947548866272,0.0036785746924579144,0.018581895157694817,0.05715804174542427,0.12396240234375,15731.1982421875,0.1605972796678543,1.0254603624343872,-0.021267442032694817,0.9751717448234558,,,,,,,,
train_epoch_end,106,16006,0.16085270047187805,0.035391051322221756,0.005747564602643251,0.023143459111452103,0.00432269461452961,0.06777221709489822,0.01181122288107872,0.047789059579372406,0.003922879230231047,0.015320279635488987,0.059710532426834106,0.1202392578125,16157.591796875,0.16085270047187805,1.0273874998092651,-0.020450735464692116,0.9733425974845886,,,,,,,,
train_epoch_end,107,16157,0.17327095568180084,0.03628595173358917,0.0069304597564041615,0.022322246804833412,0.0046704732812941074,0.0822112113237381,0.011369404383003712,0.03613096475601196,0.0036698344629257917,0.028280071914196014,0.054005786776542664,0.11572265625,15548.818359375,0.17327095568180084,1.0273414850234985,-0.019334329292178154,0.9733861684799194,,,,,,,,
train_epoch_end,108,16308,0.1532030701637268,0.028437752276659012,0.005255450494587421,0.014332525432109833,0.004632338881492615,0.08823676407337189,0.01123841106891632,0.04595599323511124,0.0034225534182041883,0.018915493041276932,0.04774171859025955,0.1031494140625,15305.4208984375,0.1532030701637268,1.0310769081115723,-0.02181338705122471,0.969859778881073,,,,,,,,
train_epoch_end,109,16459,0.14759330451488495,0.0285157710313797,0.00574344489723444,0.014157258905470371,0.008477669209241867,0.08082549273967743,0.010882731527090073,0.04401303827762604,0.003541456302627921,0.01628233678638935,0.04938030242919922,0.11151123046875,15459.115234375,0.14759330451488495,1.0259950160980225,-0.021319225430488586,0.9746636152267456,,,,,,,,
validation_end,110,16610,,,,,,,,,,,,,,,1.0294768810272217,-0.019950097426772118,0.9713671207427979,32.38913345336914,0.9277850985527039,28.809974670410156,0.10685179382562637,32.38913345336914,0.9277850985527039,28.809974670410156,0.10685179382562637
train_epoch_end,110,16610,0.15185634791851044,0.02830462157726288,0.007018167059868574,0.014761500060558319,0.004883505403995514,0.07701563835144043,0.011464559473097324,0.039332784712314606,0.003781176870688796,0.02091265469789505,0.050713472068309784,0.09722900390625,16214.234375,0.15185634791851044,1.0294768810272217,-0.019950097426772118,0.9713671207427979,,,,,,,,
train_epoch_end,111,16761,0.17915360629558563,0.03625522553920746,0.008407453075051308,0.020983271300792694,0.008585279807448387,0.07772605121135712,0.013004662469029427,0.04893808811903,0.0036680223420262337,0.02325964719057083,0.059576138854026794,0.1304931640625,15832.677734375,0.17915360629558563,1.0200239419937134,-0.020408784970641136,0.9803691506385803,,,,,,,,
train_epoch_end,112,16912,0.15371471643447876,0.028275199234485626,0.005834193434566259,0.015637589618563652,0.005534475669264793,0.06870058178901672,0.011701542884111404,0.037060417234897614,0.003915066365152597,0.021655552089214325,0.056800805032253265,0.10797119140625,16157.138671875,0.15371471643447876,1.029632329940796,-0.01810687966644764,0.9712204933166504,,,,,,,,
train_epoch_end,113,17063,0.15657563507556915,0.03479061648249626,0.007332555018365383,0.020724717527627945,0.006330033298581839,0.07155600190162659,0.013978606089949608,0.05082716792821884,0.003758803242817521,0.014053016901016235,0.05134860426187515,0.10748291015625,15506.037109375,0.15657563507556915,1.0249648094177246,-0.020981617271900177,0.9756432771682739,,,,,,,,
train_epoch_end,114,17214,0.15161876380443573,0.03115900605916977,0.005674130283296108,0.018150582909584045,0.006318505387753248,0.0732283890247345,0.010749701410531998,0.045999422669410706,0.0035479820799082518,0.015476894564926624,0.05288317799568176,0.1107177734375,15667.5078125,0.15161876380443573,1.0190107822418213,-0.01840585097670555,0.9813438653945923,,,,,,,,
train_epoch_end,115,17365,0.18023884296417236,0.045345455408096313,0.0066418275237083435,0.02852824330329895,0.015397103503346443,0.07930763065814972,0.013506852090358734,0.060181912034749985,0.004339377395808697,0.01423685997724533,0.057407669723033905,0.109619140625,16583.0078125,0.18023884296417236,1.0255283117294312,-0.021477945148944855,0.9751071333885193,,,,,,,,
train_epoch_end,116,17516,0.16329042613506317,0.034626301378011703,0.00679063331335783,0.01760515570640564,0.010727865621447563,0.10005517303943634,0.010544014163315296,0.06031917780637741,0.0031391228549182415,0.014039570465683937,0.047473177313804626,0.0994873046875,15309.6640625,0.16329042613506317,1.0283751487731934,-0.019395899027585983,0.9724077582359314,,,,,,,,
train_epoch_end,117,17667,0.1721411645412445,0.032104529440402985,0.005589085165411234,0.01762387715280056,0.007119764573872089,0.08081969618797302,0.012885883450508118,0.03907294571399689,0.004012214485555887,0.027052579447627068,0.05789731442928314,0.12078857421875,16294.6552734375,0.1721411645412445,1.0325818061828613,-0.019358601421117783,0.9684462547302246,,,,,,,,
train_epoch_end,118,17818,0.15236175060272217,0.02872871421277523,0.005208017770200968,0.016620444133877754,0.003593423403799534,0.07118812948465347,0.011156387627124786,0.0451975092291832,0.0038060061633586884,0.01789962872862816,0.051354024559259415,0.10308837890625,15684.4375,0.15236175060272217,1.0264527797698975,-0.01860162429511547,0.9742289185523987,,,,,,,,
train_epoch_end,119,17969,0.14584429562091827,0.029947765171527863,0.006500014569610357,0.01659790426492691,0.007787773385643959,0.07197576016187668,0.010321354493498802,0.04668458551168442,0.0036363950930535793,0.013324422761797905,0.04982323199510574,0.10546875,15927.0810546875,0.14584429562091827,1.0324474573135376,-0.020083066076040268,0.9685723185539246,,,,,,,,
validation_end,120,18120,,,,,,,,,,,,,,,1.0226165056228638,-0.018695537000894547,0.9778836965560913,31.887821197509766,0.9280276894569397,25.9502010345459,0.09100764244794846,31.887821197509766,0.9280276894569397,25.9502010345459,0.09100764244794846
train_epoch_end,120,18120,0.16710330545902252,0.03313670679926872,0.006479486357420683,0.017061185091733932,0.00942196324467659,0.08138881623744965,0.01584511250257492,0.047726769000291824,0.003958351910114288,0.019676242023706436,0.06054180860519409,0.1201171875,15784.8720703125,0.16710330545902252,1.0226165056228638,-0.018695537000894547,0.9778836965560913,,,,,,,,
train_epoch_end,121,18271,0.1382230818271637,0.029927492141723633,0.005943275056779385,0.016870714724063873,0.008146874606609344,0.06850242614746094,0.010735989548265934,0.040758222341537476,0.003698944579809904,0.013321665115654469,0.04615680128335953,0.09930419921875,15722.4208984375,0.1382230818271637,1.0177196264266968,-0.019433598965406418,0.9825888872146606,,,,,,,,
train_epoch_end,122,18422,0.1509844809770584,0.02781836688518524,0.0061735725030303,0.014578189700841904,0.006039326079189777,0.07274675369262695,0.011649099178612232,0.0368160754442215,0.0036113534588366747,0.020806800574064255,0.05353183671832085,0.1219482421875,15550.36328125,0.1509844809770584,1.0315911769866943,-0.021350273862481117,0.969376266002655,,,,,,,,
train_epoch_end,123,18573,0.15043380856513977,0.03043721616268158,0.00558583065867424,0.016208466142416,0.008310570381581783,0.08037127554416656,0.010870087891817093,0.04279165342450142,0.0035057151690125465,0.017913419753313065,0.047982655465602875,0.1046142578125,15416.8359375,0.15043380856513977,1.0264081954956055,-0.021811261773109436,0.9742712378501892,,,,,,,,
train_epoch_end,124,18724,0.16555039584636688,0.03278890997171402,0.006081948988139629,0.018660111352801323,0.005184570327401161,0.0828397125005722,0.012112797237932682,0.05290999263525009,0.00398166012018919,0.017538703978061676,0.05593273788690567,0.10791015625,16021.28515625,0.16555039584636688,1.0286561250686646,-0.01943492330610752,0.9721421599388123,,,,,,,,
train_epoch_end,125,18875,0.16337062418460846,0.03156466782093048,0.006176118738949299,0.01610540598630905,0.004111611749976873,0.09358192980289459,0.01411653682589531,0.04616061598062515,0.004069875460118055,0.020374052226543427,0.05609027296304703,0.10540771484375,16260.966796875,0.16337062418460846,1.0266532897949219,-0.019406959414482117,0.9740386605262756,,,,,,,,
train_epoch_end,126,19026,0.15734757483005524,0.032191675156354904,0.005981705151498318,0.016810599714517593,0.012282146140933037,0.0788504108786583,0.011720286682248116,0.04890180379152298,0.004195432644337416,0.01511530764400959,0.0572756826877594,0.11431884765625,16080.30078125,0.15734757483005524,1.025858759880066,-0.02090856432914734,0.9747930765151978,,,,,,,,
train_epoch_end,127,19177,0.1511896252632141,0.027669202536344528,0.005446982569992542,0.013218840584158897,0.0060562873259186745,0.09144187718629837,0.009721426293253899,0.04882030934095383,0.003184857778251171,0.018416542559862137,0.04138889163732529,0.09344482421875,14988.9384765625,0.1511896252632141,1.0287089347839355,-0.018996382132172585,0.9720922708511353,,,,,,,,
train_epoch_end,128,19328,0.15982265770435333,0.030756300315260887,0.007412676699459553,0.016000892966985703,0.007853924296796322,0.0829835832118988,0.010561591014266014,0.04417944699525833,0.003566964063793421,0.021268481388688087,0.051041919738054276,0.104736328125,15547.3505859375,0.15982265770435333,1.0195244550704956,-0.018201172351837158,0.9808494448661804,,,,,,,,
train_epoch_end,129,19479,0.15483735501766205,0.02890905551612377,0.00612261425703764,0.015244843438267708,0.004836360923945904,0.07950641214847565,0.011895311996340752,0.04077669233083725,0.004005910363048315,0.02082371711730957,0.05208203196525574,0.1065673828125,15819.4921875,0.15483735501766205,1.030527949333191,-0.019811304286122322,0.9703763723373413,,,,,,,,
validation_end,130,19630,,,,,,,,,,,,,,,1.0255661010742188,-0.019706083461642265,0.9750712513923645,32.6598014831543,0.9315531849861145,26.698875427246094,0.0919414833188057,32.6598014831543,0.9315531849861145,26.698875427246094,0.0919414833188057
train_epoch_end,130,19630,0.16902415454387665,0.03548341244459152,0.006671294569969177,0.019360695034265518,0.007722920272499323,0.09558019042015076,0.01186457835137844,0.05713530629873276,0.003960104659199715,0.015265570022165775,0.056345172226428986,0.1163330078125,16193.0771484375,0.16902415454387665,1.0255661010742188,-0.019706083461642265,0.9750712513923645,,,,,,,,
train_epoch_end,131,19781,0.1498781144618988,0.030787557363510132,0.005618132650852203,0.016202149912714958,0.008987784385681152,0.08010876178741455,0.011692211031913757,0.047706544399261475,0.00376554811373353,0.014774786308407784,0.050720978528261185,0.0968017578125,15706.935546875,0.1498781144618988,1.0218777656555176,-0.019803864881396294,0.9785906076431274,,,,,,,,
train_epoch_end,132,19932,0.16405360400676727,0.02882971242070198,0.005328225903213024,0.015006095170974731,0.004157086368650198,0.08439645916223526,0.012050572782754898,0.04605992138385773,0.0034665390849113464,0.023683540523052216,0.048897601664066315,0.10491943359375,15615.541015625,0.16405360400676727,1.0228917598724365,-0.016693120822310448,0.977620542049408,,,,,,,,
train_epoch_end,133,20083,0.144550159573555,0.03005337156355381,0.005255123134702444,0.016172364354133606,0.005274515133351088,0.08693496137857437,0.010220399126410484,0.050014667212963104,0.0035655968822538853,0.012480423785746098,0.04473547637462616,0.08599853515625,16173.482421875,0.144550159573555,1.0209295749664307,-0.01903533935546875,0.9794995188713074,,,,,,,,
train_epoch_end,134,20234,0.17001557350158691,0.03471061587333679,0.007079915143549442,0.021976029500365257,0.005318938288837671,0.06725405156612396,0.011637866497039795,0.02634851261973381,0.003939800895750523,0.032373812049627304,0.054067160934209824,0.10589599609375,16162.640625,0.17001557350158691,1.0233503580093384,-0.01981508359313011,0.9771824479103088,,,,,,,,
train_epoch_end,135,20385,0.1531849503517151,0.03358611464500427,0.005385812371969223,0.02024853602051735,0.008182709105312824,0.0724579244852066,0.010798625648021698,0.0477033331990242,0.0035922180395573378,0.01474485918879509,0.049921102821826935,0.10565185546875,15766.572265625,0.1531849503517151,1.0268135070800781,-0.018091030418872833,0.9738866686820984,,,,,,,,
train_epoch_end,136,20536,0.15400509536266327,0.03573983535170555,0.005410015117377043,0.0204981230199337,0.013216864317655563,0.08081607520580292,0.010013541206717491,0.055879443883895874,0.0034468257799744606,0.011443449184298515,0.04456784576177597,0.0965576171875,15251.330078125,0.15400509536266327,1.0312777757644653,-0.020925378426909447,0.969670832157135,,,,,,,,
train_epoch_end,137,20687,0.14445774257183075,0.02867462858557701,0.005650505423545837,0.014822321012616158,0.006525915581732988,0.0791865810751915,0.011558172293007374,0.044797562062740326,0.003405849216505885,0.015727274119853973,0.044897109270095825,0.09246826171875,15654.05859375,0.14445774257183075,1.0281860828399658,-0.0194378811866045,0.9725865721702576,,,,,,,,
train_epoch_end,138,20838,0.15265892446041107,0.029860680922865868,0.005156966391950846,0.015169313177466393,0.00804747361689806,0.08692072331905365,0.010792738758027554,0.04965803772211075,0.003273535054177046,0.01565667986869812,0.05006502568721771,0.10479736328125,15554.267578125,0.15265892446041107,1.0267333984375,-0.020845025777816772,0.973962664604187,,,,,,,,
train_epoch_end,139,20989,0.14530515670776367,0.027703547850251198,0.0074712554924190044,0.014048375189304352,0.0055412668734788895,0.07612498104572296,0.011158174835145473,0.04258653521537781,0.003817932214587927,0.01703742891550064,0.046240538358688354,0.0960693359375,15956.74609375,0.14530515670776367,1.0268471240997314,-0.018351301550865173,0.9738547801971436,,,,,,,,
validation_end,140,21140,,,,,,,,,,,,,,,1.0224711894989014,-0.017842642962932587,0.9780226945877075,32.22812271118164,0.931318998336792,24.87517547607422,0.0854039341211319,32.22812271118164,0.931318998336792,24.87517547607422,0.0854039341211319
train_epoch_end,140,21140,0.16365471482276917,0.03133086860179901,0.007283519487828016,0.015194267965853214,0.004102383274585009,0.10483098775148392,0.011228099465370178,0.05270349979400635,0.0038135822396725416,0.018450230360031128,0.05137569457292557,0.100341796875,16029.7265625,0.16365471482276917,1.0224711894989014,-0.017842642962932587,0.9780226945877075,,,,,,,,
train_epoch_end,141,21291,0.14203299582004547,0.027790488675236702,0.0053389063104987144,0.01414579339325428,0.004340963903814554,0.08800804615020752,0.009695695713162422,0.048002876341342926,0.0033131123054772615,0.014089133590459824,0.041557617485523224,0.08978271484375,15379.0595703125,0.14203299582004547,1.0189013481140137,-0.019581185653805733,0.9814493060112,,,,,,,,
train_epoch_end,142,21442,0.1570350080728531,0.029528845101594925,0.007222667336463928,0.015542922541499138,0.006177843082696199,0.07968740910291672,0.010668221861124039,0.03741220384836197,0.0037087597884237766,0.024792823940515518,0.04665004462003708,0.0987548828125,15264.6064453125,0.1570350080728531,1.0290940999984741,-0.01878855749964714,0.9717284440994263,,,,,,,,
train_epoch_end,143,21593,0.153476744890213,0.03527335450053215,0.005439999047666788,0.021401289850473404,0.008046896196901798,0.07720997929573059,0.011117368005216122,0.05177263170480728,0.004034038633108139,0.012240944430232048,0.048909109085798264,0.09735107421875,15952.4462890625,0.153476744890213,1.0225778818130493,-0.016083229333162308,0.977920651435852,,,,,,,,
train_epoch_end,144,21744,0.17270386219024658,0.040724825114011765,0.007181466091424227,0.02655157819390297,0.00824266579002142,0.07358624041080475,0.011834347620606422,0.0570676326751709,0.004074945580214262,0.015266025438904762,0.056333377957344055,0.10009765625,16211.3046875,0.17270386219024658,1.0240148305892944,-0.01883629523217678,0.9765483736991882,,,,,,,,
train_epoch_end,145,21895,0.13932082056999207,0.029459556564688683,0.005552372895181179,0.01490446925163269,0.01177542470395565,0.07695445418357849,0.010110764764249325,0.04440634697675705,0.003622965421527624,0.012912234291434288,0.044603295624256134,0.08758544921875,16098.1171875,0.13932082056999207,1.024349570274353,-0.018935007974505424,0.9762292504310608,,,,,,,,
train_epoch_end,146,22046,0.14494401216506958,0.03086576610803604,0.008085813373327255,0.017891233786940575,0.0062842220067977905,0.06648457050323486,0.010934274643659592,0.04465194791555405,0.003857579082250595,0.013865893706679344,0.0494694709777832,0.09637451171875,15833.6279296875,0.14494401216506958,1.029837727546692,-0.016424832865595818,0.9710267782211304,,,,,,,,
train_epoch_end,147,22197,0.1777014136314392,0.04051753506064415,0.008180572651326656,0.02409202791750431,0.008915821090340614,0.09260379523038864,0.011564117856323719,0.06719154119491577,0.00391727639362216,0.014069795608520508,0.04975927621126175,0.09466552734375,16027.5771484375,0.1777014136314392,1.0243886709213257,-0.0184092465788126,0.9761919975280762,,,,,,,,
train_epoch_end,148,22348,0.13929040729999542,0.027932889759540558,0.005770490970462561,0.013927570544183254,0.007199576124548912,0.08283211290836334,0.009918363764882088,0.04443017393350601,0.0035705938935279846,0.013367528095841408,0.04528525471687317,0.0985107421875,15450.828125,0.13929040729999542,1.0291872024536133,-0.017442207783460617,0.9716405272483826,,,,,,,,
train_epoch_end,149,22499,0.15399275720119476,0.029703782871365547,0.006064210552722216,0.01603032648563385,0.007714676670730114,0.07029043138027191,0.012798761017620564,0.03802751004695892,0.0037297699600458145,0.022224396467208862,0.05034470185637474,0.09735107421875,15761.6337890625,0.15399275720119476,1.0285401344299316,-0.018324220553040504,0.972251832485199,,,,,,,,
validation_end,150,22650,,,,,,,,,,,,,,,1.0226939916610718,-0.01790345273911953,0.9778096079826355,32.379974365234375,0.927983820438385,25.428773880004883,0.0806499719619751,32.379974365234375,0.927983820438385,25.428773880004883,0.0806499719619751
train_epoch_end,150,22650,0.15995906293392181,0.031066512688994408,0.005868158303201199,0.01649438962340355,0.0046548363752663136,0.08990983664989471,0.011801564134657383,0.052850350737571716,0.00404153810814023,0.016615649685263634,0.05113132297992706,0.10003662109375,15984.4052734375,0.15995906293392181,1.0226939916610718,-0.01790345273911953,0.9778096079826355,,,,,,,,
train_epoch_end,151,22801,0.15550179779529572,0.027904212474822998,0.009122632443904877,0.014421705156564713,0.005363829433917999,0.07039598375558853,0.011285169050097466,0.04110760986804962,0.003959881141781807,0.021838411688804626,0.05125439167022705,0.09844970703125,16197.7509765625,0.15550179779529572,1.0240707397460938,-0.018292751163244247,0.9764950275421143,,,,,,,,
train_epoch_end,152,22952,0.1532183289527893,0.029233399778604507,0.007429168093949556,0.016214489936828613,0.004626628011465073,0.07213439047336578,0.011166080832481384,0.0346723347902298,0.003952762112021446,0.023731790482997894,0.049968235194683075,0.09521484375,15882.7197265625,0.1532183289527893,1.021693468093872,-0.017690887674689293,0.9787671566009521,,,,,,,,
train_epoch_end,153,23103,0.14333327114582062,0.028554681688547134,0.005904520861804485,0.016152391210198402,0.0054832156747579575,0.06673632562160492,0.011526893824338913,0.04090067744255066,0.0036211847327649593,0.016345389187335968,0.048607148230075836,0.10028076171875,15389.140625,0.14333327114582062,1.0260496139526367,-0.017462484538555145,0.974611759185791,,,,,,,,
train_epoch_end,154,23254,0.1581888645887375,0.028922593221068382,0.005757665261626244,0.014677159488201141,0.00403108075261116,0.0897534042596817,0.011291613802313805,0.04431840032339096,0.00397142767906189,0.02163585275411606,0.04931101202964783,0.09228515625,16145.4248046875,0.1581888645887375,1.023321270942688,-0.018500277772545815,0.9772102236747742,,,,,,,,
train_epoch_end,155,23405,0.1426827609539032,0.027918558567762375,0.005548999644815922,0.013357029296457767,0.009003330022096634,0.08535976707935333,0.009549889713525772,0.050300922244787216,0.0030091125518083572,0.013731968589127064,0.040396109223365784,0.0908203125,14812.23046875,0.1426827609539032,1.0297459363937378,-0.019380677491426468,0.9711133241653442,,,,,,,,
train_epoch_end,156,23556,0.1465451717376709,0.028185121715068817,0.007995549589395523,0.014645503833889961,0.0049849217757582664,0.07716003060340881,0.010313984006643295,0.04370633512735367,0.003932545892894268,0.017020899802446365,0.04639379307627678,0.09710693359375,15368.7001953125,0.1465451717376709,1.0192337036132812,-0.01714319735765457,0.9811292290687561,,,,,,,,
train_epoch_end,157,23707,0.1511625200510025,0.029169347137212753,0.008454591035842896,0.014797186478972435,0.006167729385197163,0.07952556759119034,0.011056091636419296,0.04743880778551102,0.003573082387447357,0.017030028626322746,0.047966595739126205,0.0897216796875,15957.41796875,0.1511625200510025,1.0234458446502686,-0.01794903166592121,0.9770912528038025,,,,,,,,
train_epoch_end,158,23858,0.14962667226791382,0.030113007873296738,0.0044382354244589806,0.015320425853133202,0.009481767192482948,0.08904942125082016,0.00963056180626154,0.05297420173883438,0.0032972432672977448,0.01255342923104763,0.04642859846353531,0.1087646484375,15648.69140625,0.14962667226791382,1.0260977745056152,-0.018010973930358887,0.9745659828186035,,,,,,,,
train_epoch_end,159,24009,0.1376914232969284,0.02674885466694832,0.00621462520211935,0.01375129446387291,0.006624378263950348,0.06955389678478241,0.011329681612551212,0.038283783942461014,0.003811799455434084,0.015899624675512314,0.048103466629981995,0.09442138671875,15576.673828125,0.1376914232969284,1.0217596292495728,-0.01733907125890255,0.9787037968635559,,,,,,,,
validation_end,160,24160,,,,,,,,,,,,,,,1.0259391069412231,-0.02040991559624672,0.9747167229652405,34.14937210083008,0.9403181672096252,25.664255142211914,0.07664178311824799,34.14937210083008,0.9403181672096252,25.664255142211914,0.07664178311824799
train_epoch_end,160,24160,0.14775121212005615,0.02830958366394043,0.008058387786149979,0.013482670299708843,0.007105408702045679,0.08405116945505142,0.010523389093577862,0.04788213223218918,0.003862467361614108,0.015557779930531979,0.04657403752207756,0.0888671875,16049.71875,0.14775121212005615,1.0259391069412231,-0.02040991559624672,0.9747167229652405,,,,,,,,
train_epoch_end,161,24311,0.15519960224628448,0.030252577736973763,0.006279868073761463,0.014379583299160004,0.008334992453455925,0.09533454477787018,0.010743296705186367,0.053235843777656555,0.003952965140342712,0.015550453215837479,0.047883231192827225,0.0853271484375,16156.8349609375,0.15519960224628448,1.0162562131881714,-0.019147340208292007,0.9840038418769836,,,,,,,,
train_epoch_end,162,24462,0.15586310625076294,0.02927723154425621,0.004675635136663914,0.015147412195801735,0.005404205992817879,0.09002998471260071,0.010427448898553848,0.042729876935482025,0.0036611417308449745,0.021454714238643646,0.04736637324094772,0.09295654296875,16151.23828125,0.15586310625076294,1.0234674215316772,-0.019515665248036385,0.977070689201355,,,,,,,,
train_epoch_end,163,24613,0.16331472992897034,0.030305318534374237,0.00570033909752965,0.015564396977424622,0.005958917550742626,0.08950507640838623,0.011502403765916824,0.044499002397060394,0.003750001545995474,0.0233062282204628,0.05079924315214157,0.09674072265625,15774.0703125,0.16331472992897034,1.021338701248169,-0.01719728298485279,0.979107141494751,,,,,,,,
train_epoch_end,164,24764,0.1534716784954071,0.03118794970214367,0.0055337571538984776,0.01807994395494461,0.0047522555105388165,0.07548212260007858,0.011953159235417843,0.04466577246785164,0.004109748639166355,0.016290385276079178,0.056695081293582916,0.10406494140625,16347.169921875,0.1534716784954071,1.026860237121582,-0.016526255756616592,0.9738423824310303,,,,,,,,
train_epoch_end,165,24915,0.14788757264614105,0.030643876641988754,0.0054169707000255585,0.01722836308181286,0.004381703678518534,0.0827041044831276,0.010781745426356792,0.05369789898395538,0.0036461339332163334,0.012206044979393482,0.0445350706577301,0.08538818359375,15816.51171875,0.14788757264614105,1.0270164012908936,-0.01708349958062172,0.9736942648887634,,,,,,,,
train_epoch_end,166,25066,0.14891870319843292,0.032138191163539886,0.0053030457347631454,0.01844869926571846,0.0050805117934942245,0.08566896617412567,0.010106813162565231,0.055218614637851715,0.003708871314302087,0.01090291328728199,0.04567558318376541,0.08819580078125,15808.736328125,0.14891870319843292,1.0240352153778076,-0.017798908054828644,0.9765289425849915,,,,,,,,
train_epoch_end,167,25217,0.1436867117881775,0.03249247372150421,0.004610611125826836,0.018600277602672577,0.006734304130077362,0.08502492308616638,0.010213895700871944,0.054541852325201035,0.003014503512531519,0.009857156313955784,0.04029569402337074,0.0927734375,14572.2939453125,0.1436867117881775,1.0224262475967407,-0.017230834811925888,0.9780656695365906,,,,,,,,
train_epoch_end,168,25368,0.1509142965078354,0.03076496161520481,0.005545675288885832,0.017234068363904953,0.0053064171224832535,0.07974684983491898,0.01137273758649826,0.046899184584617615,0.0039993030950427055,0.014617396518588066,0.05368705093860626,0.1036376953125,16233.572265625,0.1509142965078354,1.0259780883789062,-0.017390210181474686,0.974679708480835,,,,,,,,
train_epoch_end,169,25519,0.17281508445739746,0.033653754740953445,0.00895959697663784,0.01964258775115013,0.0053726485930383205,0.06715580821037292,0.014850097708404064,0.031124085187911987,0.003964221104979515,0.031162980943918228,0.06158342957496643,0.105224609375,15830.279296875,0.17281508445739746,1.0222309827804565,-0.01857231743633747,0.9782524704933167,,,,,,,,
validation_end,170,25670,,,,,,,,,,,,,,,1.0225588083267212,-0.016767356544733047,0.9779388904571533,31.930377960205078,0.936284065246582,23.710023880004883,0.07708263397216797,31.930377960205078,0.936284065246582,23.710023880004883,0.07708263397216797
train_epoch_end,170,25670,0.15535849332809448,0.03418917953968048,0.006765512749552727,0.01991148479282856,0.008119523525238037,0.0775742158293724,0.011196048930287361,0.05187738686800003,0.003939365036785603,0.0133457500487566,0.051274944096803665,0.1011962890625,15725.740234375,0.15535849332809448,1.0225588083267212,-0.016767356544733047,0.9779388904571533,,,,,,,,
train_epoch_end,171,25821,0.14831821620464325,0.030024893581867218,0.005661190953105688,0.015574822202324867,0.0065546659752726555,0.08975502848625183,0.009682418778538704,0.053948938846588135,0.0035998248495161533,0.012501867488026619,0.04446988180279732,0.09051513671875,15574.8857421875,0.14831821620464325,1.0252985954284668,-0.021210802718997,0.9753256440162659,,,,,,,,
train_epoch_end,172,25972,0.1485641598701477,0.028978101909160614,0.005974713712930679,0.014703194610774517,0.004368504509329796,0.09145449101924896,0.010174613445997238,0.04685158282518387,0.003366036806255579,0.01648770272731781,0.046045493334531784,0.09674072265625,15207.5810546875,0.1485641598701477,1.0252630710601807,-0.0170889962464571,0.9753594398498535,,,,,,,,
train_epoch_end,173,26123,0.14902006089687347,0.028110429644584656,0.00605785520747304,0.014429464936256409,0.00391412852331996,0.08512812107801437,0.01070062443614006,0.04627234488725662,0.0034183808602392673,0.01711401157081127,0.04737833887338638,0.0911865234375,16029.169921875,0.14902006089687347,1.0198496580123901,-0.016482660546898842,0.980536699295044,,,,,,,,
train_epoch_end,174,26274,0.15270821750164032,0.028219621628522873,0.004867759067565203,0.014196008443832397,0.0074616773054003716,0.082042396068573,0.010948063805699348,0.038996875286102295,0.0036821947433054447,0.022248592227697372,0.047144338488578796,0.09619140625,15905.5927734375,0.15270821750164032,1.0262343883514404,-0.018561499193310738,0.9744362831115723,,,,,,,,
train_epoch_end,175,26425,0.1503382921218872,0.028439708054065704,0.009307842701673508,0.014974537305533886,0.008399734273552895,0.0636432096362114,0.010695824399590492,0.03600919619202614,0.0033183065243065357,0.02279651165008545,0.04650704562664032,0.09820556640625,15532.255859375,0.1503382921218872,1.0246849060058594,-0.01829387992620468,0.9759097695350647,,,,,,,,
train_epoch_end,176,26576,0.13653473556041718,0.025775626301765442,0.004750683903694153,0.01180795393884182,0.008468600921332836,0.08439914882183075,0.008891750127077103,0.044581808149814606,0.003223325125873089,0.01447978150099516,0.0399882011115551,0.085693359375,15429.55078125,0.13653473556041718,1.0278685092926025,-0.01726149208843708,0.9728870987892151,,,,,,,,
train_epoch_end,177,26727,0.13608311116695404,0.028070174157619476,0.005103714764118195,0.014872165396809578,0.005680413916707039,0.08092240244150162,0.009638950228691101,0.04441896080970764,0.003544499399140477,0.012182454578578472,0.04345575347542763,0.0894775390625,15871.341796875,0.13608311116695404,1.0269532203674316,-0.016994979232549667,0.9737541675567627,,,,,,,,
train_epoch_end,178,26878,0.1479966640472412,0.030966708436608315,0.006585159804672003,0.018517417833209038,0.00492470059543848,0.07025665789842606,0.010184640064835548,0.03917141631245613,0.003425789996981621,0.019545072689652443,0.04342661425471306,0.093017578125,15185.720703125,0.1479966640472412,1.0186039209365845,-0.017233191058039665,0.98173588514328,,,,,,,,
train_epoch_end,179,27029,0.14841437339782715,0.0303941797465086,0.006502920761704445,0.01594914123415947,0.01176663301885128,0.07225248217582703,0.010609601624310017,0.04721285030245781,0.003615844063460827,0.015868620947003365,0.046340689063072205,0.0867919921875,15186.830078125,0.14841437339782715,1.0196367502212524,-0.015454432927072048,0.9807414412498474,,,,,,,,
validation_end,180,27180,,,,,,,,,,,,,,,1.0295571088790894,-0.015141702257096767,0.9712914228439331,33.44974136352539,0.9382355213165283,23.1646728515625,0.06916254758834839,33.44974136352539,0.9382355213165283,23.1646728515625,0.06916254758834839
train_epoch_end,180,27180,0.14354506134986877,0.030283048748970032,0.004999849013984203,0.0176671352237463,0.0037573459558188915,0.07874102890491486,0.010210055857896805,0.046726711094379425,0.0035839076153934,0.012946739792823792,0.04826141148805618,0.09149169921875,15844.9052734375,0.14354506134986877,1.0295571088790894,-0.015141702257096767,0.9712914228439331,,,,,,,,
train_epoch_end,181,27331,0.14233945310115814,0.028158992528915405,0.005465532187372446,0.013704616576433182,0.009937298484146595,0.08225474506616592,0.009512774646282196,0.03701018542051315,0.003507775254547596,0.019942138344049454,0.042518213391304016,0.0762939453125,15519.279296875,0.14233945310115814,1.0185353755950928,-0.018561186268925667,0.9818019270896912,,,,,,,,
train_epoch_end,182,27482,0.14179491996765137,0.026848381385207176,0.005283644888550043,0.014732609502971172,0.004637757316231728,0.0704786628484726,0.010350219905376434,0.0374179482460022,0.0036694593727588654,0.018781080842018127,0.046448398381471634,0.09375,15308.33203125,0.14179491996765137,1.0208402872085571,-0.016618948429822922,0.9795851707458496,,,,,,,,
train_epoch_end,183,27633,0.1484745442867279,0.028437642380595207,0.00828624702990055,0.014167445711791515,0.0072931996546685696,0.07903175055980682,0.009888635948300362,0.03830781206488609,0.0033835675567388535,0.02097381465137005,0.04545726627111435,0.09716796875,15313.712890625,0.1484745442867279,1.026977777481079,-0.01668705604970455,0.9737309217453003,,,,,,,,
train_epoch_end,184,27784,0.14271201193332672,0.026311537250876427,0.0052934917621314526,0.012702381238341331,0.006225168704986572,0.08198738843202591,0.010123005136847496,0.042770396918058395,0.003326121484860778,0.016766095533967018,0.04609927907586098,0.09698486328125,15550.0,0.14271201193332672,1.0247989892959595,-0.0189070962369442,0.9758011102676392,,,,,,,,
train_epoch_end,185,27935,0.15582320094108582,0.029053427278995514,0.005597176030278206,0.017606228590011597,0.003187408670783043,0.06912021338939667,0.009356124326586723,0.03236525505781174,0.0033872302155941725,0.028091222047805786,0.04228401184082031,0.0850830078125,15757.0771484375,0.15582320094108582,1.0230493545532227,-0.01788518950343132,0.9774699211120605,,,,,,,,
train_epoch_end,186,28086,0.15302211046218872,0.027512960135936737,0.006218368653208017,0.014115584082901478,0.0029118526726961136,0.08454619348049164,0.010640796273946762,0.04488721489906311,0.0037845601327717304,0.019861426204442978,0.04871973395347595,0.090576171875,15878.4921875,0.15302211046218872,1.0213559865951538,-0.016658274456858635,0.9790905714035034,,,,,,,,
train_epoch_end,187,28237,0.1396554708480835,0.02808171883225441,0.005540377460420132,0.014914849773049355,0.004354728385806084,0.08064602315425873,0.010513960383832455,0.04103763401508331,0.003990926779806614,0.015151984989643097,0.04661986976861954,0.0828857421875,16300.73046875,0.1396554708480835,1.0267707109451294,-0.01635873317718506,0.9739272594451904,,,,,,,,
train_epoch_end,188,28388,0.15019990503787994,0.030061282217502594,0.0049233026802539825,0.015723533928394318,0.005903525743633509,0.08928534388542175,0.01081003062427044,0.04888647049665451,0.004025003872811794,0.014982041902840137,0.04892843961715698,0.085693359375,16463.14453125,0.15019990503787994,1.0212156772613525,-0.017582640051841736,0.9792250990867615,,,,,,,,
train_epoch_end,189,28539,0.1335962414741516,0.02720867097377777,0.006871325895190239,0.01351917814463377,0.004955192096531391,0.07637812942266464,0.012380195781588554,0.04128182679414749,0.0035175252705812454,0.01299082487821579,0.044447824358940125,0.091552734375,15339.3515625,0.1335962414741516,1.0221220254898071,-0.016047898679971695,0.9783567786216736,,,,,,,,
validation_end,190,28690,,,,,,,,,,,,,,,1.0264204740524292,-0.016559017822146416,0.974259614944458,33.529083251953125,0.9432516694068909,21.86309051513672,0.06726910918951035,33.529083251953125,0.9432516694068909,21.86309051513672,0.06726910918951035
train_epoch_end,190,28690,0.13177375495433807,0.026494745165109634,0.00507343141362071,0.013527663424611092,0.006386568769812584,0.07845038175582886,0.009028173983097076,0.04447576776146889,0.0032829726114869118,0.01178806833922863,0.04066650569438934,0.08203125,15575.8955078125,0.13177375495433807,1.0264204740524292,-0.016559017822146416,0.974259614944458,,,,,,,,
train_epoch_end,191,28841,0.14024420082569122,0.028092537075281143,0.005517251323908567,0.013045255094766617,0.015473911538720131,0.07474888861179352,0.009298417717218399,0.0421016663312912,0.0033033997751772404,0.015568776987493038,0.04391925409436226,0.088623046875,15763.87109375,0.14024420082569122,1.0147218704223633,-0.017164146527647972,0.9854916930198669,,,,,,,,
train_epoch_end,192,28992,0.1451195627450943,0.02669854648411274,0.005438636522740126,0.01456519030034542,0.005778627470135689,0.06960925459861755,0.009472468867897987,0.0354970321059227,0.0033380568493157625,0.02139294147491455,0.04587070271372795,0.1036376953125,14971.654296875,0.1451195627450943,1.0233533382415771,-0.015948768705129623,0.9771795868873596,,,,,,,,
train_epoch_end,193,29143,0.1481906771659851,0.030546855181455612,0.00535979587584734,0.016769029200077057,0.004663735628128052,0.08819181472063065,0.009811046533286572,0.05246749892830849,0.0036971375811845064,0.012299273163080215,0.04564252495765686,0.09344482421875,16124.009765625,0.1481906771659851,1.0221781730651855,-0.016689160838723183,0.9783030152320862,,,,,,,,
train_epoch_end,194,29294,0.14710687100887299,0.028647530823946,0.005343243945389986,0.014312616549432278,0.005530394613742828,0.08989246189594269,0.010509029030799866,0.05226469039916992,0.003777747508138418,0.013080338016152382,0.04602059721946716,0.08544921875,16206.154296875,0.14710687100887299,1.0274916887283325,-0.017092347145080566,0.9732438921928406,,,,,,,,
train_epoch_end,195,29445,0.14457844197750092,0.027691636234521866,0.0049979896284639835,0.012584837153553963,0.005236105993390083,0.1033385619521141,0.008857673965394497,0.04815327376127243,0.0031713121570646763,0.016060147434473038,0.039969369769096375,0.0814208984375,15309.017578125,0.14457844197750092,1.0236737728118896,-0.01671750284731388,0.9768736958503723,,,,,,,,
train_epoch_end,196,29596,0.14105379581451416,0.027816638350486755,0.006715966854244471,0.014111045747995377,0.005516281817108393,0.08026892691850662,0.01048254780471325,0.04593069106340408,0.003967815078794956,0.01349983736872673,0.04666431248188019,0.08123779296875,16547.587890625,0.14105379581451416,1.0243884325027466,-0.01690267212688923,0.9761921763420105,,,,,,,,
train_epoch_end,197,29747,0.16235940158367157,0.03685808554291725,0.004829125478863716,0.019926253706216812,0.013448992744088173,0.09956209361553192,0.009624370373785496,0.061904098838567734,0.003507621120661497,0.012208495289087296,0.045238688588142395,0.08685302734375,15680.68359375,0.16235940158367157,1.0238206386566162,-0.015564323402941227,0.9767335653305054,,,,,,,,
train_epoch_end,198,29898,0.14971846342086792,0.035997822880744934,0.0042076692916452885,0.02209366485476494,0.013982919976115227,0.07116441428661346,0.008960279636085033,0.05400737002491951,0.0033236457966268063,0.010765912011265755,0.04264983534812927,0.08697509765625,15497.8291015625,0.14971846342086792,1.0173704624176025,-0.015595383942127228,0.9829261302947998,,,,,,,,
train_epoch_end,199,30049,0.15509700775146484,0.028471585363149643,0.005490421317517757,0.014142801985144615,0.006549378857016563,0.08773048222064972,0.010183144360780716,0.04680817201733589,0.0037481740582734346,0.019253268837928772,0.04935937374830246,0.093017578125,15922.466796875,0.15509700775146484,1.0232237577438354,-0.017304467037320137,0.9773033261299133,,,,,,,,
validation_end,200,30200,,,,,,,,,,,,,,,1.022300362586975,-0.016890382394194603,0.9781860709190369,34.51177215576172,0.9438877105712891,21.518484115600586,0.0648808628320694,34.51177215576172,0.9438877105712891,21.518484115600586,0.0648808628320694
train_epoch_end,200,30200,0.14498993754386902,0.02822745218873024,0.006254562642425299,0.014477269724011421,0.00498633086681366,0.08276243507862091,0.010654864832758904,0.04944922402501106,0.0034108366817235947,0.014168499037623405,0.04496808350086212,0.08685302734375,15641.150390625,0.14498993754386902,1.022300362586975,-0.016890382394194603,0.9781860709190369,,,,,,,,
train_epoch_end,201,30351,0.14759622514247894,0.029666297137737274,0.004878848325461149,0.016212917864322662,0.004615255631506443,0.08403530716896057,0.010705295950174332,0.0469813197851181,0.003851857502013445,0.014142402447760105,0.0515875443816185,0.0950927734375,16408.828125,0.14759622514247894,1.0129249095916748,-0.014540715143084526,0.9872400164604187,,,,,,,,
train_epoch_end,202,30502,0.1506630778312683,0.02818470075726509,0.004989473149180412,0.013200296089053154,0.008778266608715057,0.089897021651268,0.010211065411567688,0.048947080969810486,0.0037306295707821846,0.01684826985001564,0.04633643105626106,0.08636474609375,15883.5458984375,0.1506630778312683,1.0268930196762085,-0.016915058717131615,0.9738112688064575,,,,,,,,
train_epoch_end,203,30653,0.1364244967699051,0.028476998209953308,0.0049850353971123695,0.015562212094664574,0.005931367632001638,0.07685647904872894,0.010000143200159073,0.044691842049360275,0.003943862859159708,0.012376010417938232,0.043333422392606735,0.07958984375,15768.9609375,0.1364244967699051,1.0201687812805176,-0.015266031958162785,0.9802299737930298,,,,,,,,
train_epoch_end,204,30804,0.13100731372833252,0.026359466835856438,0.005062806885689497,0.014622852206230164,0.005371045786887407,0.06956695020198822,0.008685829117894173,0.04270309954881668,0.0032868911512196064,0.013189956545829773,0.03833630681037903,0.073486328125,15346.7578125,0.13100731372833252,1.022716999053955,-0.015703735873103142,0.9777876138687134,,,,,,,,
train_epoch_end,205,30955,0.14826424419879913,0.02989332005381584,0.004687268752604723,0.015533708035945892,0.004251989535987377,0.09629836678504944,0.009979842230677605,0.05729147419333458,0.003337336238473654,0.011657064780592918,0.041189879179000854,0.08782958984375,15349.0810546875,0.14826424419879913,1.0191084146499634,-0.014826258644461632,0.9812498688697815,,,,,,,,
train_epoch_end,206,31106,0.1469125747680664,0.02974008582532406,0.006524956785142422,0.016020596027374268,0.006406211759895086,0.07618957757949829,0.011470960453152657,0.047547586262226105,0.003906311001628637,0.01425967924296856,0.0494559183716774,0.08758544921875,16076.7119140625,0.1469125747680664,1.020506739616394,-0.016122957691550255,0.9799053072929382,,,,,,,,
train_epoch_end,207,31257,0.1576218158006668,0.028032002970576286,0.005788182839751244,0.014699116349220276,0.004814640618860722,0.08060979843139648,0.010484804399311543,0.04080323502421379,0.0039368546567857265,0.024353746324777603,0.04653500020503998,0.0848388671875,16024.587890625,0.1576218158006668,1.0205812454223633,-0.016880221664905548,0.9798337817192078,,,,,,,,
train_epoch_end,208,31408,0.1464567482471466,0.027577029541134834,0.005961497314274311,0.013690284453332424,0.004735846072435379,0.08466635644435883,0.010983104817569256,0.048378996551036835,0.003560740500688553,0.015454101376235485,0.04712950438261032,0.0899658203125,15254.34765625,0.1464567482471466,1.0239461660385132,-0.015793263912200928,0.9766138195991516,,,,,,,,
train_epoch_end,209,31559,0.1521371304988861,0.030308032408356667,0.004834265913814306,0.014977626502513885,0.006370925344526768,0.103360615670681,0.008772188797593117,0.06026597321033478,0.003221941413357854,0.012027494609355927,0.041744790971279144,0.08575439453125,15274.552734375,0.1521371304988861,1.0254353284835815,-0.01647745445370674,0.975195586681366,,,,,,,,
validation_end,210,31710,,,,,,,,,,,,,,,1.0224099159240723,-0.0150822838768363,0.9780812859535217,34.08482360839844,0.9375523924827576,23.072450637817383,0.06990132480859756,34.08482360839844,0.9375523924827576,23.072450637817383,0.06990132480859756
train_epoch_end,210,31710,0.14373749494552612,0.026940317824482918,0.005799947306513786,0.012931296601891518,0.006179869640618563,0.0860791876912117,0.009624594822525978,0.04622181877493858,0.0036682821810245514,0.01629466935992241,0.04262160882353783,0.07843017578125,15819.3037109375,0.14373749494552612,1.0224099159240723,-0.0150822838768363,0.9780812859535217,,,,,,,,
train_epoch_end,211,31861,0.13983497023582458,0.028415009379386902,0.005991948302835226,0.015182176604866982,0.005704945418983698,0.07652241736650467,0.01062546856701374,0.04476029798388481,0.0037392915692180395,0.012667344883084297,0.04805207997560501,0.09490966796875,16081.685546875,0.13983497023582458,1.0178385972976685,-0.016225431114435196,0.9824740290641785,,,,,,,,
train_epoch_end,212,32012,0.14686009287834167,0.03028731420636177,0.005802114028483629,0.016937032341957092,0.003666182514280081,0.08595903217792511,0.009549211710691452,0.050460509955883026,0.003657458582893014,0.012975884601473808,0.04625184088945389,0.0928955078125,15647.462890625,0.14686009287834167,1.020452618598938,-0.016623958945274353,0.9799572825431824,,,,,,,,
train_epoch_end,213,32163,0.13546831905841827,0.025568798184394836,0.004505518823862076,0.012359922751784325,0.004549531266093254,0.08791112899780273,0.008615996688604355,0.04224298894405365,0.0031823813915252686,0.01497805304825306,0.04194054380059242,0.08697509765625,15335.4013671875,0.13546831905841827,1.0215251445770264,-0.01565868780016899,0.9789284467697144,,,,,,,,
train_epoch_end,214,32314,0.14809128642082214,0.028854861855506897,0.0048698256723582745,0.014111796393990517,0.0036060595884919167,0.10144863277673721,0.009916921146214008,0.053517408668994904,0.003380783833563328,0.01359754428267479,0.04343914985656738,0.08428955078125,15852.861328125,0.14809128642082214,1.0274745225906372,-0.015865379944443703,0.9732601642608643,,,,,,,,
train_epoch_end,215,32465,0.13572807610034943,0.027947356924414635,0.004977489355951548,0.014508885331451893,0.010578276589512825,0.07363541424274445,0.008743955753743649,0.04753003269433975,0.003275920171290636,0.01231331005692482,0.03881629556417465,0.0780029296875,14843.0107421875,0.13572807610034943,1.023498773574829,-0.015652550384402275,0.9770407676696777,,,,,,,,
train_epoch_end,216,32616,0.14614009857177734,0.0288936048746109,0.004852604120969772,0.014809096232056618,0.003949133679270744,0.09324634075164795,0.010237757116556168,0.05110852047801018,0.0037783822044730186,0.01360156200826168,0.04463445395231247,0.07977294921875,16017.50390625,0.14614009857177734,1.0172338485717773,-0.014521746896207333,0.9830581545829773,,,,,,,,
train_epoch_end,217,32767,0.14902982115745544,0.026741383597254753,0.005565694998949766,0.013936175033450127,0.005691295489668846,0.07556885480880737,0.009736301377415657,0.03512239456176758,0.0038595153018832207,0.023712532594799995,0.046106234192848206,0.08514404296875,15840.494140625,0.14902982115745544,1.022722840309143,-0.015088708139955997,0.9777820110321045,,,,,,,,
train_epoch_end,218,32918,0.14424893260002136,0.029741354286670685,0.004631195683032274,0.015877515077590942,0.005698495078831911,0.08861589431762695,0.00967930257320404,0.05243734270334244,0.0036236054729670286,0.011318366974592209,0.04464924335479736,0.08856201171875,15789.869140625,0.14424893260002136,1.0214154720306396,-0.01654440350830555,0.9790335297584534,,,,,,,,
train_epoch_end,219,33069,0.13817109167575836,0.027977515012025833,0.005686515010893345,0.014219891279935837,0.008619953878223896,0.078056201338768,0.009501544758677483,0.046667613089084625,0.0034222425892949104,0.01296185702085495,0.0413280725479126,0.08282470703125,15562.45703125,0.13817109167575836,1.0236183404922485,-0.01580963470041752,0.9769266247749329,,,,,,,,
validation_end,220,33220,,,,,,,,,,,,,,,1.0214693546295166,-0.014957009814679623,0.9789819121360779,33.677337646484375,0.9412575364112854,21.045949935913086,0.06176097318530083,33.677337646484375,0.9412575364112854,21.045949935913086,0.06176097318530083
train_epoch_end,220,33220,0.1418667733669281,0.029394768178462982,0.0043328022584319115,0.015014680102467537,0.01004309393465519,0.08486224710941315,0.009199562482535839,0.051309093832969666,0.0036577305290848017,0.011405556462705135,0.042676229029893875,0.0841064453125,15617.4140625,0.1418667733669281,1.0214693546295166,-0.014957009814679623,0.9789819121360779,,,,,,,,
train_epoch_end,221,33371,0.13181044161319733,0.02664235234260559,0.006669779773801565,0.014293493703007698,0.0035934762563556433,0.06956623494625092,0.011305682361125946,0.03751792013645172,0.0038847699761390686,0.013515048660337925,0.0476364865899086,0.08807373046875,16021.861328125,0.13181044161319733,1.0129088163375854,-0.015404223464429379,0.9872556924819946,,,,,,,,
train_epoch_end,222,33522,0.14461877942085266,0.027984268963336945,0.005475685466080904,0.014136954210698605,0.0044251903891563416,0.09035839140415192,0.009345024824142456,0.05077408254146576,0.0036224524956196547,0.013387426733970642,0.044501811265945435,0.08514404296875,15823.279296875,0.14461877942085266,1.0212699174880981,-0.015707027167081833,0.9791730642318726,,,,,,,,
train_epoch_end,223,33673,0.14286218583583832,0.025360053405165672,0.0051019517704844475,0.01229490339756012,0.004888520576059818,0.08112072199583054,0.009821842424571514,0.038728781044483185,0.0037709656171500683,0.020076284185051918,0.04415025934576988,0.07745361328125,16068.408203125,0.14286218583583832,1.0225800275802612,-0.014827767387032509,0.9779185652732849,,,,,,,,
train_epoch_end,224,33824,0.13927754759788513,0.029839742928743362,0.005234404932707548,0.015444870106875896,0.011890070512890816,0.07764537632465363,0.009396865963935852,0.0469587966799736,0.003576788119971752,0.012165443040430546,0.04286001995205879,0.0828857421875,15570.8046875,0.13927754759788513,1.0173919200897217,-0.013512536883354187,0.982905387878418,,,,,,,,
train_epoch_end,225,33975,0.1412256807088852,0.02952742949128151,0.0049920594319701195,0.015695180743932724,0.00608392059803009,0.08477531373500824,0.010342887602746487,0.047957662492990494,0.003896736539900303,0.01161830686032772,0.04677968472242355,0.086181640625,16291.09375,0.1412256807088852,1.0220451354980469,-0.015432886779308319,0.9784303903579712,,,,,,,,
train_epoch_end,226,34126,0.1419803500175476,0.02562784031033516,0.0048074726946651936,0.013066738843917847,0.005157968960702419,0.07963632047176361,0.008424430154263973,0.033831022679805756,0.003388956654816866,0.023116718977689743,0.03939509764313698,0.08074951171875,14978.40625,0.1419803500175476,1.0200178623199463,-0.015803204849362373,0.9803749918937683,,,,,,,,
train_epoch_end,227,34277,0.13730782270431519,0.025327395647764206,0.006693418137729168,0.012566918507218361,0.005268919747322798,0.07356032729148865,0.009655440226197243,0.0416983887553215,0.0033756503835320473,0.01581438258290291,0.043514229357242584,0.0887451171875,15526.0908203125,0.13730782270431519,1.0247224569320679,-0.013558010570704937,0.9758740067481995,,,,,,,,
train_epoch_end,228,34428,0.13414035737514496,0.026662280783057213,0.0050328755751252174,0.01376328431069851,0.004880242981016636,0.0799475908279419,0.00970383733510971,0.04331734776496887,0.003898599650710821,0.013351721689105034,0.04193614795804024,0.07391357421875,15681.7578125,0.13414035737514496,1.0222057104110718,-0.015489403158426285,0.9782766699790955,,,,,,,,
train_epoch_end,229,34579,0.15620318055152893,0.0340629480779171,0.007442785426974297,0.018417026847600937,0.0034714306239038706,0.10624633729457855,0.009170934557914734,0.06501232087612152,0.0034490705002099276,0.010910067707300186,0.038393277674913406,0.07208251953125,15050.607421875,0.15620318055152893,1.021238088607788,-0.015032423660159111,0.9792035818099976,,,,,,,,
validation_end,230,34730,,,,,,,,,,,,,,,1.0235881805419922,-0.016314152628183365,0.9769554138183594,34.857818603515625,0.9475871324539185,22.54135513305664,0.06313692778348923,34.857818603515625,0.9475871324539185,22.54135513305664,0.06313692778348923
train_epoch_end,230,34730,0.15013651549816132,0.02698051929473877,0.005056404042989016,0.012454034760594368,0.003964697010815144,0.09984332323074341,0.009147513657808304,0.052411459386348724,0.0032235705293715,0.016987010836601257,0.04084755480289459,0.07818603515625,15514.9296875,0.15013651549816132,1.0235881805419922,-0.016314152628183365,0.9769554138183594,,,,,,,,
train_epoch_end,231,34881,0.14277386665344238,0.027747932821512222,0.00482745049521327,0.013363499194383621,0.004550664685666561,0.09629060328006744,0.0096433749422431,0.04711562767624855,0.0036103606689721346,0.014850514009594917,0.04360891878604889,0.07635498046875,16059.666015625,0.14277386665344238,1.0215232372283936,-0.018009383231401443,0.9789302349090576,,,,,,,,
train_epoch_end,232,35032,0.14140932261943817,0.02682989276945591,0.004344006069004536,0.01366571243852377,0.005700691603124142,0.08253859728574753,0.009596576914191246,0.04269535094499588,0.0034634580370038748,0.016707731410861015,0.043317921459674835,0.0926513671875,14913.607421875,0.14140932261943817,1.026477575302124,-0.014368456788361073,0.9742053747177124,,,,,,,,
train_epoch_end,233,35183,0.1442173570394516,0.027557047083973885,0.006430414039641619,0.013998346403241158,0.007023695856332779,0.07811549305915833,0.009534494951367378,0.042207296937704086,0.0034693987108767033,0.018223289400339127,0.04348587989807129,0.0855712890625,15105.37890625,0.1442173570394516,1.021610140800476,-0.015636542811989784,0.9788469672203064,,,,,,,,
train_epoch_end,234,35334,0.13664257526397705,0.02704649046063423,0.004466986283659935,0.012833712622523308,0.008012425154447556,0.08848540484905243,0.008977528661489487,0.04515747353434563,0.0034731533378362656,0.013714943081140518,0.040618203580379486,0.07598876953125,15782.1328125,0.13664257526397705,1.0247571468353271,-0.015620063990354538,0.9758409857749939,,,,,,,,
train_epoch_end,235,35485,0.14614346623420715,0.026631461456418037,0.004140851087868214,0.013356653973460197,0.005917537026107311,0.0873584896326065,0.008097445592284203,0.04268427938222885,0.0030083449091762304,0.020997505635023117,0.03739973157644272,0.0797119140625,14501.71875,0.14614346623420715,1.0248087644577026,-0.016722531989216805,0.9757918119430542,,,,,,,,
train_epoch_end,236,35636,0.1237923726439476,0.02518169954419136,0.005538681522011757,0.013196004554629326,0.005231187678873539,0.06945241987705231,0.009391950443387032,0.03725813329219818,0.003501638537272811,0.011927247978746891,0.04107866808772087,0.08099365234375,15624.328125,0.1237923726439476,1.0201119184494019,-0.014314943924546242,0.980284571647644,,,,,,,,
train_epoch_end,237,35787,0.14778873324394226,0.028927503153681755,0.004887823015451431,0.014642779715359211,0.004440744873136282,0.0942605659365654,0.010106096975505352,0.052203718572854996,0.003924666903913021,0.013868704438209534,0.04434354603290558,0.07647705078125,16261.0927734375,0.14778873324394226,1.023492455482483,-0.014912106096744537,0.9770467877388,,,,,,,,
train_epoch_end,238,35938,0.1458330601453781,0.026767397299408913,0.004903111141175032,0.01195896603167057,0.003952916711568832,0.10359091311693192,0.008941332809627056,0.057225294411182404,0.003366048913449049,0.012584982439875603,0.04032108560204506,0.07891845703125,15335.3046875,0.1458330601453781,1.0217281579971313,-0.015078576281666756,0.9787338972091675,,,,,,,,
train_epoch_end,239,36089,0.1319962590932846,0.026546994224190712,0.005827179178595543,0.012902111746370792,0.0039949119091033936,0.08988678455352783,0.008802724070847034,0.04845050722360611,0.003366410266608,0.010839599184691906,0.03732966631650925,0.0711669921875,15502.501953125,0.1319962590932846,1.0232617855072021,-0.015099482610821724,0.9772670269012451,,,,,,,,
validation_end,240,36240,,,,,,,,,,,,,,,1.0184919834136963,-0.014107536524534225,0.9818437695503235,32.8199462890625,0.9433853626251221,19.985544204711914,0.06400298327207565,32.8199462890625,0.9433853626251221,19.985544204711914,0.06400298327207565
train_epoch_end,240,36240,0.14795467257499695,0.03212174028158188,0.00527308601886034,0.017411060631275177,0.007268879562616348,0.09247612208127975,0.00931030698120594,0.05171129107475281,0.0034058091696351767,0.012894982472062111,0.04417243227362633,0.08282470703125,15597.23046875,0.14795467257499695,1.0184919834136963,-0.014107536524534225,0.9818437695503235,,,,,,,,
train_epoch_end,241,36391,0.13732881844043732,0.027103176340460777,0.005258520133793354,0.014213127084076405,0.005691922269761562,0.07663026452064514,0.009957648813724518,0.04367224872112274,0.003713094862177968,0.013398700393736362,0.04484904557466507,0.08892822265625,15934.767578125,0.13732881844043732,1.0145163536071777,-0.017673246562480927,0.9856913685798645,,,,,,,,
train_epoch_end,242,36542,0.14791461825370789,0.029249578714370728,0.00821696873754263,0.015151013620197773,0.006284468341618776,0.07977184653282166,0.009984089061617851,0.04417255148291588,0.0036279079504311085,0.017586547881364822,0.047023922204971313,0.0816650390625,15772.037109375,0.14791461825370789,1.0245699882507324,-0.0141209801658988,0.9760192036628723,,,,,,,,
train_epoch_end,243,36693,0.15986180305480957,0.035494614392519,0.004883331246674061,0.019272178411483765,0.011291882023215294,0.0996464192867279,0.008855950087308884,0.06600798666477203,0.003153592348098755,0.010878399945795536,0.04105138033628464,0.0814208984375,15045.41015625,0.15986180305480957,1.0219508409500122,-0.0157803762704134,0.9785206317901611,,,,,,,,
train_epoch_end,244,36844,0.14799299836158752,0.029724858701229095,0.006086920388042927,0.014909673482179642,0.005169806070625782,0.09665364772081375,0.009342548437416553,0.05753354728221893,0.0034884545020759106,0.011790143325924873,0.04228920489549637,0.07745361328125,15349.71875,0.14799299836158752,1.0251152515411377,-0.014139831066131592,0.9755000472068787,,,,,,,,
train_epoch_end,245,36995,0.14027820527553558,0.029083406552672386,0.007690733764320612,0.015814801678061485,0.004919478669762611,0.07675493508577347,0.009762236848473549,0.04736390709877014,0.0036197914741933346,0.01330725010484457,0.043249018490314484,0.0770263671875,15082.458984375,0.14027820527553558,1.020244836807251,-0.013905191794037819,0.9801568984985352,,,,,,,,
train_epoch_end,246,37146,0.14410965144634247,0.028411153703927994,0.004289707634598017,0.014552376233041286,0.005201538093388081,0.09292009472846985,0.008775830268859863,0.0526045486330986,0.0033711674623191357,0.012260990217328072,0.04323249310255051,0.08807373046875,15588.357421875,0.14410965144634247,1.0177333354949951,-0.01370181329548359,0.9825756549835205,,,,,,,,
train_epoch_end,247,37297,0.1479477882385254,0.027457062155008316,0.0044200303964316845,0.014653508551418781,0.0036659620236605406,0.08316215872764587,0.009863359853625298,0.04719904065132141,0.003449554555118084,0.016965683549642563,0.04563027620315552,0.0875244140625,15752.2822265625,0.1479477882385254,1.022885799407959,-0.015812378376722336,0.9776262640953064,,,,,,,,
train_epoch_end,248,37448,0.14572489261627197,0.033483631908893585,0.004419062752276659,0.017595458775758743,0.014581236988306046,0.09008247405290604,0.008519388735294342,0.05708739534020424,0.003476716112345457,0.009723314084112644,0.03793003410100937,0.07611083984375,15137.6806640625,0.14572489261627197,1.022172451019287,-0.01542399451136589,0.9783084988594055,,,,,,,,
train_epoch_end,249,37599,0.1420782506465912,0.029037047177553177,0.006101204082369804,0.01444298680871725,0.013893903233110905,0.07077425718307495,0.01007143035531044,0.04228031262755394,0.0036285249516367912,0.015977146103978157,0.04541696608066559,0.0799560546875,15828.236328125,0.1420782506465912,1.019012451171875,-0.01222324836999178,0.9813422560691833,,,,,,,,
validation_end,250,37750,,,,,,,,,,,,,,,1.0191065073013306,-0.0148455910384655,0.9812517166137695,34.26986312866211,0.9463978409767151,18.3018856048584,0.058290690183639526,34.26986312866211,0.9463978409767151,18.3018856048584,0.058290690183639526
train_epoch_end,250,37750,0.14426659047603607,0.027637673541903496,0.005536822602152824,0.014086714014410973,0.003969694022089243,0.08702518790960312,0.009887242689728737,0.05026693642139435,0.004110148176550865,0.013333003968000412,0.045639269053936005,0.07830810546875,16348.244140625,0.14426659047603607,1.0191065073013306,-0.0148455910384655,0.9812517166137695,,,,,,,,
train_epoch_end,251,37901,0.1464606672525406,0.03184495493769646,0.004681399557739496,0.018063165247440338,0.007574896328151226,0.08159741759300232,0.010231895372271538,0.048773832619190216,0.004032451659440994,0.012589124962687492,0.04748835042119026,0.08795166015625,15962.408203125,0.1464606672525406,1.0130584239959717,-0.015256041660904884,0.987109899520874,,,,,,,,
train_epoch_end,252,38052,0.1464136838912964,0.02723120152950287,0.0063410308212041855,0.012548244558274746,0.011452807113528252,0.07922539860010147,0.009247828274965286,0.04080627113580704,0.003722011111676693,0.019846539944410324,0.043177179992198944,0.0855712890625,15606.63671875,0.1464136838912964,1.0165269374847412,-0.015265964902937412,0.9837417602539062,,,,,,,,
train_epoch_end,253,38203,0.1365039199590683,0.02594643458724022,0.004754043184220791,0.01221491303294897,0.006617709994316101,0.08564738184213638,0.009295370429754257,0.04633066803216934,0.003508994821459055,0.013674500398337841,0.04069945961236954,0.0731201171875,15881.1875,0.1365039199590683,1.0185662508010864,-0.01640869304537773,0.9817721843719482,,,,,,,,
train_epoch_end,254,38354,0.13150613009929657,0.025724269449710846,0.005599969532340765,0.014316876418888569,0.0033504462335258722,0.06754031777381897,0.00966302677989006,0.04010254889726639,0.0035732584074139595,0.014042897149920464,0.042394060641527176,0.07879638671875,15540.578125,0.13150613009929657,1.0224708318710327,-0.01472904346883297,0.9780229926109314,,,,,,,,
train_epoch_end,255,38505,0.13768377900123596,0.026018746197223663,0.004685265012085438,0.012452254071831703,0.005299364682286978,0.08715508878231049,0.00941930990666151,0.04329197108745575,0.003630565945059061,0.014947173185646534,0.04368986561894417,0.08026123046875,15899.560546875,0.13768377900123596,1.0207202434539795,-0.014374894089996815,0.9797003865242004,,,,,,,,
train_epoch_end,256,38656,0.13620826601982117,0.027705920860171318,0.004489775747060776,0.014871159568428993,0.004501942545175552,0.0827886089682579,0.009231889620423317,0.04805915802717209,0.0036305952817201614,0.011813035234808922,0.04071231186389923,0.07373046875,15634.640625,0.13620826601982117,1.0245590209960938,-0.01605590619146824,0.9760296940803528,,,,,,,,
train_epoch_end,257,38807,0.135168194770813,0.024761926382780075,0.005113355349749327,0.012100406922399998,0.004564786329865456,0.07883711159229279,0.009433087892830372,0.03886540234088898,0.0034920466132462025,0.016907747834920883,0.04211428016424179,0.080078125,15693.88671875,0.135168194770813,1.0265368223190308,-0.015987977385520935,0.9741491675376892,,,,,,,,
train_epoch_end,258,38958,0.13787221908569336,0.026618625968694687,0.005159549880772829,0.013215411454439163,0.004445960745215416,0.08518348634243011,0.009933951310813427,0.04429933428764343,0.003918386995792389,0.01426231861114502,0.04491785168647766,0.07470703125,15812.591796875,0.13787221908569336,1.0167187452316284,-0.01400062907487154,0.9835561513900757,,,,,,,,
train_epoch_end,259,39109,0.15190389752388,0.03020325116813183,0.004922426305711269,0.014976175501942635,0.005139799322932959,0.10356984287500381,0.009418139234185219,0.057626448571681976,0.0032984225545078516,0.013229968026280403,0.04246492683887482,0.07965087890625,15734.5166015625,0.15190389752388,1.0171074867248535,-0.015107426792383194,0.9831802845001221,,,,,,,,
validation_end,260,39260,,,,,,,,,,,,,,,1.018850564956665,-0.014635187573730946,0.9814981818199158,31.597068786621094,0.9431580305099487,23.33483123779297,0.06766262650489807,31.597068786621094,0.9431580305099487,23.33483123779297,0.06766262650489807
train_epoch_end,260,39260,0.15368026494979858,0.03771967440843582,0.00427296943962574,0.023531893268227577,0.012426504865288734,0.07672272622585297,0.009362557902932167,0.058296870440244675,0.003186189802363515,0.010538355447351933,0.04143722727894783,0.08123779296875,14916.2158203125,0.15368026494979858,1.018850564956665,-0.014635187573730946,0.9814981818199158,,,,,,,,
train_epoch_end,261,39411,0.13353818655014038,0.02916417084634304,0.004512239713221788,0.015611087903380394,0.005665670149028301,0.09035329520702362,0.007893110625445843,0.05009584128856659,0.003099145833402872,0.009530425071716309,0.03685256093740463,0.076416015625,15264.19921875,0.13353818655014038,1.0127160549163818,-0.015010727569460869,0.9874436259269714,,,,,,,,
train_epoch_end,262,39562,0.12315472960472107,0.025104744359850883,0.004545208532363176,0.012719012796878815,0.0059767416678369045,0.0739264264702797,0.009450407698750496,0.041553083807229996,0.0035518272779881954,0.010570613667368889,0.03705683723092079,0.06597900390625,15940.2158203125,0.12315472960472107,1.0220919847488403,-0.01520932000130415,0.9783855080604553,,,,,,,,
train_epoch_end,263,39713,0.15581637620925903,0.030081523582339287,0.006038839928805828,0.015308847650885582,0.004076567478477955,0.09488435089588165,0.011021551676094532,0.05101972073316574,0.004028556868433952,0.016442544758319855,0.051108233630657196,0.09222412109375,15800.498046875,0.15581637620925903,1.018880009651184,-0.01709897071123123,0.9814698696136475,,,,,,,,
train_epoch_end,264,39864,0.13577578961849213,0.024568285793066025,0.00413351459428668,0.011596376076340675,0.004268507473170757,0.0865824818611145,0.008852627128362656,0.041348204016685486,0.003432829398661852,0.017184797674417496,0.03838008642196655,0.069091796875,15553.4306640625,0.13577578961849213,1.023193597793579,-0.01566535048186779,0.9773321747779846,,,,,,,,
train_epoch_end,265,40015,0.13308630883693695,0.026269128546118736,0.0046890550293028355,0.012258565053343773,0.005940734408795834,0.09254240989685059,0.008395498618483543,0.04904092103242874,0.0033728256821632385,0.011492508463561535,0.03683565557003021,0.068115234375,15396.451171875,0.13308630883693695,1.0191493034362793,-0.013297969475388527,0.9812105298042297,,,,,,,,
train_epoch_end,266,40166,0.14501400291919708,0.03341195732355118,0.004262106958776712,0.020865660160779953,0.004274178296327591,0.08061256259679794,0.009403889998793602,0.05500957742333412,0.003172467462718487,0.009949910454452038,0.040379174053668976,0.08135986328125,15292.44921875,0.14501400291919708,1.019698143005371,-0.013606229797005653,0.980682373046875,,,,,,,,
train_epoch_end,267,40317,0.14319738745689392,0.03269265964627266,0.004951172973960638,0.01871376670897007,0.010733969509601593,0.07758639752864838,0.009195875376462936,0.05161147564649582,0.00388985313475132,0.01041935384273529,0.0411573126912117,0.08245849609375,15627.982421875,0.14319738745689392,1.0170392990112305,-0.012411748990416527,0.9832461476325989,,,,,,,,
train_epoch_end,268,40468,0.14243273437023163,0.026352208107709885,0.00465376628562808,0.01170381624251604,0.006713564042001963,0.09694129228591919,0.008449720218777657,0.049970436841249466,0.0034189457073807716,0.014862051233649254,0.0393257811665535,0.07452392578125,15681.6796875,0.14243273437023163,1.0238860845565796,-0.015020106919109821,0.9766711592674255,,,,,,,,
train_epoch_end,269,40619,0.13684099912643433,0.030314700677990913,0.004884888418018818,0.01863934099674225,0.0036906213499605656,0.07279796898365021,0.009006738662719727,0.04702114313840866,0.003676238702610135,0.011558410711586475,0.040280360728502274,0.07373046875,15268.193359375,0.13684099912643433,1.0238218307495117,-0.014317760244011879,0.9767324328422546,,,,,,,,
validation_end,270,40770,,,,,,,,,,,,,,,1.019261121749878,-0.01412489078938961,0.9811028838157654,34.528018951416016,0.9482594728469849,20.27142906188965,0.0616280622780323,34.528018951416016,0.9482594728469849,20.27142906188965,0.0616280622780323
train_epoch_end,270,40770,0.14736366271972656,0.03013615496456623,0.004564234521239996,0.014294366352260113,0.012097152881324291,0.09356409311294556,0.0092801284044981,0.05302659049630165,0.0033704452216625214,0.012573480606079102,0.04424983635544777,0.09124755859375,15496.3046875,0.14736366271972656,1.019261121749878,-0.01412489078938961,0.9811028838157654,,,,,,,,
train_epoch_end,271,40921,0.15334638953208923,0.029357358813285828,0.005980717949569225,0.014610106125473976,0.006853051483631134,0.0891091600060463,0.010511575266718864,0.04935489594936371,0.0038474733009934425,0.017307478934526443,0.046999525278806686,0.08587646484375,15831.126953125,0.15334638953208923,1.0139837265014648,-0.013891717419028282,0.9862090945243835,,,,,,,,
train_epoch_end,272,41072,0.14705079793930054,0.03373733535408974,0.004846883472055197,0.01897648349404335,0.013945716433227062,0.07889649271965027,0.008692203089594841,0.052319832146167755,0.0034576202742755413,0.01087152399122715,0.04377606511116028,0.09906005859375,14945.978515625,0.14705079793930054,1.0221246480941772,-0.013903495855629444,0.978354275226593,,,,,,,,
train_epoch_end,273,41223,0.1417180299758911,0.027728701010346413,0.004724715370684862,0.014686410315334797,0.0038006058894097805,0.0822184830904007,0.010756442323327065,0.042480722069740295,0.0037539764307439327,0.016292527318000793,0.04457501322031021,0.07830810546875,16198.0634765625,0.1417180299758911,1.0207395553588867,-0.015328804962337017,0.9796818494796753,,,,,,,,
train_epoch_end,274,41374,0.1410396695137024,0.02877127006649971,0.006050560623407364,0.01457919180393219,0.007317332550883293,0.08139254152774811,0.01084340550005436,0.04934457316994667,0.0035519907251000404,0.01278076134622097,0.04202357307076454,0.07489013671875,15816.173828125,0.1410396695137024,1.0246000289916992,-0.015361658297479153,0.9759905934333801,,,,,,,,
train_epoch_end,275,41525,0.13888047635555267,0.026898209005594254,0.004544370342046022,0.012539619579911232,0.00561832170933485,0.09484860301017761,0.009332221932709217,0.047970131039619446,0.003379496745765209,0.013310746289789677,0.04147404059767723,0.078125,15830.14453125,0.13888047635555267,1.0196374654769897,-0.013970652595162392,0.9807407259941101,,,,,,,,
train_epoch_end,276,41676,0.1613539159297943,0.0356714241206646,0.0064559997990727425,0.020150896161794662,0.007864458486437798,0.09382840991020203,0.010230283252894878,0.06180351972579956,0.0037488178350031376,0.011686957441270351,0.04644609987735748,0.09527587890625,15615.591796875,0.1613539159297943,1.0212619304656982,-0.014154265634715557,0.9791807532310486,,,,,,,,
train_epoch_end,277,41827,0.14285804331302643,0.031590498983860016,0.004741113167256117,0.018258390948176384,0.003441523527726531,0.09087821841239929,0.008794516324996948,0.05420200526714325,0.003365766257047653,0.010647410526871681,0.04004120081663132,0.0712890625,15264.98828125,0.14285804331302643,1.0199953317642212,-0.011300980113446712,0.9803966283798218,,,,,,,,
train_epoch_end,278,41978,0.14047768712043762,0.027203012257814407,0.0052345977164804935,0.013272181153297424,0.006079681217670441,0.08067414909601212,0.012139381840825081,0.04429101198911667,0.003718273714184761,0.014734499156475067,0.047453559935092926,0.08270263671875,15662.7333984375,0.14047768712043762,1.0205323696136475,-0.01387688610702753,0.9798807501792908,,,,,,,,
train_epoch_end,279,42129,0.1415739804506302,0.027657141909003258,0.007261043414473534,0.012684956192970276,0.006315487436950207,0.09403800964355469,0.008697010576725006,0.0515483021736145,0.0035055007319897413,0.013096459209918976,0.03980793058872223,0.07281494140625,15435.8798828125,0.1415739804506302,1.0227221250534058,-0.013089137151837349,0.9777827262878418,,,,,,,,
validation_end,280,42280,,,,,,,,,,,,,,,1.0234506130218506,-0.013351558707654476,0.9770867228507996,32.17144012451172,0.9450264573097229,18.25891876220703,0.05652065947651863,32.17144012451172,0.9450264573097229,18.25891876220703,0.05652065947651863
train_epoch_end,280,42280,0.14761988818645477,0.032825883477926254,0.0043711247853934765,0.018993861973285675,0.0034426746424287558,0.09659478068351746,0.008876379579305649,0.05915278196334839,0.003358828602358699,0.009552748873829842,0.0392741858959198,0.07965087890625,15393.267578125,0.14761988818645477,1.0234506130218506,-0.013351558707654476,0.9770867228507996,,,,,,,,
train_epoch_end,281,42431,0.1364157348871231,0.029308544471859932,0.005319859832525253,0.01675829477608204,0.005844246596097946,0.07365195453166962,0.00957611296325922,0.04633544757962227,0.0037777365650981665,0.011406240984797478,0.042713530361652374,0.07611083984375,15892.818359375,0.1364157348871231,1.011633276939392,-0.014833868481218815,0.9885004758834839,,,,,,,,
train_epoch_end,282,42582,0.13931912183761597,0.027667883783578873,0.0051550050266087055,0.0144346933811903,0.0060844216495752335,0.08012126386165619,0.009644837118685246,0.0480719655752182,0.0036573135294020176,0.012681800872087479,0.044029150158166885,0.07891845703125,15662.27734375,0.13931912183761597,1.0190105438232422,-0.013418865390121937,0.9813441038131714,,,,,,,,
train_epoch_end,283,42733,0.15130311250686646,0.030460750684142113,0.007169623393565416,0.015840360894799232,0.003208673559129238,0.09737847745418549,0.009151866659522057,0.04820716753602028,0.003243993269279599,0.017839862033724785,0.042589884251356125,0.07769775390625,15293.470703125,0.15130311250686646,1.0188578367233276,-0.01214278768748045,0.981491208076477,,,,,,,,
train_epoch_end,284,42884,0.13172738254070282,0.02558022364974022,0.004353387281298637,0.013010483235120773,0.0024032611399888992,0.08669544756412506,0.008844136260449886,0.04657065123319626,0.003560237120836973,0.011640267446637154,0.03990679234266281,0.070068359375,15751.439453125,0.13172738254070282,1.02037513256073,-0.013350038789212704,0.9800317287445068,,,,,,,,
train_epoch_end,285,43035,0.14192548394203186,0.02843283861875534,0.004775122739374638,0.014622789807617664,0.0035716621205210686,0.09444566071033478,0.009115148335695267,0.05361203849315643,0.0033489640336483717,0.011231360957026482,0.041841618716716766,0.0806884765625,15536.6259765625,0.14192548394203186,1.0207573175430298,-0.012211198918521404,0.9796648025512695,,,,,,,,
train_epoch_end,286,43186,0.12822437286376953,0.024451516568660736,0.005742969922721386,0.01206960342824459,0.005908056627959013,0.07362513244152069,0.008426573127508163,0.033671341836452484,0.003378729335963726,0.016831612214446068,0.04046252369880676,0.0777587890625,15169.568359375,0.12822437286376953,1.0194393396377563,-0.014128739945590496,0.9809313416481018,,,,,,,,
train_epoch_end,287,43337,0.13433067500591278,0.025049062445759773,0.00615345174446702,0.012216475792229176,0.004310304764658213,0.07881617546081543,0.009340113960206509,0.039408572018146515,0.0035980811808258295,0.016681548207998276,0.04019322991371155,0.07525634765625,15337.16796875,0.13433067500591278,1.0182719230651855,-0.012726020999252796,0.9820559620857239,,,,,,,,
train_epoch_end,288,43488,0.14204224944114685,0.028332766145467758,0.004429368302226067,0.013046536594629288,0.006997947581112385,0.10317593812942505,0.008447220548987389,0.05503762140870094,0.0033937839325517416,0.011160572059452534,0.03854000195860863,0.0771484375,15608.6015625,0.14204224944114685,1.0207428932189941,-0.014107931405305862,0.9796786308288574,,,,,,,,
train_epoch_end,289,43639,0.13769125938415527,0.028381366282701492,0.00492660840973258,0.013101993128657341,0.011434461921453476,0.09016522765159607,0.008690334856510162,0.04995334520936012,0.003494025906547904,0.011501116678118706,0.03972817584872246,0.0799560546875,14932.64453125,0.13769125938415527,1.0194318294525146,-0.013246433809399605,0.9809385538101196,,,,,,,,
validation_end,290,43790,,,,,,,,,,,,,,,1.021013855934143,-0.013974964618682861,0.9794186353683472,33.889923095703125,0.9523255228996277,20.852224349975586,0.05714884400367737,33.889923095703125,0.9523255228996277,20.852224349975586,0.05714884400367737
train_epoch_end,290,43790,0.13580664992332458,0.026095865294337273,0.00566218513995409,0.01169095654040575,0.0064298370853066444,0.09401124715805054,0.007923116907477379,0.05151203274726868,0.0031045929063111544,0.01143663190305233,0.03678314387798309,0.08685302734375,14342.8623046875,0.13580664992332458,1.021013855934143,-0.013974964618682861,0.9794186353683472,,,,,,,,
train_epoch_end,291,43941,0.14704860746860504,0.028042275458574295,0.005109013989567757,0.013236983679234982,0.0040755560621619225,0.10267795622348785,0.008965407498180866,0.051653794944286346,0.0036150102969259024,0.014269886538386345,0.043663281947374344,0.0897216796875,15309.767578125,0.14704860746860504,1.0118945837020874,-0.013497634790837765,0.9882452487945557,,,,,,,,
train_epoch_end,292,44092,0.14304611086845398,0.02756671980023384,0.004627528600394726,0.012716015800833702,0.005542401690036058,0.1003594920039177,0.009089086204767227,0.053076840937137604,0.003406782867386937,0.012755155563354492,0.0419987216591835,0.0738525390625,15600.517578125,0.14304611086845398,1.0172942876815796,-0.012418662197887897,0.9829997420310974,,,,,,,,
train_epoch_end,293,44243,0.15127095580101013,0.032110922038555145,0.004417301621288061,0.01650562882423401,0.005710801109671593,0.10972311347723007,0.008403819054365158,0.06141756847500801,0.003373431507498026,0.010559862479567528,0.040494732558727264,0.07867431640625,15259.7177734375,0.15127095580101013,1.0186207294464111,-0.012901609763503075,0.9817196726799011,,,,,,,,
train_epoch_end,294,44394,0.13318249583244324,0.026328686624765396,0.0048833671025931835,0.013471821323037148,0.0030874409712851048,0.0827270969748497,0.010365812107920647,0.04263332113623619,0.0037807305343449116,0.013381732627749443,0.04367418214678764,0.06927490234375,15830.265625,0.13318249583244324,1.0161399841308594,-0.010921007953584194,0.9841163754463196,,,,,,,,
train_epoch_end,295,44545,0.13114087283611298,0.025865189731121063,0.0047234962694346905,0.01353002991527319,0.004153751768171787,0.07879425585269928,0.008945688605308533,0.04349668323993683,0.0035757601726800203,0.01241102535277605,0.04154876247048378,0.0750732421875,15486.6796875,0.13114087283611298,1.0155425071716309,-0.01241688709706068,0.9846953749656677,,,,,,,,
train_epoch_end,296,44696,0.1423899531364441,0.030433520674705505,0.004601391032338142,0.016093241050839424,0.009724162518978119,0.08222536742687225,0.010145418345928192,0.05174148827791214,0.0037936470471322536,0.011120138689875603,0.042168449610471725,0.08111572265625,15528.86328125,0.1423899531364441,1.0188900232315063,-0.012038955464959145,0.9814602136611938,,,,,,,,
train_epoch_end,297,44847,0.14523763954639435,0.03174932673573494,0.005398096516728401,0.018119672313332558,0.004356655292212963,0.09008076786994934,0.008731565438210964,0.056889310479164124,0.00307343527674675,0.010115323588252068,0.041151802986860275,0.08404541015625,14599.3681640625,0.14523763954639435,1.0197618007659912,-0.014033889397978783,0.9806211590766907,,,,,,,,
train_epoch_end,298,44998,0.137594074010849,0.02436227537691593,0.004479764960706234,0.01212034560739994,0.0028519791085273027,0.0812484472990036,0.009136592969298363,0.040433868765830994,0.0037103211507201195,0.017355456948280334,0.04324230179190636,0.073974609375,16169.4208984375,0.137594074010849,1.0228604078292847,-0.013315546326339245,0.97765052318573,,,,,,,,
train_epoch_end,299,45149,0.13494277000427246,0.026891130954027176,0.005128225311636925,0.012421248480677605,0.011881230399012566,0.08000152558088303,0.008869452401995659,0.03801385685801506,0.003430488519370556,0.01663772389292717,0.0404563769698143,0.078125,15405.2490234375,0.13494277000427246,1.0192644596099854,-0.013427305035293102,0.9810996651649475,,,,,,,,
validation_end,300,45300,,,,,,,,,,,,,,,1.0185924768447876,-0.012694085948169231,0.9817469120025635,34.93155288696289,0.9535661339759827,19.402156829833984,0.05281779170036316,34.93155288696289,0.9535661339759827,19.402156829833984,0.05281779170036316
train_epoch_end,300,45300,0.14007900655269623,0.026436422020196915,0.004349902737885714,0.012675413861870766,0.004158617928624153,0.09447573125362396,0.008745226077735424,0.05162113904953003,0.0033866148442029953,0.012988870963454247,0.03953230753540993,0.0762939453125,15144.623046875,0.14007900655269623,1.0185924768447876,-0.012694085948169231,0.9817469120025635,,,,,,,,
