event,epoch,global_step,phys_factor_vae/loss_total,phys_factor_vae/loss_factor,phys_factor_vae/loss_factor_e,phys_factor_vae/loss_factor_t,phys_factor_vae/loss_factor_r,phys_factor_vae/loss_factor_a,phys_factor_vae/loss_factor_b,phys_factor_vae/loss_phys,phys_factor_vae/loss_delta,phys_factor_vae/loss_img,phys_factor_vae/loss_edge,phys_factor_vae/loss_lpips,phys_factor_vae/loss_kl,loss_G,latent_std,latent_mean,latent_normalizer,CART_val/PSNR,CART_val/SSIM,CART_val/FID,CART_val/LPIPS,val_all/PSNR,val_all/SSIM,val_all/FID,val_all/LPIPS
train_epoch_end,1,109,0.7594292163848877,0.3090755045413971,0.1432054191827774,0.21985745429992676,0.12613219022750854,0.04629978537559509,0.06901467591524124,0.1328161060810089,0.006551788188517094,0.10186756402254105,0.1661706566810608,0.6171875,4001.4697265625,0.7594292163848877,,,,,,,,,,,
train_epoch_end,2,218,0.5532984733581543,0.20575305819511414,0.17297416925430298,0.1029290109872818,0.13483268022537231,0.10863512754440308,0.06003526970744133,0.07543576508760452,0.0038083475083112717,0.08829904347658157,0.11330127716064453,0.57421875,5943.859375,0.5532984733581543,1.272896409034729,0.3342294692993164,0.7856099009513855,,,,,,,,
train_epoch_end,3,327,0.5316669344902039,0.1819588840007782,0.14738018810749054,0.08462432026863098,0.12333117425441742,0.15276771783828735,0.0575198158621788,0.048148736357688904,0.004748874343931675,0.10211469233036041,0.11637924611568451,0.5615234375,7333.884765625,0.5316669344902039,1.4172712564468384,0.297441303730011,0.7055812478065491,,,,,,,,
train_epoch_end,4,436,0.5890578627586365,0.21434032917022705,0.1484610140323639,0.0972658321261406,0.1744861900806427,0.2050020396709442,0.06335001438856125,0.12078152596950531,0.003933595959097147,0.08220484852790833,0.11125162243843079,0.52001953125,5777.8193359375,0.5890578627586365,1.4575687646865845,0.22998256981372833,0.6860739588737488,,,,,,,,
train_epoch_end,5,545,0.47395122051239014,0.17991648614406586,0.15409377217292786,0.07485687732696533,0.13395968079566956,0.2099260538816452,0.04821457713842392,0.10286176204681396,0.0034574116580188274,0.05698441341519356,0.08390112966299057,0.46826171875,5957.47802734375,0.47395122051239014,1.5005549192428589,0.20705345273017883,0.6664201021194458,,,,,,,,
train_epoch_end,6,654,0.47075068950653076,0.17174144089221954,0.11628119647502899,0.07563341408967972,0.13472460210323334,0.20129799842834473,0.05290709435939789,0.060814231634140015,0.004372759256511927,0.0740002989768982,0.11028143763542175,0.5029296875,7958.32177734375,0.47075068950653076,1.4236247539520264,0.16152583062648773,0.7024322748184204,,,,,,,,
train_epoch_end,7,763,0.3871607780456543,0.16438905894756317,0.1492261290550232,0.07119207829236984,0.09685106575489044,0.19443166255950928,0.04893802851438522,0.07172808051109314,0.004120395518839359,0.036840394139289856,0.07799872010946274,0.468994140625,6837.240234375,0.3871607780456543,1.412264347076416,0.16600903868675232,0.7080827355384827,,,,,,,,
train_epoch_end,8,872,0.450285404920578,0.17687267065048218,0.11669028550386429,0.08625955134630203,0.12046197056770325,0.19885671138763428,0.04575755447149277,0.0755683034658432,0.004326774738729,0.055436745285987854,0.10810526460409164,0.475830078125,8040.93603515625,0.450285404920578,1.3866490125656128,0.18956923484802246,0.7211630344390869,,,,,,,,
train_epoch_end,9,981,0.5092954039573669,0.19942960143089294,0.19974452257156372,0.07869023084640503,0.14915436506271362,0.21566107869148254,0.04779418185353279,0.12158460915088654,0.004899868741631508,0.053140461444854736,0.11309801787137985,0.431884765625,5643.5654296875,0.5092954039573669,1.3758494853973389,0.20549564063549042,0.7268236875534058,,,,,,,,
validation_end,10,1090,,,,,,,,,,,,,,,1.3293206691741943,0.17665429413318634,0.7522639632225037,21.77141761779785,0.6594515442848206,182.51869201660156,0.40854310989379883,21.77141761779785,0.6594515442848206,182.51869201660156,0.40854310989379883
train_epoch_end,10,1090,0.5158594846725464,0.18787889182567596,0.1626802682876587,0.07472923398017883,0.15494579076766968,0.2167711704969406,0.04826410859823227,0.11617482453584671,0.004527542740106583,0.06357020139694214,0.1159575805068016,0.43994140625,7142.05908203125,0.5158594846725464,1.3293206691741943,0.17665429413318634,0.7522639632225037,,,,,,,,
train_epoch_end,11,1199,0.474629282951355,0.19409319758415222,0.1661035418510437,0.083075612783432,0.1423589140176773,0.2114700973033905,0.05101986601948738,0.13362020254135132,0.003267597407102585,0.036360964179039,0.0820021778345108,0.437255859375,6694.123046875,0.474629282951355,1.2746198177337646,0.1584612876176834,0.7845476865768433,,,,,,,,
train_epoch_end,12,1308,0.44170844554901123,0.16173258423805237,0.19023758172988892,0.04864857345819473,0.13946937024593353,0.2099197953939438,0.03866121172904968,0.09622269868850708,0.003541883546859026,0.05717799812555313,0.07639964669942856,0.395751953125,7174.05224609375,0.44170844554901123,1.3299341201782227,0.19967146217823029,0.7519169449806213,,,,,,,,
train_epoch_end,13,1417,0.4632485806941986,0.15893042087554932,0.15611720085144043,0.05288064107298851,0.140090212225914,0.20936319231987,0.04424639046192169,0.07979954779148102,0.005074514076113701,0.07327990233898163,0.10244499146938324,0.403076171875,6959.33203125,0.4632485806941986,1.2564420700073242,0.1517278403043747,0.7958981990814209,,,,,,,,
train_epoch_end,14,1526,0.40312275290489197,0.16088876128196716,0.14871294796466827,0.0647120475769043,0.11588893830776215,0.191861093044281,0.04336055368185043,0.06473623961210251,0.004581399727612734,0.048358626663684845,0.10286940634250641,0.41943359375,8550.5703125,0.40312275290489197,1.2396514415740967,0.18364253640174866,0.8066783547401428,,,,,,,,
train_epoch_end,15,1635,0.48481541872024536,0.17715969681739807,0.1739163100719452,0.06566101312637329,0.15037043392658234,0.20968113839626312,0.03783556446433067,0.10613442957401276,0.004704967141151428,0.06113557517528534,0.11038435995578766,0.380126953125,8924.185546875,0.48481541872024536,1.2369663715362549,0.13405683636665344,0.8084294199943542,,,,,,,,
train_epoch_end,16,1744,0.4962642192840576,0.17876577377319336,0.161403089761734,0.07022922486066818,0.142532080411911,0.2074962854385376,0.047212496399879456,0.08421009033918381,0.006682870909571648,0.07154141366481781,0.1420906037092209,0.39794921875,8205.0986328125,0.4962642192840576,1.2446726560592651,0.1277868151664734,0.8034241199493408,,,,,,,,
train_epoch_end,17,1853,0.484929621219635,0.16989825665950775,0.12382924556732178,0.07236436009407043,0.13992568850517273,0.19572162628173828,0.048091962933540344,0.05460694432258606,0.005545595660805702,0.08449751138687134,0.1375734806060791,0.422119140625,9284.619140625,0.484929621219635,1.258083462715149,0.14955107867717743,0.7948598265647888,,,,,,,,
train_epoch_end,18,1962,0.4481178820133209,0.17283622920513153,0.1598743051290512,0.06920437514781952,0.13468118011951447,0.19107306003570557,0.04354269802570343,0.09165896475315094,0.0052262949757277966,0.050993070006370544,0.11084191501140594,0.40087890625,8599.7080078125,0.4481178820133209,1.2740211486816406,0.15780268609523773,0.784916341304779,,,,,,,,
train_epoch_end,19,2071,0.42296797037124634,0.165658101439476,0.16404668986797333,0.061479780822992325,0.13130411505699158,0.19758793711662292,0.04232732206583023,0.07485762238502502,0.0043642851524055,0.0533766970038414,0.09679457545280457,0.38818359375,8317.546875,0.42296797037124634,1.2626171112060547,0.14088232815265656,0.792005717754364,,,,,,,,
validation_end,20,2180,,,,,,,,,,,,,,,1.2121325731277466,0.12115863710641861,0.8249922394752502,23.765134811401367,0.7549871206283569,143.61886596679688,0.3264691233634949,23.765134811401367,0.7549871206283569,143.61886596679688,0.3264691233634949
train_epoch_end,20,2180,0.4828910827636719,0.17119042575359344,0.1649177223443985,0.056931495666503906,0.1650325357913971,0.21815335750579834,0.039824165403842926,0.09842143952846527,0.00473323417827487,0.06726450473070145,0.11457348614931107,0.36474609375,8905.09765625,0.4828910827636719,1.2121325731277466,0.12115863710641861,0.8249922394752502,,,,,,,,
train_epoch_end,21,2289,0.5153143405914307,0.2151298224925995,0.18026268482208252,0.09721551835536957,0.15577952563762665,0.21577078104019165,0.04930667579174042,0.13792194426059723,0.0054231551475822926,0.04056162014603615,0.12371005117893219,0.363037109375,8472.7421875,0.5153143405914307,1.1719152927398682,0.11853686720132828,0.8533039689064026,,,,,,,,
train_epoch_end,22,2398,0.3700922429561615,0.16892436146736145,0.16168218851089478,0.07764686644077301,0.10284905135631561,0.1784898191690445,0.02918276935815811,0.09229420125484467,0.0038738762959837914,0.023733578622341156,0.0616578608751297,0.328857421875,9220.2080078125,0.3700922429561615,1.1787673234939575,0.10390900820493698,0.8483438491821289,,,,,,,,
train_epoch_end,23,2507,0.39133480191230774,0.1544416844844818,0.16246546804904938,0.054817840456962585,0.12797871232032776,0.18667837977409363,0.03337986022233963,0.0782751590013504,0.004242277238518,0.043834127485752106,0.08670932799577713,0.35986328125,9049.8564453125,0.39133480191230774,1.186457633972168,0.10811077058315277,0.84284508228302,,,,,,,,
train_epoch_end,24,2616,0.4692278504371643,0.1921205371618271,0.19048114120960236,0.08018073439598083,0.13606172800064087,0.1971486508846283,0.04235690459609032,0.12161886692047119,0.005875475704669952,0.038298673927783966,0.12493561208248138,0.33056640625,8731.185546875,0.4692278504371643,1.1669621467590332,0.10075461864471436,0.8569258451461792,,,,,,,,
train_epoch_end,25,2725,0.4130648076534271,0.14021514356136322,0.14444632828235626,0.04774412885308266,0.11806483566761017,0.17780430614948273,0.03625112026929855,0.04110699146986008,0.0047219423577189445,0.0786149650812149,0.09530751407146454,0.370361328125,8915.595703125,0.4130648076534271,1.1890472173690796,0.06048767641186714,0.8410094976425171,,,,,,,,
train_epoch_end,26,2834,0.35594189167022705,0.13224685192108154,0.1263968050479889,0.048178501427173615,0.11517155915498734,0.16320469975471497,0.029423188418149948,0.05767950043082237,0.003821742255240679,0.050704583525657654,0.06860718131065369,0.33740234375,9880.3828125,0.35594189167022705,1.1635470390319824,0.0895901545882225,0.8594409823417664,,,,,,,,
train_epoch_end,27,2943,0.4887183904647827,0.1754966676235199,0.20331554114818573,0.05311240255832672,0.15840628743171692,0.21634408831596375,0.041277557611465454,0.11150042712688446,0.0046643707901239395,0.06527414917945862,0.09800168871879578,0.32861328125,9140.78515625,0.4887183904647827,1.1887295246124268,0.06786424666643143,0.8412342667579651,,,,,,,,
train_epoch_end,28,3052,0.39346814155578613,0.16675473749637604,0.16105058789253235,0.06899069249629974,0.12192182242870331,0.18247587978839874,0.03509344533085823,0.08513498306274414,0.004566199611872435,0.03393900394439697,0.09997820109128952,0.33935546875,10204.12890625,0.39346814155578613,1.2007715702056885,0.049703747034072876,0.8327978849411011,,,,,,,,
train_epoch_end,29,3161,0.40322569012641907,0.16595178842544556,0.15512365102767944,0.07122761011123657,0.11656242609024048,0.18068449199199677,0.03493684530258179,0.08193637430667877,0.0050008781254291534,0.03927391767501831,0.09795452654361725,0.373779296875,9916.169921875,0.40322569012641907,1.1771483421325684,0.057217903435230255,0.8495106101036072,,,,,,,,
validation_end,30,3270,,,,,,,,,,,,,,,1.1554714441299438,0.06958920508623123,0.8654475808143616,22.272666931152344,0.7722105383872986,129.05377197265625,0.29314348101615906,22.272666931152344,0.7722105383872986,129.05377197265625,0.29314348101615906
train_epoch_end,30,3270,0.5446240901947021,0.21895720064640045,0.21125923097133636,0.09353739023208618,0.1666029691696167,0.22203555703163147,0.035002805292606354,0.18513663113117218,0.004314439371228218,0.03671819344162941,0.09069831669330597,0.30029296875,10075.595703125,0.5446240901947021,1.1554714441299438,0.06958920508623123,0.8654475808143616,,,,,,,,
train_epoch_end,31,3379,0.379944384098053,0.15275682508945465,0.1405632197856903,0.06141981482505798,0.11938111484050751,0.17604337632656097,0.03498639166355133,0.06906138360500336,0.004395964555442333,0.04349619522690773,0.09025957435369492,0.34228515625,9932.2119140625,0.379944384098053,1.1449896097183228,0.035672854632139206,0.873370349407196,,,,,,,,
train_epoch_end,32,3488,0.4519158601760864,0.1838822364807129,0.1969234049320221,0.06643050163984299,0.15245136618614197,0.20939268171787262,0.0366751104593277,0.14241881668567657,0.0039673419669270515,0.030900346115231514,0.08062684535980225,0.30517578125,9172.486328125,0.4519158601760864,1.1691993474960327,0.06384474784135818,0.8552861213684082,,,,,,,,
train_epoch_end,33,3597,0.389986515045166,0.145158588886261,0.1432662308216095,0.051710888743400574,0.1292257010936737,0.176775723695755,0.030588584020733833,0.08026975393295288,0.003913633991032839,0.04883157089352608,0.07633373141288757,0.342041015625,9687.7548828125,0.389986515045166,1.1618247032165527,0.051736705005168915,0.8607150316238403,,,,,,,,
train_epoch_end,34,3706,0.4066162705421448,0.1602640002965927,0.1458464413881302,0.061377786099910736,0.14197269082069397,0.19055026769638062,0.03150557354092598,0.072604238986969,0.0045669786632061005,0.05191396176815033,0.09475287795066833,0.309326171875,10735.337890625,0.4066162705421448,1.158164620399475,0.05868159234523773,0.8634350895881653,,,,,,,,
train_epoch_end,35,3815,0.4372139573097229,0.16700232028961182,0.185783252120018,0.051903463900089264,0.15626269578933716,0.20878657698631287,0.0348348431289196,0.11131154000759125,0.004600318614393473,0.04594426602125168,0.09228567779064178,0.29345703125,9997.1982421875,0.4372139573097229,1.1489861011505127,0.06726231426000595,0.8703325390815735,,,,,,,,
train_epoch_end,36,3924,0.4220426380634308,0.1525353491306305,0.20390208065509796,0.03790042921900749,0.14614474773406982,0.20513609051704407,0.02643844485282898,0.09594897925853729,0.003312575165182352,0.05799414590001106,0.06373589485883713,0.2880859375,9514.8984375,0.4220426380634308,1.1317282915115356,0.03515320271253586,0.8836042881011963,,,,,,,,
train_epoch_end,37,4033,0.4926835894584656,0.18346743285655975,0.21021613478660583,0.05811861902475357,0.16389203071594238,0.2234322726726532,0.03791414201259613,0.1303853690624237,0.006105329841375351,0.052602723240852356,0.111496701836586,0.29736328125,9906.4658203125,0.4926835894584656,1.1129883527755737,0.03791085630655289,0.8984820246696472,,,,,,,,
train_epoch_end,38,4142,0.4336872100830078,0.16460536420345306,0.16016872227191925,0.0587410070002079,0.1469782292842865,0.20034025609493256,0.036174364387989044,0.08733806759119034,0.0045848446898162365,0.054295264184474945,0.10116367787122726,0.332275390625,10043.8671875,0.4336872100830078,1.1216213703155518,0.04357868432998657,0.8915664553642273,,,,,,,,
train_epoch_end,39,4251,0.49272647500038147,0.18988989293575287,0.2058386206626892,0.0654609203338623,0.1629546582698822,0.2249918431043625,0.038925863802433014,0.13707220554351807,0.006847257725894451,0.04446946084499359,0.11688952147960663,0.310791015625,9673.6669921875,0.49272647500038147,1.1240636110305786,0.043479785323143005,0.8896293640136719,,,,,,,,
validation_end,40,4360,,,,,,,,,,,,,,,1.1242551803588867,0.022916581481695175,0.8894777894020081,23.520050048828125,0.79873126745224,121.34957122802734,0.2758934497833252,23.520050048828125,0.79873126745224,121.34957122802734,0.2758934497833252
train_epoch_end,40,4360,0.4000908136367798,0.15912984311580658,0.15493321418762207,0.06264710426330566,0.12460207939147949,0.1840062439441681,0.03279314190149307,0.07561191916465759,0.004359371494501829,0.0483335480093956,0.0864577442407608,0.32275390625,10420.552734375,0.4000908136367798,1.1242551803588867,0.022916581481695175,0.8894777894020081,,,,,,,,
train_epoch_end,41,4469,0.3875623345375061,0.1605634242296219,0.16009509563446045,0.06100601702928543,0.13274672627449036,0.19145429134368896,0.02880607172846794,0.08416089415550232,0.004597843158990145,0.03716900572180748,0.09055522829294205,0.306640625,10593.20703125,0.3875623345375061,1.174232840538025,0.03892897069454193,0.8516198396682739,,,,,,,,
train_epoch_end,42,4578,0.49930858612060547,0.16938266158103943,0.17058108747005463,0.05914993956685066,0.14768238365650177,0.20444318652153015,0.040890149772167206,0.06155749410390854,0.003194685559719801,0.104807049036026,0.0601111501455307,0.31591796875,8946.1640625,0.49930858612060547,1.1683417558670044,0.016259191557765007,0.8559139370918274,,,,,,,,
train_epoch_end,43,4687,0.45543521642684937,0.20409823954105377,0.18994036316871643,0.09237341582775116,0.13854534924030304,0.19814594089984894,0.039155200123786926,0.13349920511245728,0.003328414401039481,0.02930722013115883,0.07067306339740753,0.28466796875,9753.7763671875,0.45543521642684937,1.1826536655426025,0.02034480683505535,0.8455560803413391,,,,,,,,
train_epoch_end,44,4796,0.48590123653411865,0.17944805324077606,0.2288466989994049,0.04670584201812744,0.17905676364898682,0.23008711636066437,0.031030569225549698,0.13510802388191223,0.0036049983464181423,0.05530519783496857,0.07253466546535492,0.28759765625,10233.287109375,0.48590123653411865,1.2277562618255615,0.0008092874195426702,0.8144938945770264,,,,,,,,
train_epoch_end,45,4905,0.46764567494392395,0.18968334794044495,0.20441758632659912,0.06549115478992462,0.17384490370750427,0.222009539604187,0.029702480882406235,0.15685361623764038,0.004283186048269272,0.028019830584526062,0.0910973772406578,0.275146484375,10499.91796875,0.46764567494392395,1.1880228519439697,0.014008174650371075,0.8417346477508545,,,,,,,,
train_epoch_end,46,5014,0.42082417011260986,0.18111097812652588,0.16884183883666992,0.07630227506160736,0.1278620958328247,0.18472939729690552,0.04863912612199783,0.1037798672914505,0.004172411747276783,0.03549892082810402,0.07354028522968292,0.3212890625,10243.0078125,0.42082417011260986,1.171515703201294,0.028197359293699265,0.8535950183868408,,,,,,,,
train_epoch_end,47,5123,0.4088650345802307,0.15554216504096985,0.21669363975524902,0.037497628480196,0.14773491024971008,0.20780354738235474,0.0246281698346138,0.1046275645494461,0.003715572180226445,0.04571231082081795,0.06585735082626343,0.274658203125,9624.9658203125,0.4088650345802307,1.1871898174285889,0.005288705695420504,0.8423252701759338,,,,,,,,
train_epoch_end,48,5232,0.38320842385292053,0.1606837809085846,0.13855776190757751,0.07303930073976517,0.11937598884105682,0.15804123878479004,0.02942766435444355,0.07394236326217651,0.004869448021054268,0.03895963355898857,0.09666024893522263,0.31201171875,10424.287109375,0.38320842385292053,1.1587297916412354,0.021950960159301758,0.8630139827728271,,,,,,,,
train_epoch_end,49,5341,0.42981311678886414,0.16006261110305786,0.2351306974887848,0.03892413154244423,0.14414823055267334,0.20273563265800476,0.024180710315704346,0.10324486345052719,0.003948756493628025,0.05495796352624893,0.06679757684469223,0.260009765625,9940.556640625,0.42981311678886414,1.1306178569793701,0.05041120573878288,0.884472131729126,,,,,,,,
validation_end,50,5450,,,,,,,,,,,,,,,1.156314730644226,0.039683207869529724,0.864816427230835,21.892024993896484,0.8055707812309265,110.98086547851562,0.24958355724811554,21.892024993896484,0.8055707812309265,110.98086547851562,0.24958355724811554
train_epoch_end,50,5450,0.37380680441856384,0.14239129424095154,0.15426161885261536,0.04622619226574898,0.12887930870056152,0.18372705578804016,0.028028681874275208,0.06982386112213135,0.004152799025177956,0.05009546875953674,0.07721740752458572,0.269287109375,11011.76953125,0.37380680441856384,1.156314730644226,0.039683207869529724,0.864816427230835,,,,,,,,
train_epoch_end,51,5559,0.37778663635253906,0.1410178393125534,0.15135937929153442,0.043508775532245636,0.13225381076335907,0.1874406635761261,0.03144681826233864,0.06482669711112976,0.004645545035600662,0.05185018479824066,0.09107765555381775,0.295654296875,11255.240234375,0.37778663635253906,1.1044280529022217,0.027315787971019745,0.9054460525512695,,,,,,,,
train_epoch_end,52,5668,0.4651819169521332,0.1715763509273529,0.1772846132516861,0.05665574222803116,0.15802671015262604,0.21653753519058228,0.037756092846393585,0.10250479727983475,0.007215077988803387,0.05697700381278992,0.12697134912014008,0.2783203125,10356.826171875,0.4651819169521332,1.1052205562591553,0.01623361185193062,0.9047967791557312,,,,,,,,
train_epoch_end,53,5777,0.37347424030303955,0.1469484567642212,0.17991302907466888,0.04417030140757561,0.131149560213089,0.1872902363538742,0.025133974850177765,0.07734498381614685,0.004202623851597309,0.04412766173481941,0.07209786772727966,0.2841796875,10286.513671875,0.37347424030303955,1.0810014009475708,-0.0013527350965887308,0.925068199634552,,,,,,,,
train_epoch_end,54,5886,0.3831886649131775,0.14413656294345856,0.11346767842769623,0.05863523483276367,0.12769274413585663,0.16567952930927277,0.03457299619913101,0.05308787524700165,0.005084558390080929,0.05575409531593323,0.10762383043766022,0.31494140625,10971.3671875,0.3831886649131775,1.0889207124710083,0.017672568559646606,0.9183405041694641,,,,,,,,
train_epoch_end,55,5995,0.409953236579895,0.16452232003211975,0.21720284223556519,0.04772675409913063,0.14598846435546875,0.20541569590568542,0.02182473987340927,0.1328532099723816,0.002878712024539709,0.03257237747311592,0.0494382418692112,0.2352294921875,8665.634765625,0.409953236579895,1.1243821382522583,0.03535190969705582,0.8893773555755615,,,,,,,,
train_epoch_end,56,6104,0.43079325556755066,0.16512508690357208,0.20109927654266357,0.04533252492547035,0.1629103720188141,0.21463674306869507,0.029305920004844666,0.1324470490217209,0.0038558398373425007,0.0389929935336113,0.06642278283834457,0.253173828125,9459.271484375,0.43079325556755066,1.127471923828125,0.028846656903624535,0.886940062046051,,,,,,,,
train_epoch_end,57,6213,0.3500492572784424,0.1438920497894287,0.13984045386314392,0.05366311967372894,0.12467313557863235,0.17638100683689117,0.025849729776382446,0.05940060317516327,0.0043260483071208,0.04324112832546234,0.07305951416492462,0.2744140625,10248.130859375,0.3500492572784424,1.133949875831604,0.005267923232167959,0.8818731904029846,,,,,,,,
train_epoch_end,58,6322,0.4265930950641632,0.16145192086696625,0.2143804430961609,0.042086612433195114,0.15459880232810974,0.20862777531147003,0.02503086067736149,0.10520409047603607,0.00451945886015892,0.050779685378074646,0.07600140571594238,0.25048828125,9802.958984375,0.4265930950641632,1.1378930807113647,0.01778729446232319,0.8788172006607056,,,,,,,,
train_epoch_end,59,6431,0.3739514946937561,0.13787059485912323,0.16236424446105957,0.03990387171506882,0.1314060091972351,0.18301765620708466,0.024889590218663216,0.06416334211826324,0.00453983573243022,0.053915224969387054,0.08139608800411224,0.28662109375,10542.236328125,0.3739514946937561,1.1129238605499268,0.020107010379433632,0.8985340595245361,,,,,,,,
validation_end,60,6540,,,,,,,,,,,,,,,1.1322932243347168,0.026861317455768585,0.8831634521484375,25.25067138671875,0.8379959464073181,100.1281509399414,0.21804730594158173,25.25067138671875,0.8379959464073181,100.1281509399414,0.21804730594158173
train_epoch_end,60,6540,0.42133480310440063,0.17758320271968842,0.16460326313972473,0.07117783278226852,0.1519160270690918,0.20544910430908203,0.026922523975372314,0.12179174274206161,0.005276459269225597,0.027636263519525528,0.09298097342252731,0.266845703125,11478.0,0.42133480310440063,1.1322932243347168,0.026861317455768585,0.8831634521484375,,,,,,,,
train_epoch_end,61,6649,0.4359506070613861,0.18946900963783264,0.138431116938591,0.09331854432821274,0.13578161597251892,0.18543808162212372,0.03621385991573334,0.1069689393043518,0.005304483696818352,0.032798610627651215,0.10625156760215759,0.3076171875,11286.328125,0.4359506070613861,1.0761057138442993,0.04946812242269516,0.929276704788208,,,,,,,,
train_epoch_end,62,6758,0.40717795491218567,0.1686401665210724,0.26445668935775757,0.03945063799619675,0.15066516399383545,0.21063503623008728,0.017382247373461723,0.14542442560195923,0.0029708934016525745,0.022502310574054718,0.04798063263297081,0.235595703125,9583.126953125,0.40717795491218567,1.1258207559585571,0.014693251810967922,0.8882408738136292,,,,,,,,
train_epoch_end,63,6867,0.32657110691070557,0.13483645021915436,0.13171403110027313,0.05200722813606262,0.1116047352552414,0.15584330260753632,0.025660771876573563,0.0650227814912796,0.003233329625800252,0.03608408570289612,0.0577058270573616,0.264404296875,10440.4033203125,0.32657110691070557,1.1607340574264526,0.030673649162054062,0.8615238070487976,,,,,,,,
train_epoch_end,64,6976,0.3671317398548126,0.1579374372959137,0.19319921731948853,0.049479588866233826,0.1365242749452591,0.18904957175254822,0.028488120064139366,0.09346675127744675,0.0042243837378919125,0.0281112939119339,0.0732230544090271,0.264892578125,10485.546875,0.3671317398548126,1.1261478662490845,0.04632106050848961,0.8879828453063965,,,,,,,,
train_epoch_end,65,7085,0.3351067304611206,0.1379147171974182,0.14147716760635376,0.049755170941352844,0.12188722938299179,0.16656747460365295,0.022646792232990265,0.05572577565908432,0.004541149828583002,0.040088724344968796,0.07779264450073242,0.264892578125,10810.228515625,0.3351067304611206,1.1131623983383179,0.011365395970642567,0.8983415365219116,,,,,,,,
train_epoch_end,66,7194,0.3445533514022827,0.14501598477363586,0.18295860290527344,0.046660758554935455,0.11552873253822327,0.17917586863040924,0.023263242095708847,0.07358777523040771,0.004558253102004528,0.03342583775520325,0.07184617966413498,0.261474609375,10424.59375,0.3445533514022827,1.091598629951477,0.014608168974518776,0.9160876274108887,,,,,,,,
train_epoch_end,67,7303,0.43216973543167114,0.16555093228816986,0.26036524772644043,0.028814230114221573,0.17150390148162842,0.22883620858192444,0.023543167859315872,0.17334845662117004,0.0029123560525476933,0.023452239111065865,0.047455765306949615,0.2110595703125,10486.6953125,0.43216973543167114,1.0889790058135986,0.041991885751485825,0.9182913303375244,,,,,,,,
train_epoch_end,68,7412,0.4450235664844513,0.17906518280506134,0.24555745720863342,0.048825956881046295,0.16254723072052002,0.21958866715431213,0.025016753003001213,0.15493836998939514,0.004305682610720396,0.027810977771878242,0.07240994274616241,0.220703125,10925.662109375,0.4450235664844513,1.0903937816619873,0.031814057379961014,0.9170998930931091,,,,,,,,
train_epoch_end,69,7521,0.3925045430660248,0.16214314103126526,0.2291652411222458,0.043632812798023224,0.14452996850013733,0.20550647377967834,0.018143484368920326,0.14508114755153656,0.0026631546206772327,0.020216932520270348,0.04322800785303116,0.208740234375,10502.2099609375,0.3925045430660248,1.0840210914611816,0.004096480552107096,0.9224912524223328,,,,,,,,
validation_end,70,7630,,,,,,,,,,,,,,,1.102406620979309,0.020954767242074013,0.9071062803268433,24.957338333129883,0.8385553956031799,97.46562957763672,0.20568183064460754,24.957338333129883,0.8385553956031799,97.46562957763672,0.20568183064460754
train_epoch_end,70,7630,0.39400672912597656,0.14738337695598602,0.20214664936065674,0.036454349756240845,0.13795065879821777,0.19739285111427307,0.024661682546138763,0.08686397969722748,0.0040838997811079025,0.0503869466483593,0.07636365294456482,0.252197265625,10587.8701171875,0.39400672912597656,1.102406620979309,0.020954767242074013,0.9071062803268433,,,,,,,,
train_epoch_end,71,7739,0.43392521142959595,0.16815133392810822,0.21365006268024445,0.04595509171485901,0.1641908884048462,0.21774375438690186,0.023846492171287537,0.13103586435317993,0.0033999464940279722,0.04101017490029335,0.06619444489479065,0.2230224609375,10460.791015625,0.43392521142959595,1.0914102792739868,0.01856107823550701,0.916245698928833,,,,,,,,
train_epoch_end,72,7848,0.3502706289291382,0.12818282842636108,0.15212659537792206,0.037738751620054245,0.12051532417535782,0.17005890607833862,0.021110832691192627,0.06734544038772583,0.004936327692121267,0.04751705378293991,0.07055944204330444,0.263427734375,10795.4287109375,0.3502706289291382,1.0873312950134277,0.014531969092786312,0.9196829199790955,,,,,,,,
train_epoch_end,73,7957,0.4409724175930023,0.15866410732269287,0.19259527325630188,0.04110215604305267,0.1589166671037674,0.21516601741313934,0.03266942501068115,0.10559535771608353,0.0057110958732664585,0.05684281885623932,0.08984772115945816,0.2386474609375,10989.53515625,0.4409724175930023,1.1109870672225952,0.04156579449772835,0.9001004695892334,,,,,,,,
train_epoch_end,74,8066,0.4057673215866089,0.1516447812318802,0.19624298810958862,0.04026862233877182,0.14253512024879456,0.2068432867527008,0.02398921549320221,0.09423477947711945,0.003643322503194213,0.05359192565083504,0.05619777739048004,0.258056640625,9208.53515625,0.4057673215866089,1.1054831743240356,0.007703421171754599,0.9045818448066711,,,,,,,,
train_epoch_end,75,8175,0.36257606744766235,0.15469223260879517,0.1813262403011322,0.05210620164871216,0.1304417848587036,0.18391618132591248,0.025009557604789734,0.09407289326190948,0.004347385838627815,0.02705109678208828,0.07461279630661011,0.25390625,11317.5537109375,0.36257606744766235,1.1317826509475708,0.01062639057636261,0.8835618495941162,,,,,,,,
train_epoch_end,76,8284,0.4005294144153595,0.1613122820854187,0.19997471570968628,0.04609699547290802,0.14798057079315186,0.20380493998527527,0.03138384222984314,0.11955223977565765,0.004865145310759544,0.029725663363933563,0.08392231166362762,0.2305908203125,11311.830078125,0.4005294144153595,1.1399626731872559,0.02269570715725422,0.8772217035293579,,,,,,,,
train_epoch_end,77,8393,0.4564678966999054,0.14961141347885132,0.1568301022052765,0.043246250599622726,0.1558152288198471,0.20791330933570862,0.029649950563907623,0.0708625465631485,0.0046965815126895905,0.08702867478132248,0.08946424722671509,0.2462158203125,10246.236328125,0.4564678966999054,1.1286914348602295,0.007985515519976616,0.8859817385673523,,,,,,,,
train_epoch_end,78,8502,0.4653030335903168,0.14419420063495636,0.14158621430397034,0.04658794403076172,0.14061370491981506,0.18627922236919403,0.03371342271566391,0.06688465178012848,0.007439423818141222,0.09133564680814743,0.10555499792098999,0.26513671875,11204.92578125,0.4653030335903168,1.0864293575286865,0.015154415741562843,0.9204463958740234,,,,,,,,
train_epoch_end,79,8611,0.3594045042991638,0.14124351739883423,0.15923596918582916,0.04699970781803131,0.12556496262550354,0.17873942852020264,0.020678505301475525,0.06781871616840363,0.003896469483152032,0.04824721813201904,0.05925707146525383,0.243408203125,10799.3505859375,0.3594045042991638,1.1287763118743896,0.035153232514858246,0.8859151005744934,,,,,,,,
validation_end,80,8720,,,,,,,,,,,,,,,1.1257954835891724,0.01610259898006916,0.8882607817649841,25.250314712524414,0.852862536907196,99.5369644165039,0.19719333946704865,25.250314712524414,0.852862536907196,99.5369644165039,0.19719333946704865
train_epoch_end,80,8720,0.3249170482158661,0.13320870697498322,0.1635563224554062,0.04204648733139038,0.11100642383098602,0.16849814355373383,0.022686835378408432,0.05842512845993042,0.004708745516836643,0.038565363734960556,0.06811202317476273,0.2401123046875,10398.400390625,0.3249170482158661,1.1257954835891724,0.01610259898006916,0.8882607817649841,,,,,,,,
train_epoch_end,81,8829,0.3928164541721344,0.15529891848564148,0.21263790130615234,0.03956131637096405,0.15055760741233826,0.2007824331521988,0.019441954791545868,0.13149571418762207,0.004370222333818674,0.027164846658706665,0.06359712779521942,0.2103271484375,10396.0234375,0.3928164541721344,1.0805388689041138,0.03892515227198601,0.9254641532897949,,,,,,,,
train_epoch_end,82,8938,0.4512990713119507,0.19058847427368164,0.19703441858291626,0.07385720312595367,0.1613549143075943,0.21429792046546936,0.02281658910214901,0.1563231348991394,0.004091550596058369,0.02564551681280136,0.06390397995710373,0.227294921875,10293.2744140625,0.4512990713119507,1.0570194721221924,-0.008512910455465317,0.9460563659667969,,,,,,,,
train_epoch_end,83,9047,0.3453403413295746,0.13869106769561768,0.1798085868358612,0.039937350898981094,0.12149027734994888,0.18202626705169678,0.020905494689941406,0.06451459228992462,0.004081067629158497,0.043489083647727966,0.06525103002786636,0.239990234375,10760.595703125,0.3453403413295746,1.0995522737503052,0.015014765784144402,0.9094610810279846,,,,,,,,
train_epoch_end,84,9156,0.3750515580177307,0.14713837206363678,0.22410552203655243,0.028131425380706787,0.15109635889530182,0.20425735414028168,0.019122961908578873,0.13272304832935333,0.0030532770324498415,0.025565441697835922,0.04342939704656601,0.202392578125,9915.4775390625,0.3750515580177307,1.1154546737670898,0.03138083964586258,0.8964954018592834,,,,,,,,
train_epoch_end,85,9265,0.41803789138793945,0.16803567111492157,0.21669358015060425,0.04727407544851303,0.15803185105323792,0.2100728154182434,0.024291817098855972,0.1279054880142212,0.005124833434820175,0.03093680925667286,0.08375944197177887,0.2301025390625,11148.162109375,0.41803789138793945,1.077589750289917,0.010062200948596,0.9279969334602356,,,,,,,,
train_epoch_end,86,9374,0.37463223934173584,0.1446915566921234,0.19818758964538574,0.03797934204339981,0.13194647431373596,0.1858658492565155,0.022368447855114937,0.09273329377174377,0.004469715058803558,0.040975604206323624,0.06929934024810791,0.233642578125,10100.439453125,0.37463223934173584,1.08116614818573,0.0002499014954082668,0.9249272346496582,,,,,,,,
train_epoch_end,87,9483,0.4369971752166748,0.14772887527942657,0.17925409972667694,0.041252195835113525,0.14362579584121704,0.20121146738529205,0.022542260587215424,0.07465340197086334,0.004336349666118622,0.08066222071647644,0.06888379901647568,0.21875,9852.0478515625,0.4369971752166748,1.0892765522003174,0.026419855654239655,0.9180405139923096,,,,,,,,
train_epoch_end,88,9592,0.38442695140838623,0.15568803250789642,0.20949244499206543,0.039988089352846146,0.14566391706466675,0.20454862713813782,0.02582395263016224,0.1034940630197525,0.004105519503355026,0.036691732704639435,0.06618493050336838,0.1993408203125,11281.708984375,0.38442695140838623,1.0836126804351807,0.007546414155513048,0.9228389859199524,,,,,,,,
train_epoch_end,89,9701,0.33099544048309326,0.13862137496471405,0.1664958894252777,0.04339443892240524,0.1234680637717247,0.17745405435562134,0.019962141290307045,0.07458192855119705,0.0038709871005266905,0.03243138641119003,0.06247793883085251,0.224853515625,10947.43359375,0.33099544048309326,1.0983190536499023,-0.010776754468679428,0.9104822278022766,,,,,,,,
validation_end,90,9810,,,,,,,,,,,,,,,1.089530110359192,0.04656476527452469,0.9178268313407898,25.505624771118164,0.8507883548736572,91.5345458984375,0.1994243860244751,25.505624771118164,0.8507883548736572,91.5345458984375,0.1994243860244751
train_epoch_end,90,9810,0.3530442714691162,0.14127491414546967,0.172979474067688,0.04332895949482918,0.12513713538646698,0.1759953647851944,0.023269038647413254,0.06464135646820068,0.005168411880731583,0.04349764436483383,0.07980483025312424,0.2359619140625,11423.015625,0.3530442714691162,1.089530110359192,0.04656476527452469,0.9178268313407898,,,,,,,,
train_epoch_end,91,9919,0.34806254506111145,0.1430922895669937,0.19346503913402557,0.04178985208272934,0.12191604822874069,0.17705708742141724,0.019005827605724335,0.08090738952159882,0.004319238476455212,0.03429412096738815,0.06735266000032425,0.2303466796875,11276.455078125,0.34806254506111145,1.0640815496444702,0.05366039276123047,0.9397776126861572,,,,,,,,
train_epoch_end,92,10028,0.41659435629844666,0.1475113034248352,0.19442173838615417,0.03593403100967407,0.15161386132240295,0.20519642531871796,0.01819493994116783,0.10825266689062119,0.0036450244951993227,0.05472668260335922,0.06294286251068115,0.20947265625,11045.9453125,0.41659435629844666,1.074283242225647,0.04854097589850426,0.9308531880378723,,,,,,,,
train_epoch_end,93,10137,0.4143742024898529,0.163792222738266,0.2274971604347229,0.046476975083351135,0.13487866520881653,0.19987232983112335,0.026936320587992668,0.09935970604419708,0.006000876426696777,0.04509997367858887,0.08809766173362732,0.2147216796875,11527.9013671875,0.4143742024898529,1.102455496788025,0.0308685302734375,0.9070661067962646,,,,,,,,
train_epoch_end,94,10246,0.4362410306930542,0.16412757337093353,0.20453211665153503,0.044651925563812256,0.16166628897190094,0.21258801221847534,0.026668988168239594,0.11462899297475815,0.006420680321753025,0.04616894572973251,0.09937934577465057,0.21826171875,12060.99609375,0.4362410306930542,1.0949347019195557,0.01620456576347351,0.9132964611053467,,,,,,,,
train_epoch_end,95,10355,0.3228522837162018,0.13700063526630402,0.18643587827682495,0.041189514100551605,0.11223676055669785,0.1677570939064026,0.017468973994255066,0.06434953212738037,0.00447928998619318,0.03435235098004341,0.06364084780216217,0.2109375,11320.2607421875,0.3228522837162018,1.0880712270736694,0.05396277457475662,0.9190574884414673,,,,,,,,
train_epoch_end,96,10464,0.4508257508277893,0.1984046846628189,0.18986593186855316,0.08104699850082397,0.1617523431777954,0.21427610516548157,0.032102011144161224,0.15675915777683258,0.0041849324479699135,0.02149179019033909,0.06261976063251495,0.217041015625,11140.4453125,0.4508257508277893,1.0665655136108398,0.05412048101425171,0.9375889301300049,,,,,,,,
train_epoch_end,97,10573,0.4107822775840759,0.16463252902030945,0.21727091073989868,0.042804915457963943,0.16392828524112701,0.21150431036949158,0.021509617567062378,0.14878343045711517,0.0038484367541968822,0.02292592078447342,0.06365467607975006,0.1983642578125,11915.99609375,0.4107822775840759,1.0740522146224976,0.03440946340560913,0.9310534596443176,,,,,,,,
train_epoch_end,98,10682,0.446024626493454,0.18228629231452942,0.19268599152565002,0.061924248933792114,0.1651412844657898,0.2187548279762268,0.03611893206834793,0.13168597221374512,0.006011669524013996,0.03259562700986862,0.10452796518802643,0.2188720703125,12836.357421875,0.446024626493454,1.0857239961624146,0.015604563988745213,0.9210444092750549,,,,,,,,
train_epoch_end,99,10791,0.39669254422187805,0.17237381637096405,0.1731090247631073,0.06897902488708496,0.14188164472579956,0.18935582041740417,0.022846229374408722,0.10848530381917953,0.005116451531648636,0.02629433199763298,0.08509533852338791,0.246337890625,12226.791015625,0.39669254422187805,1.0711352825164795,0.012031969614326954,0.9335888624191284,,,,,,,,
validation_end,100,10900,,,,,,,,,,,,,,,1.0867290496826172,0.023126788437366486,0.9201925992965698,24.71137237548828,0.866065502166748,89.46504974365234,0.18662646412849426,24.71137237548828,0.866065502166748,89.46504974365234,0.18662646412849426
train_epoch_end,100,10900,0.3664034307003021,0.1589047908782959,0.18040242791175842,0.05693456530570984,0.12997855246067047,0.1866002082824707,0.022859817370772362,0.09489285200834274,0.004851118661463261,0.027830976992845535,0.07229659706354141,0.2198486328125,12030.6171875,0.3664034307003021,1.0867290496826172,0.023126788437366486,0.9201925992965698,,,,,,,,
train_epoch_end,101,11009,0.37927064299583435,0.1379614621400833,0.12461793422698975,0.04625757783651352,0.14156672358512878,0.17877882719039917,0.029119383543729782,0.06288789212703705,0.005007672123610973,0.0572584830224514,0.08853500336408615,0.2445068359375,12318.33203125,0.37927064299583435,1.0708272457122803,0.016677357256412506,0.9338574409484863,,,,,,,,
train_epoch_end,102,11118,0.34559735655784607,0.15000031888484955,0.15094055235385895,0.05991832911968231,0.11286736279726028,0.17536020278930664,0.02637600153684616,0.06233661621809006,0.004955574404448271,0.03716249763965607,0.07381334155797958,0.2412109375,11402.373046875,0.34559735655784607,1.0803624391555786,0.02144106850028038,0.9256153106689453,,,,,,,,
train_epoch_end,103,11227,0.4037107229232788,0.15515007078647614,0.2120434045791626,0.039593376219272614,0.1460847556591034,0.20427443087100983,0.022388868033885956,0.10411706566810608,0.0059271398931741714,0.04351619631052017,0.08340969681739807,0.1873779296875,11893.828125,0.4037107229232788,1.1114925146102905,0.027101607993245125,0.8996911644935608,,,,,,,,
train_epoch_end,104,11336,0.42236971855163574,0.16324472427368164,0.20095619559288025,0.04646442085504532,0.15491166710853577,0.21379181742668152,0.0257366131991148,0.1137121319770813,0.007120057009160519,0.041540250182151794,0.09049229323863983,0.2083740234375,11745.73828125,0.42236971855163574,1.0924935340881348,0.021301541477441788,0.9153372049331665,,,,,,,,
train_epoch_end,105,11445,0.4188786447048187,0.16727234423160553,0.21276932954788208,0.045465074479579926,0.15765048563480377,0.21002671122550964,0.03279857337474823,0.13749364018440247,0.004443714860826731,0.03028237819671631,0.07111962139606476,0.199951171875,11335.240234375,0.4188786447048187,1.0775742530822754,0.011056317947804928,0.9280102849006653,,,,,,,,
train_epoch_end,106,11554,0.36079132556915283,0.1374952495098114,0.16715626418590546,0.036192119121551514,0.1461031436920166,0.18774457275867462,0.01685526967048645,0.08768455684185028,0.004108130931854248,0.041694626212120056,0.06021255999803543,0.216552734375,11408.7490234375,0.36079132556915283,1.0852456092834473,0.02146303281188011,0.9214503765106201,,,,,,,,
train_epoch_end,107,11663,0.3516399562358856,0.14304529130458832,0.1677244007587433,0.04337400197982788,0.13742274045944214,0.1836809515953064,0.020065616816282272,0.09309121966362,0.004387077409774065,0.03089786507189274,0.06633207201957703,0.212158203125,11527.904296875,0.3516399562358856,1.0759602785110474,0.015436723828315735,0.9294023513793945,,,,,,,,
train_epoch_end,108,11772,0.40006062388420105,0.16294682025909424,0.23830817639827728,0.03932589665055275,0.1523880511522293,0.20930823683738708,0.020064188167452812,0.12423331290483475,0.004980552941560745,0.030146636068820953,0.06670115888118744,0.198486328125,11079.708984375,0.40006062388420105,1.081913709640503,0.04386970400810242,0.9242881536483765,,,,,,,,
train_epoch_end,109,11881,0.3342949450016022,0.14309756457805634,0.17896248400211334,0.04361453652381897,0.12411332130432129,0.18354323506355286,0.021439019590616226,0.08856052160263062,0.0037707111332565546,0.026689166203141212,0.05598173290491104,0.200927734375,11396.546875,0.3342949450016022,1.067399501800537,0.031676676124334335,0.9368563294410706,,,,,,,,
validation_end,110,11990,,,,,,,,,,,,,,,1.0652616024017334,0.024687329307198524,0.9387365579605103,26.354761123657227,0.8695581555366516,88.2275619506836,0.1899610161781311,26.354761123657227,0.8695581555366516,88.2275619506836,0.1899610161781311
train_epoch_end,110,11990,0.3643760085105896,0.14409473538398743,0.1949974000453949,0.038612157106399536,0.12782064080238342,0.18777044117450714,0.024004099890589714,0.0880073681473732,0.004640941042453051,0.038530878722667694,0.06708748638629913,0.2205810546875,11735.1171875,0.3643760085105896,1.0652616024017334,0.024687329307198524,0.9387365579605103,,,,,,,,
train_epoch_end,111,12099,0.3142639696598053,0.13427987694740295,0.1702309250831604,0.04264165088534355,0.10990512371063232,0.16852109134197235,0.019008420407772064,0.061229247599840164,0.004273866303265095,0.03307201713323593,0.06375160813331604,0.2060546875,11799.7041015625,0.3142639696598053,1.0555753707885742,0.03174612671136856,0.9473506212234497,,,,,,,,
train_epoch_end,112,12208,0.41112861037254333,0.14812694489955902,0.2329285442829132,0.028531420975923538,0.1451229751110077,0.20755499601364136,0.017308535054326057,0.10822523385286331,0.004378927405923605,0.05370171368122101,0.05587895214557648,0.182861328125,10744.29296875,0.41112861037254333,1.0772100687026978,0.011296923272311687,0.9283240437507629,,,,,,,,
train_epoch_end,113,12317,0.2957993745803833,0.11300835758447647,0.14650918543338776,0.03114415891468525,0.09919473528862,0.16184896230697632,0.017013270407915115,0.034556351602077484,0.004248396027833223,0.04961138963699341,0.051897481083869934,0.20751953125,11037.1611328125,0.2957993745803833,1.0773906707763672,0.03320832923054695,0.9281684160232544,,,,,,,,
train_epoch_end,114,12426,0.39480000734329224,0.16091467440128326,0.2331012487411499,0.03959639370441437,0.15224701166152954,0.2043965756893158,0.01816624402999878,0.13632795214653015,0.004017676692456007,0.02393452636897564,0.06069257855415344,0.1881103515625,11683.3955078125,0.39480000734329224,1.0626600980758667,0.05493874475359917,0.9410346746444702,,,,,,,,
train_epoch_end,115,12535,0.4381215274333954,0.16137975454330444,0.20522025227546692,0.04277925193309784,0.14978137612342834,0.21775464713573456,0.032298482954502106,0.10692284256219864,0.004778492264449596,0.056844234466552734,0.06964976340532303,0.22265625,11676.943359375,0.4381215274333954,1.06575608253479,0.027266427874565125,0.9383010268211365,,,,,,,,
train_epoch_end,116,12644,0.3493826687335968,0.12890300154685974,0.17289122939109802,0.03146660327911377,0.1276654452085495,0.17479963600635529,0.019269082695245743,0.06613725423812866,0.004668759182095528,0.049269795417785645,0.06668312847614288,0.228271484375,11636.142578125,0.3493826687335968,1.0916492938995361,0.02465059608221054,0.9160451292991638,,,,,,,,
train_epoch_end,117,12753,0.42221978306770325,0.15448027849197388,0.20849940180778503,0.03992728888988495,0.14624330401420593,0.20608514547348022,0.021035216748714447,0.08798722922801971,0.004735536407679319,0.0626879334449768,0.07439464330673218,0.1868896484375,12350.166015625,0.42221978306770325,1.0957810878753662,0.03149998560547829,0.9125910401344299,,,,,,,,
train_epoch_end,118,12862,0.42758598923683167,0.17978103458881378,0.22466552257537842,0.058306701481342316,0.15511247515678406,0.21420818567276,0.020436076447367668,0.15115538239479065,0.004737882874906063,0.021227438002824783,0.07189023494720459,0.19189453125,12288.6923828125,0.42758598923683167,1.073600172996521,0.05209096893668175,0.9314454793930054,,,,,,,,
train_epoch_end,119,12971,0.3418354392051697,0.14378681778907776,0.14565065503120422,0.05399502441287041,0.12247130274772644,0.17497795820236206,0.021054036915302277,0.08238832652568817,0.0035874643363058567,0.03318541496992111,0.05384277552366257,0.2032470703125,11916.583984375,0.3418354392051697,1.0915716886520386,0.03601739555597305,0.9161102175712585,,,,,,,,
validation_end,120,13080,,,,,,,,,,,,,,,1.0776029825210571,0.0325019545853138,0.9279855489730835,28.127723693847656,0.8935388326644897,80.52356719970703,0.16574527323246002,28.127723693847656,0.8935388326644897,80.52356719970703,0.16574527323246002
train_epoch_end,120,13080,0.31669509410858154,0.13802552223205566,0.173342764377594,0.04409434646368027,0.11943434178829193,0.17155952751636505,0.014323845505714417,0.07974261045455933,0.0038312594406306744,0.025813058018684387,0.0515093132853508,0.18505859375,12083.3759765625,0.31669509410858154,1.0776029825210571,0.0325019545853138,0.9279855489730835,,,,,,,,
train_epoch_end,121,13189,0.39589163661003113,0.16465561091899872,0.23558500409126282,0.042426854372024536,0.15332047641277313,0.20503035187721252,0.017997462302446365,0.1417601853609085,0.003702485002577305,0.020561251789331436,0.05686471238732338,0.177734375,12658.1875,0.39589163661003113,1.0629388093948364,0.0542573444545269,0.9407879114151001,,,,,,,,
train_epoch_end,122,13298,0.39284998178482056,0.14946554601192474,0.20178499817848206,0.03731297701597214,0.14622803032398224,0.20508894324302673,0.018561657518148422,0.0988231971859932,0.004631722345948219,0.04629988968372345,0.07017648220062256,0.1728515625,12497.40234375,0.39284998178482056,1.0536057949066162,0.03318139538168907,0.9491215944290161,,,,,,,,
train_epoch_end,123,13407,0.33641213178634644,0.1383269727230072,0.15535081923007965,0.04332616180181503,0.13544690608978271,0.1766141653060913,0.01855984330177307,0.07993389666080475,0.004507128614932299,0.031910501420497894,0.06714842468500137,0.19677734375,13352.171875,0.33641213178634644,1.0259246826171875,-0.0008478744421154261,0.9747304320335388,,,,,,,,
train_epoch_end,124,13516,0.403903067111969,0.14242567121982574,0.17174693942070007,0.03870823606848717,0.14317375421524048,0.20037783682346344,0.0197979137301445,0.07484884560108185,0.00463416101410985,0.06667323410511017,0.0685083195567131,0.1898193359375,12538.943359375,0.403903067111969,1.0744407176971436,0.025435643270611763,0.9307167530059814,,,,,,,,
train_epoch_end,125,13625,0.34830254316329956,0.15237754583358765,0.18135687708854675,0.051560573279857635,0.1237429827451706,0.18345887959003448,0.024784475564956665,0.07909325510263443,0.005028519779443741,0.02917899563908577,0.07694723457098007,0.210205078125,13181.8271484375,0.34830254316329956,1.0667961835861206,0.010677114129066467,0.937386155128479,,,,,,,,
train_epoch_end,126,13734,0.32595282793045044,0.12562787532806396,0.15796969830989838,0.03287958353757858,0.1314239799976349,0.16658753156661987,0.014964466914534569,0.069276362657547,0.003895734203979373,0.04125827178359032,0.05229375511407852,0.1883544921875,12733.529296875,0.32595282793045044,1.0975279808044434,0.023315606638789177,0.9111384749412537,,,,,,,,
train_epoch_end,127,13843,0.40790894627571106,0.16291499137878418,0.18849632143974304,0.047369010746479034,0.16113629937171936,0.21156667172908783,0.02792464569211006,0.13147035241127014,0.003515767864882946,0.033285755664110184,0.050384677946567535,0.186279296875,12209.1787109375,0.40790894627571106,1.0690162181854248,0.019918646663427353,0.9354395270347595,,,,,,,,
train_epoch_end,128,13952,0.3982751667499542,0.1617477685213089,0.18042925000190735,0.05625714361667633,0.14045162498950958,0.1939597725868225,0.023497719317674637,0.116967111825943,0.004007607698440552,0.03488853573799133,0.05665689334273338,0.1976318359375,11851.2431640625,0.3982751667499542,1.0788604021072388,0.03200266510248184,0.9269039630889893,,,,,,,,
train_epoch_end,129,14061,0.3654673993587494,0.13983292877674103,0.191391259431839,0.034946784377098083,0.13709992170333862,0.18448501825332642,0.017259446904063225,0.09998807311058044,0.004360158462077379,0.038175567984580994,0.05990591645240784,0.1727294921875,12685.6865234375,0.3654673993587494,1.1048431396484375,0.023252295330166817,0.9051058888435364,,,,,,,,
validation_end,130,14170,,,,,,,,,,,,,,,1.0957568883895874,0.015153584070503712,0.912611186504364,26.089323043823242,0.885582447052002,80.34346771240234,0.1740354597568512,26.089323043823242,0.885582447052002,80.34346771240234,0.1740354597568512
train_epoch_end,130,14170,0.34124138951301575,0.1353592872619629,0.17723166942596436,0.03748906031250954,0.12525391578674316,0.1819874346256256,0.016200343146920204,0.08459019660949707,0.004260782618075609,0.035239189863204956,0.05769917368888855,0.19580078125,12550.9248046875,0.34124138951301575,1.0957568883895874,0.015153584070503712,0.912611186504364,,,,,,,,
train_epoch_end,131,14279,0.32851746678352356,0.15308624505996704,0.1509975790977478,0.06343243271112442,0.11748640984296799,0.17741401493549347,0.019165705889463425,0.08077297359704971,0.003978176973760128,0.02244025282561779,0.05878247320652008,0.187255859375,12381.4453125,0.32851746678352356,1.057835340499878,0.021915636956691742,0.9453266859054565,,,,,,,,
train_epoch_end,132,14388,0.3511333167552948,0.14505283534526825,0.1891622245311737,0.040234316140413284,0.1347631812095642,0.19005385041236877,0.019327081739902496,0.09225880354642868,0.003917906899005175,0.03283281996846199,0.05469503253698349,0.175048828125,13062.5751953125,0.3511333167552948,1.064148187637329,0.030698101967573166,0.9397187232971191,,,,,,,,
train_epoch_end,133,14497,0.43921011686325073,0.16071663796901703,0.21953840553760529,0.03664535656571388,0.166287362575531,0.2215084582567215,0.021856002509593964,0.12318547815084457,0.006486786529421806,0.048179857432842255,0.08563503623008728,0.1783447265625,13215.201171875,0.43921011686325073,1.0701842308044434,0.023663954809308052,0.9344185590744019,,,,,,,,
train_epoch_end,134,14606,0.29939720034599304,0.12077026814222336,0.150922954082489,0.03595523163676262,0.10958254337310791,0.157753586769104,0.015653200447559357,0.06644153594970703,0.004018720239400864,0.03238188475370407,0.05042664706707001,0.186279296875,12165.255859375,0.29939720034599304,1.0488733053207397,0.01771015115082264,0.9534040093421936,,,,,,,,
train_epoch_end,135,14715,0.4070894122123718,0.15882711112499237,0.23059573769569397,0.03472509980201721,0.16077128052711487,0.2176375389099121,0.0179859958589077,0.14180532097816467,0.0036077522672712803,0.030399799346923828,0.05285288393497467,0.165283203125,12311.169921875,0.4070894122123718,1.0816338062286377,0.04485124722123146,0.9245272874832153,,,,,,,,
train_epoch_end,136,14824,0.3821527659893036,0.153532475233078,0.25494319200515747,0.027461737394332886,0.14795123040676117,0.21965134143829346,0.013528002426028252,0.145570307970047,0.002727116458117962,0.021879319101572037,0.03699531406164169,0.154296875,11888.7626953125,0.3821527659893036,1.0550692081451416,0.010719310492277145,0.9478051066398621,,,,,,,,
train_epoch_end,137,14933,0.4233235716819763,0.16057127714157104,0.2154948115348816,0.03818618506193161,0.1600809395313263,0.21534988284111023,0.027824653312563896,0.11750999838113785,0.0070253959856927395,0.04324391484260559,0.08142087608575821,0.17626953125,13749.947265625,0.4233235716819763,1.068131923675537,0.028373656794428825,0.9362139701843262,,,,,,,,
train_epoch_end,138,15042,0.341928094625473,0.13421088457107544,0.1779634952545166,0.035559650510549545,0.12468551099300385,0.18276409804821014,0.018850252032279968,0.07032078504562378,0.004609765484929085,0.04266687482595444,0.06219442933797836,0.1856689453125,13334.34765625,0.341928094625473,1.0690072774887085,0.024536190554499626,0.9354473352432251,,,,,,,,
train_epoch_end,139,15151,0.37622952461242676,0.1466183215379715,0.23258736729621887,0.027430906891822815,0.1479073166847229,0.202743798494339,0.015157477930188179,0.1168489009141922,0.004246966913342476,0.03288330137729645,0.054736994206905365,0.1683349609375,12234.03125,0.37622952461242676,1.0685009956359863,0.03163691982626915,0.9358905553817749,,,,,,,,
validation_end,140,15260,,,,,,,,,,,,,,,1.0588704347610474,0.04190578684210777,0.9444026350975037,27.509065628051758,0.8997206091880798,77.58769989013672,0.16334331035614014,27.509065628051758,0.8997206091880798,77.58769989013672,0.16334331035614014
train_epoch_end,140,15260,0.3964472711086273,0.1622600108385086,0.2307737022638321,0.043072715401649475,0.14156319200992584,0.21145327389240265,0.019831020385026932,0.1291535198688507,0.005168895237147808,0.026185795664787292,0.06396007537841797,0.1866455078125,12841.728515625,0.3964472711086273,1.0588704347610474,0.04190578684210777,0.9444026350975037,,,,,,,,
train_epoch_end,141,15369,0.3879660665988922,0.16098091006278992,0.24103567004203796,0.036824822425842285,0.1523325890302658,0.21034061908721924,0.01911986619234085,0.1171645000576973,0.005128017161041498,0.02876080572605133,0.06945589184761047,0.169189453125,12885.0703125,0.3879660665988922,1.043737530708313,0.0398988276720047,0.9580952525138855,,,,,,,,
train_epoch_end,142,15478,0.41932663321495056,0.1746046245098114,0.23408105969429016,0.04908417910337448,0.16432151198387146,0.21795198321342468,0.016498401761054993,0.16031233966350555,0.003765726462006569,0.018797922879457474,0.05495212599635124,0.1561279296875,13700.32421875,0.41932663321495056,1.0511409044265747,0.03605732321739197,0.9513472318649292,,,,,,,,
train_epoch_end,143,15587,0.35496509075164795,0.12518806755542755,0.16828222572803497,0.0289327222853899,0.12994147837162018,0.17906609177589417,0.015171254053711891,0.07238145172595978,0.003791891038417816,0.054697439074516296,0.049437474459409714,0.18896484375,12959.037109375,0.35496509075164795,1.047744870185852,0.013119269162416458,0.9544308185577393,,,,,,,,
train_epoch_end,144,15696,0.34572622179985046,0.12862879037857056,0.1665140986442566,0.03540714085102081,0.12046737223863602,0.17794576287269592,0.014726810157299042,0.06872747838497162,0.0049636997282505035,0.047588542103767395,0.06211162358522415,0.1925048828125,13444.693359375,0.34572622179985046,1.0721136331558228,0.021439682692289352,0.9327369332313538,,,,,,,,
train_epoch_end,145,15805,0.40394702553749084,0.15523365139961243,0.20385101437568665,0.039873264729976654,0.15266039967536926,0.2099604308605194,0.020945988595485687,0.1225217878818512,0.006568314973264933,0.03297410160303116,0.0823843702673912,0.182373046875,14844.75390625,0.40394702553749084,1.065717101097107,0.0278835017234087,0.9383352994918823,,,,,,,,
train_epoch_end,146,15914,0.3454320430755615,0.1432373970746994,0.19635605812072754,0.03816869482398033,0.13258659839630127,0.194149911403656,0.013672200962901115,0.09501290321350098,0.004203305579721928,0.03014901466667652,0.049862585961818695,0.169921875,13216.4794921875,0.3454320430755615,1.0736849308013916,0.04202155023813248,0.9313719272613525,,,,,,,,
train_epoch_end,147,16023,0.3536189794540405,0.14103689789772034,0.1650601625442505,0.04248791188001633,0.13671493530273438,0.19061079621315002,0.016176506876945496,0.0895703062415123,0.004341172054409981,0.03625829890370369,0.05768882483243942,0.1790771484375,13817.9755859375,0.3536189794540405,1.0613691806793213,0.05334773287177086,0.9421792030334473,,,,,,,,
train_epoch_end,148,16132,0.38215646147727966,0.14509059488773346,0.2459491789340973,0.020880458876490593,0.15003472566604614,0.21438175439834595,0.015103938989341259,0.12594734132289886,0.0031899670138955116,0.03550422191619873,0.03849414736032486,0.159912109375,11305.3515625,0.38215646147727966,1.0400992631912231,0.00954737700521946,0.9614467024803162,,,,,,,,
train_epoch_end,149,16241,0.40470001101493835,0.15472961962223053,0.21873970329761505,0.032980773597955704,0.16467377543449402,0.2132684290409088,0.018274547532200813,0.1424177885055542,0.003624987555667758,0.02984539233148098,0.052573807537555695,0.1788330078125,13210.1318359375,0.40470001101493835,1.0499603748321533,0.0027122385799884796,0.9524168968200684,,,,,,,,
validation_end,150,16350,,,,,,,,,,,,,,,1.0685886144638062,0.021496787667274475,0.935813844203949,25.470617294311523,0.8989719152450562,77.45402526855469,0.17837642133235931,25.470617294311523,0.8989719152450562,77.45402526855469,0.17837642133235931
train_epoch_end,150,16350,0.42364802956581116,0.16948997974395752,0.23300406336784363,0.04125562682747841,0.16820482909679413,0.22301116585731506,0.02252400666475296,0.15502309799194336,0.004709793720394373,0.02392314001917839,0.06146571785211563,0.1795654296875,13252.84375,0.42364802956581116,1.0685886144638062,0.021496787667274475,0.935813844203949,,,,,,,,
train_epoch_end,151,16459,0.42454344034194946,0.17152933776378632,0.2316790521144867,0.0444665402173996,0.1695229709148407,0.21907754242420197,0.019418198615312576,0.15924248099327087,0.004145720042288303,0.022029418498277664,0.05947738140821457,0.174560546875,13241.703125,0.42454344034194946,1.0694551467895508,0.0159367173910141,0.9350555539131165,,,,,,,,
train_epoch_end,152,16568,0.3241646885871887,0.13616116344928741,0.19240836799144745,0.03802475333213806,0.10927735269069672,0.18087516725063324,0.01850980520248413,0.08070191740989685,0.004599110689014196,0.028377097100019455,0.05681578814983368,0.188232421875,12915.0,0.3241646885871887,1.061181664466858,-0.0033128682989627123,0.9423457384109497,,,,,,,,
train_epoch_end,153,16677,0.36738142371177673,0.14943139255046844,0.23751655220985413,0.030874527990818024,0.141597181558609,0.20438161492347717,0.013361059129238129,0.11372826248407364,0.0038653304800391197,0.02997373789548874,0.04933498054742813,0.1514892578125,12923.2158203125,0.36738142371177673,1.0762296915054321,0.014496232382953167,0.9291696548461914,,,,,,,,
train_epoch_end,154,16786,0.3958146274089813,0.16432352364063263,0.2679057717323303,0.03335295990109444,0.1555071920156479,0.21638986468315125,0.0139133520424366,0.1520170420408249,0.003385892603546381,0.018329787999391556,0.04363611713051796,0.1611328125,12406.29296875,0.3958146274089813,1.0677752494812012,0.033867064863443375,0.9365266561508179,,,,,,,,
train_epoch_end,155,16895,0.3838760256767273,0.1483101099729538,0.24338647723197937,0.027066487818956375,0.1430705189704895,0.21077993512153625,0.014205491170287132,0.11588183790445328,0.004170488566160202,0.03765234351158142,0.0503837876021862,0.157958984375,11820.103515625,0.3838760256767273,1.0645252466201782,0.039284009486436844,0.9393858909606934,,,,,,,,
train_epoch_end,156,17004,0.39911919832229614,0.1690608114004135,0.25615358352661133,0.04252643883228302,0.14828121662139893,0.21020911633968353,0.017619069665670395,0.12956884503364563,0.005227964371442795,0.02573527581989765,0.06182026118040085,0.1519775390625,13138.240234375,0.39911919832229614,1.0651814937591553,0.03338681533932686,0.9388071298599243,,,,,,,,
train_epoch_end,157,17113,0.40661293268203735,0.15129831433296204,0.2159212976694107,0.03282686322927475,0.15487083792686462,0.2143947333097458,0.017335737124085426,0.11540228128433228,0.0044304607436060905,0.04573657736182213,0.05617106705904007,0.1685791015625,13104.96484375,0.40661293268203735,1.0467078685760498,-0.007326715160161257,0.955376386642456,,,,,,,,
train_epoch_end,158,17222,0.4003713130950928,0.16160638630390167,0.2358156442642212,0.0366397388279438,0.16144052147865295,0.21432632207870483,0.0168798565864563,0.12679125368595123,0.005069630220532417,0.030289022251963615,0.06564510613679886,0.1680908203125,13099.513671875,0.4003713130950928,1.070124864578247,0.02377994917333126,0.9344704151153564,,,,,,,,
train_epoch_end,159,17331,0.41013652086257935,0.15821106731891632,0.2583691477775574,0.026231925934553146,0.1680791825056076,0.22163766622543335,0.012813158333301544,0.15042805671691895,0.003479607403278351,0.030755888670682907,0.04371892660856247,0.1298828125,12591.0654296875,0.41013652086257935,1.0599431991577148,0.02051112800836563,0.9434467554092407,,,,,,,,
validation_end,160,17440,,,,,,,,,,,,,,,1.069257378578186,0.03462876006960869,0.9352285265922546,25.027359008789062,0.8845434188842773,70.76753997802734,0.1642700880765915,25.027359008789062,0.8845434188842773,70.76753997802734,0.1642700880765915
train_epoch_end,160,17440,0.40750110149383545,0.15143027901649475,0.21441972255706787,0.03171827271580696,0.16081039607524872,0.21577993035316467,0.017305893823504448,0.12525784969329834,0.0046611204743385315,0.040877193212509155,0.05839848518371582,0.1651611328125,13287.8515625,0.40750110149383545,1.069257378578186,0.03462876006960869,0.9352285265922546,,,,,,,,
train_epoch_end,161,17549,0.33055737614631653,0.13995333015918732,0.20191597938537598,0.03536490350961685,0.12949559092521667,0.18450403213500977,0.013140525668859482,0.08481593430042267,0.0037756403908133507,0.029748395085334778,0.0481019988656044,0.1668701171875,13797.05859375,0.33055737614631653,1.0684013366699219,0.009522251784801483,0.9359778761863708,,,,,,,,
train_epoch_end,162,17658,0.30742982029914856,0.12765756249427795,0.17934849858283997,0.03427724540233612,0.11099600791931152,0.16921588778495789,0.015490440651774406,0.06592780351638794,0.004015040583908558,0.034138768911361694,0.046355001628398895,0.172607421875,12705.416015625,0.30742982029914856,1.0747789144515991,0.03739987686276436,0.9304239153862,,,,,,,,
train_epoch_end,163,17767,0.34049201011657715,0.12241814285516739,0.1430664360523224,0.03248637169599533,0.12811990082263947,0.1690410077571869,0.020924359560012817,0.05149999260902405,0.00486641563475132,0.055527858436107635,0.06811067461967468,0.1971435546875,13909.6943359375,0.34049201011657715,1.0727899074554443,0.02080949768424034,0.9321489930152893,,,,,,,,
train_epoch_end,164,17876,0.3921264111995697,0.15270523726940155,0.22783029079437256,0.03183697536587715,0.1524161994457245,0.21002280712127686,0.019217517226934433,0.11167815327644348,0.0046982476487755775,0.03896355628967285,0.06002889573574066,0.1768798828125,12425.517578125,0.3921264111995697,1.065043568611145,0.02398563176393509,0.9389287233352661,,,,,,,,
train_epoch_end,165,17985,0.39604395627975464,0.1568067967891693,0.23861758410930634,0.03381415084004402,0.15629562735557556,0.20733480155467987,0.014123409986495972,0.14076894521713257,0.003971559926867485,0.02586936019361019,0.05374446138739586,0.1563720703125,13681.603515625,0.39604395627975464,1.0754094123840332,0.02507544867694378,0.9298784136772156,,,,,,,,
train_epoch_end,166,18094,0.32463914155960083,0.15117952227592468,0.18033304810523987,0.053279437124729156,0.1219707578420639,0.18534627556800842,0.015158021822571754,0.0798037126660347,0.004423631355166435,0.02254125103354454,0.05526464805006981,0.1715087890625,13182.763671875,0.32463914155960083,1.0866721868515015,0.03866207227110863,0.9202407002449036,,,,,,,,
train_epoch_end,167,18203,0.37356099486351013,0.1538371443748474,0.21009314060211182,0.04103419929742813,0.14338824152946472,0.19939380884170532,0.017972875386476517,0.11204248666763306,0.004876451566815376,0.027898594737052917,0.06634131073951721,0.166015625,13820.8203125,0.37356099486351013,1.0823882818222046,0.03559957817196846,0.9238829016685486,,,,,,,,
train_epoch_end,168,18312,0.40398749709129333,0.15090009570121765,0.20687755942344666,0.03602718561887741,0.15071894228458405,0.21019238233566284,0.017818216234445572,0.12906500697135925,0.004435939714312553,0.039865218102931976,0.047708600759506226,0.161376953125,11785.0927734375,0.40398749709129333,1.065659761428833,0.015833375975489616,0.9383857846260071,,,,,,,,
train_epoch_end,169,18421,0.3273433744907379,0.14392635226249695,0.19192039966583252,0.041023287922143936,0.13003066182136536,0.18480348587036133,0.01573977991938591,0.07798317074775696,0.004564931150525808,0.02811422571539879,0.057589270174503326,0.159423828125,14297.712890625,0.3273433744907379,1.0837165117263794,0.028727468103170395,0.9227505326271057,,,,,,,,
validation_end,170,18530,,,,,,,,,,,,,,,1.0879666805267334,0.03317740559577942,0.9191458225250244,29.17237663269043,0.9165689945220947,67.69239044189453,0.15094156563282013,29.17237663269043,0.9165689945220947,67.69239044189453,0.15094156563282013
train_epoch_end,170,18530,0.33205685019493103,0.14005479216575623,0.17525891959667206,0.04458783566951752,0.11805684864521027,0.18569189310073853,0.014275319874286652,0.08282974362373352,0.004545054864138365,0.02963697537779808,0.05666856840252876,0.17822265625,13363.91796875,0.33205685019493103,1.0879666805267334,0.03317740559577942,0.9191458225250244,,,,,,,,
train_epoch_end,171,18639,0.3760813772678375,0.14468786120414734,0.21739639341831207,0.030174147337675095,0.14266063272953033,0.20591259002685547,0.015632782131433487,0.11160652339458466,0.004203410819172859,0.03640539199113846,0.05562214553356171,0.150146484375,13852.63671875,0.3760813772678375,1.0699738264083862,0.028775403276085854,0.9346023201942444,,,,,,,,
train_epoch_end,172,18748,0.32380300760269165,0.1290684938430786,0.15528325736522675,0.03774657100439072,0.12376964092254639,0.17896457016468048,0.014648955315351486,0.06983397156000137,0.004651445429772139,0.03653040528297424,0.06316464394330978,0.1744384765625,13956.34375,0.32380300760269165,1.0766754150390625,0.04013572633266449,0.9287850260734558,,,,,,,,
train_epoch_end,173,18857,0.32975947856903076,0.13516205549240112,0.17101942002773285,0.03705361485481262,0.133743017911911,0.18187573552131653,0.014921020716428757,0.0798773467540741,0.004583182279020548,0.03229141607880592,0.060220010578632355,0.1724853515625,13256.640625,0.32975947856903076,1.055653691291809,0.016417061910033226,0.9472803473472595,,,,,,,,
train_epoch_end,174,18966,0.3519611656665802,0.1480226218700409,0.17545893788337708,0.04560320824384689,0.1452265828847885,0.18373125791549683,0.015499571338295937,0.09411238133907318,0.004298585467040539,0.028792543336749077,0.0619606152176857,0.1849365234375,13958.689453125,0.3519611656665802,1.0731117725372314,0.0385742262005806,0.931869387626648,,,,,,,,
train_epoch_end,175,19075,0.31764835119247437,0.13446292281150818,0.179061159491539,0.03965069726109505,0.1123664528131485,0.18373781442642212,0.01432617474347353,0.08399295806884766,0.00407360540702939,0.02627604454755783,0.04981887713074684,0.172607421875,12854.353515625,0.31764835119247437,1.0625505447387695,0.012729546055197716,0.9411317110061646,,,,,,,,
train_epoch_end,176,19184,0.30774611234664917,0.12248633801937103,0.1489114612340927,0.03383835405111313,0.1197296530008316,0.1753583550453186,0.01580750197172165,0.06609877943992615,0.004346716217696667,0.034561268985271454,0.054794177412986755,0.1898193359375,13011.255859375,0.30774611234664917,1.0695481300354004,0.018335770815610886,0.9349743127822876,,,,,,,,
train_epoch_end,177,19293,0.29772046208381653,0.12481433898210526,0.1543871909379959,0.036037519574165344,0.11988139152526855,0.16999492049217224,0.012840742245316505,0.07017051428556442,0.0037102242931723595,0.02941138483583927,0.041967783123254776,0.173828125,12330.9072265625,0.29772046208381653,1.0851975679397583,0.025765355676412582,0.9214912056922913,,,,,,,,
train_epoch_end,178,19402,0.3093111217021942,0.13535137474536896,0.15978890657424927,0.045913197100162506,0.11464449018239975,0.1757657825946808,0.013013030402362347,0.08370326459407806,0.00415003253147006,0.021464753895998,0.04914397746324539,0.1761474609375,13282.3037109375,0.3093111217021942,1.0913677215576172,0.03135308995842934,0.9162814617156982,,,,,,,,
train_epoch_end,179,19511,0.30901503562927246,0.12798957526683807,0.1531548798084259,0.03840766102075577,0.12484613060951233,0.1633950173854828,0.014968661591410637,0.06968706101179123,0.004443854093551636,0.03059430979192257,0.058649055659770966,0.17333984375,13709.6845703125,0.30901503562927246,1.0949647426605225,0.0344984233379364,0.913271427154541,,,,,,,,
validation_end,180,19620,,,,,,,,,,,,,,,1.0854465961456299,0.04623476415872574,0.921279788017273,27.21800994873047,0.9020013213157654,68.6080322265625,0.15768125653266907,27.21800994873047,0.9020013213157654,68.6080322265625,0.15768125653266907
train_epoch_end,180,19620,0.3879443407058716,0.1516163945198059,0.2489287555217743,0.025338832288980484,0.15437278151512146,0.21467286348342896,0.015939537435770035,0.12369905412197113,0.004033874720335007,0.033386748284101486,0.049669526517391205,0.1627197265625,13138.2666015625,0.3879443407058716,1.0854465961456299,0.04623476415872574,0.921279788017273,,,,,,,,
train_epoch_end,181,19729,0.37769338488578796,0.15431775152683258,0.23836356401443481,0.0358518585562706,0.136928528547287,0.20664185285568237,0.015914762392640114,0.12787580490112305,0.003925909288227558,0.02586406096816063,0.0476955771446228,0.157470703125,12174.828125,0.37769338488578796,1.0608595609664917,0.020590290427207947,0.9426318407058716,,,,,,,,
train_epoch_end,182,19838,0.35225075483322144,0.13982772827148438,0.19280755519866943,0.0344177782535553,0.13603509962558746,0.19334091246128082,0.015460794791579247,0.10595433413982391,0.004536853171885014,0.029301226139068604,0.059411659836769104,0.150634765625,13416.046875,0.35225075483322144,1.0575114488601685,0.007903235033154488,0.9456162452697754,,,,,,,,
train_epoch_end,183,19947,0.31613487005233765,0.13069096207618713,0.16438861191272736,0.03660696744918823,0.12697504460811615,0.17758393287658691,0.01393870823085308,0.08190630376338959,0.004073234274983406,0.028074143454432487,0.0536121129989624,0.16064453125,13845.5595703125,0.31613487005233765,1.0751503705978394,0.020441608503460884,0.9301024675369263,,,,,,,,
train_epoch_end,184,20056,0.34599483013153076,0.137867271900177,0.19006671011447906,0.03396501764655113,0.12722685933113098,0.1721653789281845,0.029449261724948883,0.08841860294342041,0.004217988811433315,0.03477790206670761,0.05610974505543709,0.1810302734375,13810.79296875,0.34599483013153076,1.0739799737930298,0.0492720790207386,0.9311160445213318,,,,,,,,
train_epoch_end,185,20165,0.3103882670402527,0.13961316645145416,0.15034219622612,0.0518469475209713,0.118279829621315,0.16881762444972992,0.014915836974978447,0.0702468678355217,0.004567704629153013,0.025628525763750076,0.05580362305045128,0.1744384765625,13311.763671875,0.3103882670402527,1.0709723234176636,0.023944353684782982,0.933730959892273,,,,,,,,
train_epoch_end,186,20274,0.4083538055419922,0.15171073377132416,0.22095918655395508,0.02952212281525135,0.16250158846378326,0.21697725355625153,0.018502792343497276,0.12318027764558792,0.004634350072592497,0.041024766862392426,0.06285535544157028,0.1673583984375,14326.1845703125,0.4083538055419922,1.0856902599334717,0.029701702296733856,0.9210730195045471,,,,,,,,
train_epoch_end,187,20383,0.41752663254737854,0.164546936750412,0.21618393063545227,0.04355926066637039,0.15884213149547577,0.21602731943130493,0.022513698786497116,0.12631788849830627,0.008150988258421421,0.033076006919145584,0.08653005212545395,0.1590576171875,14826.61328125,0.41752663254737854,1.0791393518447876,0.030064798891544342,0.9266643524169922,,,,,,,,
train_epoch_end,188,20492,0.3287251889705658,0.1332121640443802,0.1698700487613678,0.03714582324028015,0.1293303370475769,0.17511282861232758,0.01501985639333725,0.08109495043754578,0.004422980360686779,0.032716356217861176,0.054687630385160446,0.185546875,12335.7646484375,0.3287251889705658,1.0758620500564575,0.02224234864115715,0.9294871687889099,,,,,,,,
train_epoch_end,189,20601,0.39373353123664856,0.16185550391674042,0.2754496932029724,0.030858231708407402,0.14945028722286224,0.21469348669052124,0.013211661949753761,0.1356816291809082,0.004522881004959345,0.02608225867152214,0.049474552273750305,0.1502685546875,12110.41796875,0.39373353123664856,1.0763522386550903,0.019844384863972664,0.9290639162063599,,,,,,,,
validation_end,190,20710,,,,,,,,,,,,,,,1.0617731809616089,0.015127571299672127,0.9418207406997681,26.849565505981445,0.8990055918693542,69.56645202636719,0.15894949436187744,26.849565505981445,0.8990055918693542,69.56645202636719,0.15894949436187744
train_epoch_end,190,20710,0.30598291754722595,0.12913818657398224,0.16741153597831726,0.03687502443790436,0.12091240286827087,0.1692492812871933,0.013028953224420547,0.07004737854003906,0.004339966922998428,0.029969576746225357,0.05382171645760536,0.152099609375,13849.783203125,0.30598291754722595,1.0617731809616089,0.015127571299672127,0.9418207406997681,,,,,,,,
train_epoch_end,191,20819,0.4048159420490265,0.15513427555561066,0.23539160192012787,0.03020014427602291,0.16304895281791687,0.2136487364768982,0.01583653688430786,0.13095077872276306,0.004158728290349245,0.03609606251120567,0.05303867906332016,0.16650390625,12472.9833984375,0.4048159420490265,1.0676690340042114,0.03964976966381073,0.9366198182106018,,,,,,,,
train_epoch_end,192,20928,0.42520979046821594,0.18101947009563446,0.25383538007736206,0.05264432728290558,0.15818586945533752,0.2147550731897354,0.015577313490211964,0.15361927449703217,0.004420984536409378,0.02197394147515297,0.05673201382160187,0.15185546875,12836.6611328125,0.42520979046821594,1.0484999418258667,0.007735867984592915,0.9537435173988342,,,,,,,,
train_epoch_end,193,21037,0.3496584892272949,0.1522579789161682,0.21085910499095917,0.04438265413045883,0.12804099917411804,0.19550693035125732,0.014398390427231789,0.10846976190805435,0.0039796605706214905,0.022162508219480515,0.04772224277257919,0.1556396484375,13131.5712890625,0.3496584892272949,1.0864704847335815,0.029569542035460472,0.9204115867614746,,,,,,,,
train_epoch_end,194,21146,0.40486353635787964,0.1517527550458908,0.24842925369739532,0.02335001714527607,0.16475549340248108,0.22166705131530762,0.011759402230381966,0.1464870274066925,0.003459313651546836,0.03218540549278259,0.04509001225233078,0.141845703125,13338.11328125,0.40486353635787964,1.0770334005355835,0.03936566039919853,0.9284763336181641,,,,,,,,
train_epoch_end,195,21255,0.39490950107574463,0.15952782332897186,0.2322385162115097,0.0395190566778183,0.1455746293067932,0.2131548970937729,0.016959959641098976,0.13064736127853394,0.004905345384031534,0.02892843633890152,0.05633987486362457,0.1470947265625,13177.666015625,0.39490950107574463,1.0613923072814941,0.020655794069170952,0.9421586990356445,,,,,,,,
train_epoch_end,196,21364,0.3792235553264618,0.15062333643436432,0.24722857773303986,0.027940111234784126,0.14449305832386017,0.20892883837223053,0.01543969102203846,0.11813407391309738,0.0043602026998996735,0.031913287937641144,0.050873540341854095,0.1685791015625,12700.037109375,0.3792235553264618,1.0629075765609741,0.012610645033419132,0.9408155679702759,,,,,,,,
train_epoch_end,197,21473,0.39495599269866943,0.15632852911949158,0.25149965286254883,0.030435003340244293,0.15260422229766846,0.21439026296138763,0.013714130967855453,0.14075113832950592,0.004237327259033918,0.025195054709911346,0.05656574293971062,0.1566162109375,13451.9375,0.39495599269866943,1.0665780305862427,0.014637929387390614,0.9375779032707214,,,,,,,,
train_epoch_end,198,21582,0.40315625071525574,0.15526539087295532,0.21528710424900055,0.03656604886054993,0.15784180164337158,0.2119692713022232,0.016880732029676437,0.11943197250366211,0.005515849683433771,0.03797832503914833,0.06903161108493805,0.158447265625,13889.8740234375,0.40315625071525574,1.0712237358093262,0.015148695558309555,0.9335117936134338,,,,,,,,
train_epoch_end,199,21691,0.4049883484840393,0.15892048180103302,0.20490418374538422,0.04354909062385559,0.1505790650844574,0.20950576663017273,0.022199995815753937,0.12255953997373581,0.0060486258007586,0.0334407202899456,0.07786760479211807,0.1611328125,14998.076171875,0.4049883484840393,1.0694491863250732,0.019638409838080406,0.9350607991218567,,,,,,,,
validation_end,200,21800,,,,,,,,,,,,,,,1.0775208473205566,0.01733529567718506,0.9280562996864319,26.810537338256836,0.8987045884132385,70.03755187988281,0.16168491542339325,26.810537338256836,0.8987045884132385,70.03755187988281,0.16168491542339325
train_epoch_end,200,21800,0.3348599076271057,0.13896317780017853,0.20290923118591309,0.03560129553079605,0.1203368604183197,0.18696953356266022,0.015413641929626465,0.07804986834526062,0.004503023810684681,0.034182969480752945,0.057792454957962036,0.1689453125,13638.328125,0.3348599076271057,1.0775208473205566,0.01733529567718506,0.9280562996864319,,,,,,,,
train_epoch_end,201,21909,0.36683493852615356,0.1438177227973938,0.22614726424217224,0.02743447944521904,0.14598678052425385,0.20576432347297668,0.011093219742178917,0.12293834984302521,0.0033484913874417543,0.029530324041843414,0.04296012222766876,0.146728515625,12258.3662109375,0.36683493852615356,1.0793712139129639,0.023354968056082726,0.9264653325080872,,,,,,,,
train_epoch_end,202,22018,0.3566679060459137,0.15202906727790833,0.22758153080940247,0.03910122439265251,0.12811781466007233,0.2017037570476532,0.01533056702464819,0.10431209206581116,0.0048704929649829865,0.025404315441846848,0.059567227959632874,0.1611328125,13642.513671875,0.3566679060459137,1.0758317708969116,0.023111041635274887,0.9295133352279663,,,,,,,,
train_epoch_end,203,22127,0.33828070759773254,0.136749267578125,0.17743216454982758,0.038458630442619324,0.1296272724866867,0.17301708459854126,0.016896238550543785,0.06284716725349426,0.005126196425408125,0.0423429012298584,0.0692080408334732,0.16943359375,14632.98828125,0.33828070759773254,1.0772695541381836,0.0341639369726181,0.9282727837562561,,,,,,,,
train_epoch_end,204,22236,0.4241291582584381,0.16280294954776764,0.24227645993232727,0.03347555920481682,0.17183566093444824,0.22171545028686523,0.014511289075016975,0.14942513406276703,0.004121190868318081,0.03219093009829521,0.056792765855789185,0.1556396484375,13635.869140625,0.4241291582584381,1.0686067342758179,0.013000412844121456,0.935797929763794,,,,,,,,
train_epoch_end,205,22345,0.31391045451164246,0.12619377672672272,0.15985703468322754,0.03590673953294754,0.12025420367717743,0.16611279547214508,0.01459183543920517,0.0674654170870781,0.0041016945615410805,0.037215568125247955,0.050207920372486115,0.1544189453125,13724.5703125,0.31391045451164246,1.0720380544662476,0.013822346925735474,0.9328027367591858,,,,,,,,
train_epoch_end,206,22454,0.39263954758644104,0.14667434990406036,0.2230278104543686,0.028493087738752365,0.15239666402339935,0.2071482390165329,0.014441292732954025,0.12394089996814728,0.0041883597150444984,0.03846646845340729,0.051410336047410965,0.1541748046875,12631.4208984375,0.39263954758644104,1.089231014251709,0.02326035685837269,0.9180788993835449,,,,,,,,
train_epoch_end,207,22563,0.33719924092292786,0.1395227313041687,0.20366883277893066,0.03463113307952881,0.12969312071800232,0.1860170215368271,0.011797607876360416,0.10455755889415741,0.003943976014852524,0.02424815110862255,0.04499921202659607,0.1649169921875,12934.1123046875,0.33719924092292786,1.0771583318710327,0.019508715718984604,0.9283686280250549,,,,,,,,
train_epoch_end,208,22672,0.41733041405677795,0.17519336938858032,0.24574217200279236,0.04824516177177429,0.15893623232841492,0.21491388976573944,0.017148829996585846,0.15120559930801392,0.005019063130021095,0.021016662940382957,0.06126090884208679,0.1490478515625,13655.98828125,0.41733041405677795,1.081632137298584,0.037165116518735886,0.9245287179946899,,,,,,,,
train_epoch_end,209,22781,0.32932379841804504,0.13601088523864746,0.19269078969955444,0.035031892359256744,0.1241563931107521,0.180524542927742,0.01485893689095974,0.08648814260959625,0.004202603362500668,0.029855169355869293,0.05489255487918854,0.1512451171875,14067.2431640625,0.32932379841804504,1.0777850151062012,0.037591200321912766,0.927828848361969,,,,,,,,
validation_end,210,22890,,,,,,,,,,,,,,,1.0712268352508545,0.024529047310352325,0.933509111404419,28.09772491455078,0.9151572585105896,70.03298950195312,0.1512266844511032,28.09772491455078,0.9151572585105896,70.03298950195312,0.1512266844511032
train_epoch_end,210,22890,0.379410058259964,0.16166476905345917,0.22708919644355774,0.041927535086870193,0.14609089493751526,0.209098681807518,0.022129371762275696,0.1248239204287529,0.005370873026549816,0.02121775969862938,0.06391962617635727,0.158203125,13311.6787109375,0.379410058259964,1.0712268352508545,0.024529047310352325,0.933509111404419,,,,,,,,
train_epoch_end,211,22999,0.3069114089012146,0.13639703392982483,0.1595250964164734,0.048874955624341965,0.10935462266206741,0.16372627019882202,0.015718117356300354,0.07046616822481155,0.004839960485696793,0.02474392205476761,0.06067641079425812,0.169921875,13553.0087890625,0.3069114089012146,1.0643340349197388,0.030846672132611275,0.9395546317100525,,,,,,,,
train_epoch_end,212,23108,0.3241421580314636,0.13357758522033691,0.1632789820432663,0.03891921788454056,0.128219336271286,0.18370464444160461,0.013653289526700974,0.07896111905574799,0.003934808075428009,0.031607627868652344,0.05439760535955429,0.17431640625,13428.443359375,0.3241421580314636,1.068027377128601,0.044978637248277664,0.936305582523346,,,,,,,,
train_epoch_end,213,23217,0.34133100509643555,0.13998599350452423,0.17751164734363556,0.04096280783414841,0.12900948524475098,0.18517795205116272,0.015500429086387157,0.08336855471134186,0.005259472876787186,0.03193375840783119,0.06756791472434998,0.1761474609375,14348.8466796875,0.34133100509643555,1.0601696968078613,0.01840161345899105,0.9432452321052551,,,,,,,,
train_epoch_end,214,23326,0.39800921082496643,0.16620676219463348,0.2230621725320816,0.04603379964828491,0.15761642158031464,0.21294978260993958,0.014833333902060986,0.13416697084903717,0.004387435037642717,0.025754205882549286,0.053019896149635315,0.1514892578125,13332.6640625,0.39800921082496643,1.0654271841049194,0.016553297638893127,0.9385906457901001,,,,,,,,
train_epoch_end,215,23435,0.35451558232307434,0.14420893788337708,0.21291659772396088,0.03486159071326256,0.1334155797958374,0.19262534379959106,0.014007098972797394,0.10123211145401001,0.004024008754640818,0.03276246041059494,0.05017724633216858,0.13623046875,13355.19921875,0.35451558232307434,1.0651051998138428,0.02396322414278984,0.9388744235038757,,,,,,,,
train_epoch_end,216,23544,0.38087594509124756,0.15227380394935608,0.22048386931419373,0.032703857868909836,0.15850293636322021,0.21325767040252686,0.013989945873618126,0.12914347648620605,0.004076059907674789,0.02709951438009739,0.05348414555191994,0.144775390625,13331.919921875,0.38087594509124756,1.0627343654632568,0.016756389290094376,0.940968930721283,,,,,,,,
train_epoch_end,217,23653,0.3871185779571533,0.16105489432811737,0.24866220355033875,0.03414493426680565,0.1595117151737213,0.2167644500732422,0.012760121375322342,0.14360149204730988,0.004253722727298737,0.019119221717119217,0.052496589720249176,0.1351318359375,13334.2587890625,0.3871185779571533,1.0667791366577148,0.004087158944457769,0.9374011754989624,,,,,,,,
train_epoch_end,218,23762,0.3875539004802704,0.14897885918617249,0.22061626613140106,0.033589720726013184,0.14652161300182343,0.20046211779117584,0.014233813621103764,0.11897601932287216,0.004119295161217451,0.037105537950992584,0.05290443077683449,0.155029296875,12539.5634765625,0.3875539004802704,1.0777063369750977,0.019957562908530235,0.9278965592384338,,,,,,,,
train_epoch_end,219,23871,0.33648058772087097,0.14588670432567596,0.17554864287376404,0.045801736414432526,0.13291054964065552,0.1896558254957199,0.016018318012356758,0.08835458755493164,0.004938662052154541,0.025409672409296036,0.06247920170426369,0.159912109375,14870.2685546875,0.33648058772087097,1.0699528455734253,0.015296128578484058,0.9346206188201904,,,,,,,,
validation_end,220,23980,,,,,,,,,,,,,,,1.0756677389144897,0.024048153311014175,0.9296550750732422,26.578676223754883,0.8999761939048767,68.503173828125,0.14923441410064697,26.578676223754883,0.8999761939048767,68.503173828125,0.14923441410064697
train_epoch_end,220,23980,0.3281558156013489,0.13497157394886017,0.1895272433757782,0.03280413895845413,0.12502281367778778,0.18891572952270508,0.018553391098976135,0.08429604768753052,0.003907118923962116,0.03210659325122833,0.0459645576775074,0.1593017578125,13346.583984375,0.3281558156013489,1.0756677389144897,0.024048153311014175,0.9296550750732422,,,,,,,,
train_epoch_end,221,24089,0.39035409688949585,0.15425701439380646,0.23423756659030914,0.030478212982416153,0.16106247901916504,0.2164665162563324,0.0132285850122571,0.1347050964832306,0.004321010783314705,0.02822519652545452,0.051165636628866196,0.1435546875,13470.6640625,0.39035409688949585,1.0752806663513184,0.03118329495191574,0.929989755153656,,,,,,,,
train_epoch_end,222,24198,0.3371918499469757,0.14169448614120483,0.17831940948963165,0.04166223108768463,0.12855535745620728,0.1926531195640564,0.016193009912967682,0.08542086184024811,0.004318279214203358,0.030448926612734795,0.05772198364138603,0.162109375,14225.0400390625,0.3371918499469757,1.0552173852920532,0.01475493423640728,0.9476720094680786,,,,,,,,
train_epoch_end,223,24307,0.4063796401023865,0.16390548646450043,0.2349473237991333,0.0405917651951313,0.15326324105262756,0.21728107333183289,0.018131854012608528,0.13432539999485016,0.006205481477081776,0.028028596192598343,0.06977508217096329,0.14892578125,13549.7412109375,0.4063796401023865,1.0940637588500977,0.026236318051815033,0.9140235185623169,,,,,,,,
train_epoch_end,224,24416,0.34463411569595337,0.13616690039634705,0.17200890183448792,0.03704111650586128,0.13455402851104736,0.1835157573223114,0.01653391122817993,0.08037922531366348,0.005300873890519142,0.036460381001234055,0.07113626599311829,0.169189453125,15160.306640625,0.34463411569595337,1.069778561592102,0.014373495243489742,0.9347729086875916,,,,,,,,
train_epoch_end,225,24525,0.3243435323238373,0.13329540193080902,0.17621612548828125,0.0369706004858017,0.1218065693974495,0.180757075548172,0.014973701909184456,0.08177239447832108,0.0042461068369448185,0.031335171312093735,0.051126785576343536,0.16162109375,13418.5126953125,0.3243435323238373,1.0812084674835205,0.024344297125935555,0.9248909950256348,,,,,,,,
train_epoch_end,226,24634,0.3830370306968689,0.15305404365062714,0.23985715210437775,0.031144985929131508,0.14735880494117737,0.21416954696178436,0.01475243829190731,0.12750253081321716,0.004848599899560213,0.027847573161125183,0.05714031308889389,0.14306640625,13346.537109375,0.3830370306968689,1.0576045513153076,0.01634816639125347,0.9455329775810242,,,,,,,,
train_epoch_end,227,24743,0.3251870572566986,0.12764552235603333,0.15633660554885864,0.037495557218790054,0.11738582700490952,0.17955055832862854,0.01505722664296627,0.05153866484761238,0.004023453686386347,0.049985602498054504,0.049768462777137756,0.16064453125,13498.6064453125,0.3251870572566986,1.060643196105957,0.017591610550880432,0.942824125289917,,,,,,,,
train_epoch_end,228,24852,0.39902523159980774,0.1569121778011322,0.24487143754959106,0.03055056929588318,0.15801087021827698,0.21874850988388062,0.015064723789691925,0.1372959315776825,0.0047708917409181595,0.028709713369607925,0.05822095274925232,0.1485595703125,13217.107421875,0.39902523159980774,1.0689599514007568,0.011456337757408619,0.935488760471344,,,,,,,,
train_epoch_end,229,24961,0.392776221036911,0.15979421138763428,0.24826228618621826,0.03486610949039459,0.15216612815856934,0.2145642638206482,0.013458341360092163,0.14040732383728027,0.004549820441752672,0.023562142625451088,0.05399417504668236,0.1475830078125,12646.7666015625,0.392776221036911,1.0808501243591309,0.03422221913933754,0.9251976609230042,,,,,,,,
validation_end,230,25070,,,,,,,,,,,,,,,1.0624302625656128,0.022619180381298065,0.9412382245063782,23.448984146118164,0.8777939081192017,77.1568374633789,0.16655904054641724,23.448984146118164,0.8777939081192017,77.1568374633789,0.16655904054641724
train_epoch_end,230,25070,0.3173355460166931,0.12762445211410522,0.16791462898254395,0.03647974506020546,0.10576139390468597,0.17999276518821716,0.018905725330114365,0.05530661344528198,0.004529261961579323,0.04237851873040199,0.05629907548427582,0.1834716796875,12702.337890625,0.3173355460166931,1.0624302625656128,0.022619180381298065,0.9412382245063782,,,,,,,,
train_epoch_end,231,25179,0.3704880177974701,0.14692546427249908,0.21120049059391022,0.03618776425719261,0.13547274470329285,0.19682380557060242,0.01754802092909813,0.09862825274467468,0.0060366131365299225,0.036161504685878754,0.06523893773555756,0.16650390625,13617.6162109375,0.3704880177974701,1.0752283334732056,0.0267989169806242,0.9300349950790405,,,,,,,,
train_epoch_end,232,25288,0.33331671357154846,0.14823387563228607,0.19645200669765472,0.045681439340114594,0.1253705620765686,0.19046083092689514,0.012202858924865723,0.10125934332609177,0.003648636396974325,0.02087629958987236,0.043826229870319366,0.1495361328125,12512.0859375,0.33331671357154846,1.0811132192611694,0.03127586469054222,0.9249724745750427,,,,,,,,
train_epoch_end,233,25397,0.40437427163124084,0.16151651740074158,0.24281662702560425,0.03468887507915497,0.160411536693573,0.21764710545539856,0.017023541033267975,0.1298338621854782,0.004605765454471111,0.032501500099897385,0.05753929167985916,0.156494140625,13374.7685546875,0.40437427163124084,1.0646811723709106,0.01584465056657791,0.9392483234405518,,,,,,,,
train_epoch_end,234,25506,0.3518981635570526,0.14474166929721832,0.20894181728363037,0.03236759081482887,0.14834308624267578,0.2014433592557907,0.011634079739451408,0.11909698694944382,0.003865625709295273,0.022122830152511597,0.04575641453266144,0.1549072265625,13021.453125,0.3518981635570526,1.0712671279907227,0.015877561643719673,0.9334740042686462,,,,,,,,
train_epoch_end,235,25615,0.33443745970726013,0.1406279057264328,0.18150809407234192,0.04286608099937439,0.12036368250846863,0.1841793805360794,0.015503747388720512,0.07362024486064911,0.004995689727365971,0.03458341211080551,0.06452253460884094,0.1597900390625,13920.20703125,0.33443745970726013,1.0690360069274902,0.024346711114048958,0.9354221820831299,,,,,,,,
train_epoch_end,236,25724,0.3482619524002075,0.1330384910106659,0.19600197672843933,0.028524575755000114,0.1346893012523651,0.18849889934062958,0.011964786797761917,0.08205993473529816,0.0035015270113945007,0.04623107239603996,0.04309742897748947,0.1435546875,12066.990234375,0.3482619524002075,1.075124740600586,0.04520394653081894,0.9301246404647827,,,,,,,,
train_epoch_end,237,25833,0.30128467082977295,0.13480213284492493,0.18883126974105835,0.04104549437761307,0.10112310945987701,0.17747509479522705,0.014082113280892372,0.07987183332443237,0.003963706083595753,0.02156352624297142,0.04399918019771576,0.1622314453125,12300.03515625,0.30128467082977295,1.0685338973999023,0.028445778414607048,0.9358617663383484,,,,,,,,
train_epoch_end,238,25942,0.34610599279403687,0.13831476867198944,0.20319555699825287,0.03137501701712608,0.13343055546283722,0.19565144181251526,0.012872271239757538,0.09276780486106873,0.004266902804374695,0.03505095839500427,0.049828190356492996,0.1435546875,13839.04296875,0.34610599279403687,1.0668984651565552,0.026945652440190315,0.9372963309288025,,,,,,,,
train_epoch_end,239,26051,0.3343014717102051,0.14349569380283356,0.20228704810142517,0.03944287449121475,0.12636257708072662,0.18694736063480377,0.012782745994627476,0.09379635751247406,0.004361610393971205,0.025674818083643913,0.05059121176600456,0.153564453125,13292.404296875,0.3343014717102051,1.0656049251556396,0.024917172268033028,0.9384341239929199,,,,,,,,
validation_end,240,26160,,,,,,,,,,,,,,,1.0666334629058838,0.02511085756123066,0.9375292062759399,27.726430892944336,0.9038581252098083,67.51010131835938,0.14785093069076538,27.726430892944336,0.9038581252098083,67.51010131835938,0.14785093069076538
train_epoch_end,240,26160,0.34192922711372375,0.1513182371854782,0.1997407078742981,0.04484429582953453,0.13303504884243011,0.18539637327194214,0.018961407244205475,0.09044763445854187,0.00491747073829174,0.024405987933278084,0.06259974092245102,0.1676025390625,14029.8076171875,0.34192922711372375,1.0666334629058838,0.02511085756123066,0.9375292062759399,,,,,,,,
train_epoch_end,241,26269,0.32747405767440796,0.14761194586753845,0.1841243952512741,0.047022055834531784,0.1321336328983307,0.1811336874961853,0.013648051768541336,0.08957081288099289,0.004461472854018211,0.020863879472017288,0.059098877012729645,0.14990234375,14335.5986328125,0.32747405767440796,1.0553287267684937,0.015382622368633747,0.9475720524787903,,,,,,,,
train_epoch_end,242,26378,0.374195396900177,0.14399081468582153,0.23667067289352417,0.024853559210896492,0.14917579293251038,0.20106962323188782,0.010274732485413551,0.12284495681524277,0.003416430437937379,0.03384460508823395,0.041343268007040024,0.13232421875,12688.818359375,0.374195396900177,1.0687085390090942,0.0414823554456234,0.9357088208198547,,,,,,,,
train_epoch_end,243,26487,0.37345901131629944,0.14923344552516937,0.22948509454727173,0.031621068716049194,0.14491991698741913,0.20346365869045258,0.014659005217254162,0.12668925523757935,0.005239049904048443,0.025589700788259506,0.05681464076042175,0.13427734375,13486.43359375,0.37345901131629944,1.0540496110916138,0.023394061252474785,0.9487219452857971,,,,,,,,
train_epoch_end,244,26596,0.2953987419605255,0.13225984573364258,0.17379222810268402,0.04113849997520447,0.11067724227905273,0.17204508185386658,0.011197893880307674,0.06772816181182861,0.003920739982277155,0.02649061009287834,0.04428950324654579,0.1448974609375,12948.1943359375,0.2953987419605255,1.0634448528289795,0.03028450533747673,0.9403402805328369,,,,,,,,
train_epoch_end,245,26705,0.3971296548843384,0.156100794672966,0.1738763153553009,0.048316530883312225,0.1555211842060089,0.20521172881126404,0.01965487375855446,0.10402664542198181,0.007323661353439093,0.03946826606988907,0.08418643474578857,0.1441650390625,15275.873046875,0.3971296548843384,1.075395107269287,0.023319661617279053,0.9298908114433289,,,,,,,,
train_epoch_end,246,26814,0.4288734495639801,0.16637404263019562,0.21624571084976196,0.04176818206906319,0.1681303083896637,0.22002480924129486,0.026037514209747314,0.1442497819662094,0.005894965026527643,0.030891191214323044,0.07535038888454437,0.1767578125,14064.994140625,0.4288734495639801,1.0516761541366577,0.018288075923919678,0.9508630633354187,,,,,,,,
train_epoch_end,247,26923,0.3250105381011963,0.1370605230331421,0.18535667657852173,0.03625711426138878,0.13291315734386444,0.18202513456344604,0.01213374175131321,0.08394061774015427,0.004157244227826595,0.02956448122859001,0.04924285411834717,0.1551513671875,12894.271484375,0.3250105381011963,1.0886310338974,0.012843064963817596,0.9185848832130432,,,,,,,,
train_epoch_end,248,27032,0.3383180499076843,0.12259939312934875,0.16688136756420135,0.028155583888292313,0.12429273128509521,0.16960859298706055,0.018757695332169533,0.060026317834854126,0.004293917678296566,0.05271010845899582,0.0558987595140934,0.18212890625,13784.5,0.3383180499076843,1.101596474647522,0.05540737882256508,0.9077734351158142,,,,,,,,
train_epoch_end,249,27141,0.37996822595596313,0.1597304344177246,0.26030728220939636,0.03294890746474266,0.14914017915725708,0.2087666094303131,0.014172029681503773,0.1227947324514389,0.004456686787307262,0.02557842992246151,0.05523247644305229,0.1474609375,13273.7412109375,0.37996822595596313,1.0863864421844482,0.022279907017946243,0.9204827547073364,,,,,,,,
validation_end,250,27250,,,,,,,,,,,,,,,1.103907823562622,0.015121951699256897,0.9058727622032166,27.611289978027344,0.9038649797439575,68.94855499267578,0.15706315636634827,27.611289978027344,0.9038649797439575,68.94855499267578,0.15706315636634827
train_epoch_end,250,27250,0.4004732072353363,0.15745793282985687,0.24471142888069153,0.02928297221660614,0.16355276107788086,0.21979494392871857,0.016517629846930504,0.13343705236911774,0.004081213381141424,0.031215261667966843,0.057281479239463806,0.1519775390625,13548.333984375,0.4004732072353363,1.103907823562622,0.015121951699256897,0.9058727622032166,,,,,,,,
train_epoch_end,251,27359,0.32506799697875977,0.13495901226997375,0.1865733563899994,0.03287547081708908,0.13562540709972382,0.18590185046195984,0.011774680577218533,0.08278405666351318,0.0037785652093589306,0.03191189467906952,0.04800209030508995,0.1466064453125,13058.341796875,0.32506799697875977,1.074933648109436,0.02310936711728573,0.9302899837493896,,,,,,,,
train_epoch_end,252,27468,0.28893500566482544,0.10797002911567688,0.1083056628704071,0.0354340560734272,0.10641363263130188,0.15407073497772217,0.013796310871839523,0.03583398461341858,0.004545722622424364,0.04835665225982666,0.05568953603506088,0.1651611328125,13439.57421875,0.28893500566482544,1.0766592025756836,0.03878919780254364,0.928799033164978,,,,,,,,
train_epoch_end,253,27577,0.382100373506546,0.16068974137306213,0.24437394738197327,0.03602779284119606,0.15358248353004456,0.2133512794971466,0.015350837260484695,0.1302761733531952,0.004202975891530514,0.023020198568701744,0.05232621729373932,0.1416015625,13649.392578125,0.382100373506546,1.0468183755874634,0.010160189121961594,0.9552755355834961,,,,,,,,
train_epoch_end,254,27686,0.33726921677589417,0.12916822731494904,0.1800953894853592,0.03006676584482193,0.12617479264736176,0.1887592375278473,0.01463190745562315,0.09640665352344513,0.004728356376290321,0.03242149576544762,0.05260033532977104,0.168212890625,12157.6953125,0.33726921677589417,1.0651391744613647,0.010663533583283424,0.9388444423675537,,,,,,,,
train_epoch_end,255,27795,0.3338938057422638,0.1270364224910736,0.15091072022914886,0.036555591970682144,0.12445138394832611,0.1765434443950653,0.01594380848109722,0.046170420944690704,0.005321066826581955,0.053793806582689285,0.0674068033695221,0.15966796875,14965.896484375,0.3338938057422638,1.0755853652954102,0.020666657015681267,0.9297263026237488,,,,,,,,
train_epoch_end,256,27904,0.3278094530105591,0.13537223637104034,0.17212343215942383,0.03655925393104553,0.13775059580802917,0.1807790994644165,0.013066234067082405,0.08102677762508392,0.004548618569970131,0.031922757625579834,0.05618496984243393,0.1444091796875,14527.626953125,0.3278094530105591,1.0812907218933105,0.026485368609428406,0.9248206615447998,,,,,,,,
train_epoch_end,257,28013,0.31250762939453125,0.12970024347305298,0.1616467833518982,0.03768140822649002,0.12130749225616455,0.17461459338665009,0.015275266021490097,0.06849651038646698,0.004871350713074207,0.031704507768154144,0.06312276422977448,0.1641845703125,13831.37890625,0.31250762939453125,1.074211835861206,0.03153957054018974,0.9309150576591492,,,,,,,,
train_epoch_end,258,28122,0.30914053320884705,0.12583498656749725,0.17994926869869232,0.03127580136060715,0.11736127734184265,0.1774139702320099,0.009960646741092205,0.06526575982570648,0.003627446945756674,0.038161806762218475,0.04038514941930771,0.15087890625,12901.48828125,0.30914053320884705,1.0664279460906982,0.03424885869026184,0.9377098679542542,,,,,,,,
train_epoch_end,259,28231,0.32604384422302246,0.12982331216335297,0.15083730220794678,0.03839351236820221,0.12929469347000122,0.17412686347961426,0.015936419367790222,0.07897689193487167,0.005178825929760933,0.03346467390656471,0.0620923675596714,0.149658203125,14643.484375,0.32604384422302246,1.0720633268356323,0.02793166972696781,0.9327807426452637,,,,,,,,
validation_end,260,28340,,,,,,,,,,,,,,,1.062628984451294,0.019037142395973206,0.9410622119903564,28.168424606323242,0.906841516494751,64.68220520019531,0.14876098930835724,28.168424606323242,0.906841516494751,64.68220520019531,0.14876098930835724
train_epoch_end,260,28340,0.39265385270118713,0.1586354821920395,0.24762094020843506,0.0326523631811142,0.15732188522815704,0.21279248595237732,0.013872657902538776,0.1288832128047943,0.004837675020098686,0.02930373325943947,0.056456539779901505,0.1419677734375,13377.6181640625,0.39265385270118713,1.062628984451294,0.019037142395973206,0.9410622119903564,,,,,,,,
train_epoch_end,261,28449,0.35434141755104065,0.14681029319763184,0.22910955548286438,0.03067649155855179,0.1395091861486435,0.19890418648719788,0.016354817897081375,0.1061025932431221,0.004117779899388552,0.02845635637640953,0.0507378950715065,0.14404296875,13309.2734375,0.35434141755104065,1.0623347759246826,0.029795661568641663,0.9413228631019592,,,,,,,,
train_epoch_end,262,28558,0.29240408539772034,0.12456807494163513,0.15079766511917114,0.040822409093379974,0.106532022356987,0.1616593599319458,0.012989254668354988,0.061318181455135345,0.004296448081731796,0.031011126935482025,0.04825380817055702,0.158447265625,12297.0576171875,0.29240408539772034,1.0569334030151367,0.016888760030269623,0.9461334347724915,,,,,,,,
train_epoch_end,263,28667,0.39412394165992737,0.16272971034049988,0.22843362390995026,0.041201237589120865,0.15812519192695618,0.21242061257362366,0.014586827717721462,0.1383131742477417,0.0044067660346627235,0.022596102207899094,0.058239616453647614,0.1500244140625,13922.783203125,0.39412394165992737,1.0723373889923096,0.020876379683613777,0.9325423240661621,,,,,,,,
train_epoch_end,264,28776,0.39791467785835266,0.161722332239151,0.21942853927612305,0.04145347326993942,0.15967565774917603,0.20866265892982483,0.018506202846765518,0.14262741804122925,0.005766165442764759,0.020985163748264313,0.06813152879476547,0.1429443359375,14498.068359375,0.39791467785835266,1.071370005607605,0.02024022676050663,0.933384358882904,,,,,,,,
train_epoch_end,265,28885,0.4029202461242676,0.16526752710342407,0.22705434262752533,0.045343462377786636,0.1509316861629486,0.21227571368217468,0.016799919307231903,0.13439518213272095,0.006630368530750275,0.025563448667526245,0.06646793335676193,0.1578369140625,13105.7265625,0.4029202461242676,1.0648343563079834,0.023611122742295265,0.939113199710846,,,,,,,,
train_epoch_end,266,28994,0.40145838260650635,0.1459183245897293,0.21652667224407196,0.03003045730292797,0.1492500603199005,0.21064135432243347,0.01351823378354311,0.10706204175949097,0.00471066078171134,0.05207270383834839,0.052702635526657104,0.136962890625,12751.5263671875,0.40145838260650635,1.0637905597686768,0.024991024285554886,0.9400346875190735,,,,,,,,
train_epoch_end,267,29103,0.3259802758693695,0.12723658978939056,0.15676343441009521,0.03592139855027199,0.12032327800989151,0.1808830201625824,0.015820864588022232,0.052082136273384094,0.004425432533025742,0.05006052926182747,0.05131671950221062,0.162353515625,13050.52734375,0.3259802758693695,1.0766572952270508,0.025132538750767708,0.928800642490387,,,,,,,,
train_epoch_end,268,29212,0.33973562717437744,0.1314653605222702,0.1581970900297165,0.03764699772000313,0.13290347158908844,0.17586080729961395,0.013828596100211143,0.07719854265451431,0.004406406544148922,0.04137592762708664,0.057336773723363876,0.1490478515625,14671.416015625,0.33973562717437744,1.060624122619629,0.016652608290314674,0.942841112613678,,,,,,,,
train_epoch_end,269,29321,0.36225104331970215,0.1533692330121994,0.2259044200181961,0.03812439367175102,0.14302964508533478,0.20642070472240448,0.009477006271481514,0.12375079840421677,0.003034978173673153,0.02412530593574047,0.03374159708619118,0.1361083984375,11799.1826171875,0.36225104331970215,1.0719828605651855,0.026488427072763443,0.93285071849823,,,,,,,,
validation_end,270,29430,,,,,,,,,,,,,,,1.0554051399230957,0.006733817979693413,0.9475034475326538,25.99941635131836,0.8954688906669617,67.66810607910156,0.15523803234100342,25.99941635131836,0.8954688906669617,67.66810607910156,0.15523803234100342
train_epoch_end,270,29430,0.40452802181243896,0.1691243201494217,0.25933995842933655,0.03929642587900162,0.16032655537128448,0.2160899043083191,0.013209093362092972,0.1537056714296341,0.004014948848634958,0.018298476934432983,0.0534985288977623,0.13818359375,13894.689453125,0.40452802181243896,1.0554051399230957,0.006733817979693413,0.9475034475326538,,,,,,,,
train_epoch_end,271,29539,0.29880085587501526,0.12828309834003448,0.18767544627189636,0.032497432082891464,0.10778564214706421,0.17737999558448792,0.016729598864912987,0.06630147993564606,0.0038353181444108486,0.030447088181972504,0.044235628098249435,0.1566162109375,12772.3876953125,0.29880085587501526,1.0595612525939941,0.010883551090955734,0.9437868595123291,,,,,,,,
train_epoch_end,272,29648,0.3681229054927826,0.15317347645759583,0.24324530363082886,0.031295888125896454,0.1467689871788025,0.21309128403663635,0.01225951500236988,0.13400891423225403,0.003514305455610156,0.0201729703694582,0.0431191511452198,0.14208984375,12094.52734375,0.3681229054927826,1.0566742420196533,0.01823638193309307,0.946365475654602,,,,,,,,
train_epoch_end,273,29757,0.3873308002948761,0.15916197001934052,0.22648568451404572,0.037714824080467224,0.1579570472240448,0.21208229660987854,0.016512911766767502,0.1246960386633873,0.0051262471824884415,0.026865806430578232,0.06266123801469803,0.1456298828125,14385.1044921875,0.3873308002948761,1.0696579217910767,0.021958893164992332,0.9348782896995544,,,,,,,,
train_epoch_end,274,29866,0.3387848138809204,0.14480097591876984,0.19700010120868683,0.041162289679050446,0.1247967854142189,0.19052477180957794,0.01654789038002491,0.07973112165927887,0.005116955377161503,0.030474739149212837,0.06685847043991089,0.1719970703125,14275.0126953125,0.3387848138809204,1.0608513355255127,0.01568937487900257,0.942639172077179,,,,,,,,
train_epoch_end,275,29975,0.4071322977542877,0.16177047789096832,0.2533921003341675,0.030840743333101273,0.16672150790691376,0.22178681194782257,0.014890599064528942,0.1499136984348297,0.004869004245847464,0.02427506260573864,0.06001273915171623,0.1279296875,14231.306640625,0.4071322977542877,1.0673855543136597,0.023817136883735657,0.9368686079978943,,,,,,,,
train_epoch_end,276,30084,0.3805220425128937,0.1547609567642212,0.25301408767700195,0.028074540197849274,0.15572257339954376,0.21238720417022705,0.013054152019321918,0.12159161269664764,0.004206045996397734,0.029706481844186783,0.0529562309384346,0.14697265625,12617.1923828125,0.3805220425128937,1.0542818307876587,0.019148804247379303,0.9485129714012146,,,,,,,,
train_epoch_end,277,30193,0.31788599491119385,0.13055388629436493,0.17066945135593414,0.037708137184381485,0.11619266122579575,0.17687472701072693,0.013770968653261662,0.07467596977949142,0.004358090925961733,0.0325637012720108,0.05659487843513489,0.15087890625,13930.970703125,0.31788599491119385,1.051128625869751,0.020378516986966133,0.9513583779335022,,,,,,,,
train_epoch_end,278,30302,0.29410988092422485,0.12525209784507751,0.17498916387557983,0.03394249454140663,0.10765457898378372,0.17606133222579956,0.012170154601335526,0.06017346680164337,0.004402351565659046,0.03159632906317711,0.05238325148820877,0.1484375,13146.6611328125,0.29410988092422485,1.0548717975616455,0.028077229857444763,0.9479824900627136,,,,,,,,
train_epoch_end,279,30411,0.3884850740432739,0.15627257525920868,0.2624576687812805,0.02638799324631691,0.15836116671562195,0.2155000865459442,0.012519463896751404,0.12254491448402405,0.0037922176998108625,0.03315990790724754,0.04859943687915802,0.1434326171875,13062.419921875,0.3884850740432739,1.0615830421447754,0.040939200669527054,0.9419894218444824,,,,,,,,
validation_end,280,30520,,,,,,,,,,,,,,,1.0373849868774414,0.017446834594011307,0.9639622569084167,27.712726593017578,0.9038999676704407,69.9050521850586,0.15182502567768097,27.712726593017578,0.9038999676704407,69.9050521850586,0.15182502567768097
train_epoch_end,280,30520,0.35550838708877563,0.14560073614120483,0.21546626091003418,0.03262854740023613,0.14235347509384155,0.20226973295211792,0.013161096721887589,0.1114010214805603,0.004041177686303854,0.025860778987407684,0.05263562500476837,0.1551513671875,14066.830078125,0.35550838708877563,1.0373849868774414,0.017446834594011307,0.9639622569084167,,,,,,,,
train_epoch_end,281,30629,0.3862077295780182,0.1632278859615326,0.24727746844291687,0.03892935812473297,0.1476958692073822,0.21203088760375977,0.01740843802690506,0.12337905168533325,0.005242187529802322,0.02510286681354046,0.06404009461402893,0.147216796875,13418.1015625,0.3862077295780182,1.0517038106918335,0.026682527735829353,0.950838029384613,,,,,,,,
train_epoch_end,282,30738,0.3251911997795105,0.13104388117790222,0.17342570424079895,0.03714289143681526,0.11929812282323837,0.171690434217453,0.014203876256942749,0.08044041693210602,0.004319331608712673,0.033175431191921234,0.0540909469127655,0.1656494140625,12942.9052734375,0.3251911997795105,1.0630929470062256,0.019046565517783165,0.940651535987854,,,,,,,,
train_epoch_end,283,30847,0.36713361740112305,0.14727559685707092,0.21644458174705505,0.03279304504394531,0.14691852033138275,0.20399200916290283,0.01297035813331604,0.12396878004074097,0.004724434111267328,0.02444956824183464,0.05559229478240013,0.1527099609375,13093.5439453125,0.36713361740112305,1.068367838859558,0.023266514763236046,0.9360072016716003,,,,,,,,
train_epoch_end,284,30956,0.3884175717830658,0.15386177599430084,0.21456974744796753,0.036558013409376144,0.1517363041639328,0.21360135078430176,0.017468463629484177,0.11692814528942108,0.004438198171555996,0.035400163382291794,0.057578280568122864,0.1475830078125,13239.296875,0.3884175717830658,1.0661414861679077,0.011900939978659153,0.9379618167877197,,,,,,,,
train_epoch_end,285,31065,0.3162756562232971,0.124510258436203,0.16597355902194977,0.030440393835306168,0.12062501907348633,0.175761878490448,0.01937614381313324,0.06643765419721603,0.0043869661167263985,0.039282433688640594,0.050213295966386795,0.17138671875,12686.962890625,0.3162756562232971,1.0650280714035034,0.017923811450600624,0.9389423727989197,,,,,,,,
train_epoch_end,286,31174,0.4127633273601532,0.15733502805233002,0.22397801280021667,0.03600112348794937,0.15883439779281616,0.2134634554386139,0.017137810587882996,0.1155538409948349,0.005723828449845314,0.0422806441783905,0.07530172169208527,0.15771484375,14986.3046875,0.4127633273601532,1.059287190437317,0.013607876375317574,0.9440310597419739,,,,,,,,
train_epoch_end,287,31283,0.2985835671424866,0.1250043362379074,0.18476995825767517,0.030855638906359673,0.11267209053039551,0.17370714247226715,0.009669872932136059,0.08398530632257462,0.003583860117942095,0.02420518733561039,0.04030555486679077,0.1497802734375,12546.7880859375,0.2985835671424866,1.0701650381088257,0.03227050602436066,0.9344353079795837,,,,,,,,
train_epoch_end,288,31392,0.3868553936481476,0.16177940368652344,0.2557278275489807,0.03352413699030876,0.15671411156654358,0.21715757250785828,0.01371611189097166,0.14237889647483826,0.004386506974697113,0.018452227115631104,0.054472003132104874,0.14404296875,13383.822265625,0.3868553936481476,1.043407678604126,0.0041334182024002075,0.958398163318634,,,,,,,,
train_epoch_end,289,31501,0.30044057965278625,0.12548516690731049,0.16618949174880981,0.03520805388689041,0.11645224690437317,0.16665759682655334,0.011803705245256424,0.061243318021297455,0.0042313397862017155,0.034253817051649094,0.04935193806886673,0.15234375,13399.234375,0.30044057965278625,1.0664725303649902,0.02936813235282898,0.9376706480979919,,,,,,,,
validation_end,290,31610,,,,,,,,,,,,,,,1.0691418647766113,0.02921834960579872,0.9353295564651489,28.633623123168945,0.9124538898468018,65.12128448486328,0.14843250811100006,28.633623123168945,0.9124538898468018,65.12128448486328,0.14843250811100006
train_epoch_end,290,31610,0.3914630711078644,0.16206541657447815,0.25083255767822266,0.033758096396923065,0.1611545830965042,0.21908661723136902,0.013607515022158623,0.14524449408054352,0.004189630039036274,0.019533226266503334,0.05440753698348999,0.1409912109375,13196.029296875,0.3914630711078644,1.0691418647766113,0.02921834960579872,0.9353295564651489,,,,,,,,
train_epoch_end,291,31719,0.39340347051620483,0.15104645490646362,0.21403072774410248,0.03279818221926689,0.1556011438369751,0.204278826713562,0.021649735048413277,0.1222347542643547,0.005052843131124973,0.034523241221904755,0.06826142966747284,0.1470947265625,14248.1396484375,0.39340347051620483,1.0545417070388794,0.01452390756458044,0.9482792615890503,,,,,,,,
train_epoch_end,292,31828,0.35109245777130127,0.13558147847652435,0.18895316123962402,0.032532498240470886,0.1347222924232483,0.18924474716186523,0.012822546064853668,0.08970724791288376,0.004319874569773674,0.03847382962703705,0.05657343566417694,0.162353515625,14157.505859375,0.35109245777130127,1.0590722560882568,0.020810455083847046,0.944222629070282,,,,,,,,
train_epoch_end,293,31937,0.3649020195007324,0.1576535999774933,0.2515469193458557,0.03771480917930603,0.13392382860183716,0.20816627144813538,0.011017895303666592,0.1263119876384735,0.003361753188073635,0.020604919642210007,0.043372008949518204,0.1339111328125,12132.212890625,0.3649020195007324,1.0587961673736572,0.027776652947068214,0.9444688558578491,,,,,,,,
train_epoch_end,294,32046,0.3886059820652008,0.1567927449941635,0.2210998237133026,0.0399286262691021,0.15219563245773315,0.20327503979206085,0.012851023115217686,0.13655443489551544,0.004722184035927057,0.025171414017677307,0.053115591406822205,0.142578125,12655.5439453125,0.3886059820652008,1.0624216794967651,0.0187006164342165,0.9412458539009094,,,,,,,,
train_epoch_end,295,32155,0.31623825430870056,0.12556248903274536,0.17062616348266602,0.030918147414922714,0.12202468514442444,0.18664327263832092,0.011269164271652699,0.07146728038787842,0.004076212644577026,0.0375748872756958,0.04671458899974823,0.1583251953125,12465.23828125,0.31623825430870056,1.049669623374939,0.019031072035431862,0.9526807069778442,,,,,,,,
train_epoch_end,296,32264,0.3110673129558563,0.13527727127075195,0.18496619164943695,0.03682750090956688,0.12821654975414276,0.1711464524269104,0.012157801538705826,0.0771709531545639,0.0039123836904764175,0.027006125077605247,0.04969358444213867,0.1422119140625,14049.85546875,0.3110673129558563,1.0725126266479492,0.025413429364562035,0.9323899745941162,,,,,,,,
train_epoch_end,297,32373,0.3052447736263275,0.1344698667526245,0.18622007966041565,0.036854587495326996,0.12058129906654358,0.18190038204193115,0.010899577289819717,0.07760551571846008,0.003737114369869232,0.025417950004339218,0.043977685272693634,0.145751953125,13029.78125,0.3052447736263275,1.0521217584609985,0.017134230583906174,0.9504603147506714,,,,,,,,
train_epoch_end,298,32482,0.3622038960456848,0.15090236067771912,0.22499233484268188,0.036944493651390076,0.13706472516059875,0.2029353529214859,0.012600274756550789,0.10515061020851135,0.0046551162376999855,0.029563331976532936,0.0555390790104866,0.1474609375,13736.712890625,0.3622038960456848,1.0654571056365967,0.014594335108995438,0.9385643005371094,,,,,,,,
train_epoch_end,299,32591,0.38928964734077454,0.15492334961891174,0.23812511563301086,0.02994035929441452,0.16167128086090088,0.21671350300312042,0.013450166210532188,0.138854518532753,0.004027984570711851,0.0257442407310009,0.054268479347229004,0.1380615234375,12618.9462890625,0.38928964734077454,1.0621570348739624,0.03223391994833946,0.9414803981781006,,,,,,,,
validation_end,300,32700,,,,,,,,,,,,,,,1.050908088684082,0.023354755714535713,0.951557993888855,26.905561447143555,0.9032148718833923,67.09068298339844,0.15327462553977966,26.905561447143555,0.9032148718833923,67.09068298339844,0.15327462553977966
train_epoch_end,300,32700,0.3641871213912964,0.157666876912117,0.22130902111530304,0.04461425542831421,0.13858872652053833,0.19373929500579834,0.014817054383456707,0.11754326522350311,0.004123574122786522,0.022890351712703705,0.04894424229860306,0.1424560546875,12592.556640625,0.3641871213912964,1.050908088684082,0.023354755714535713,0.951557993888855,,,,,,,,
