event,epoch,global_step,phys_factor_vae/loss_total,phys_factor_vae/loss_factor,phys_factor_vae/loss_factor_e,phys_factor_vae/loss_factor_t,phys_factor_vae/loss_factor_r,phys_factor_vae/loss_factor_a,phys_factor_vae/loss_factor_b,phys_factor_vae/loss_phys,phys_factor_vae/loss_delta,phys_factor_vae/loss_img,phys_factor_vae/loss_edge,phys_factor_vae/loss_lpips,phys_factor_vae/loss_kl,loss_G,latent_std,latent_mean,latent_normalizer,DroneVehicle_day_val/PSNR,DroneVehicle_day_val/SSIM,DroneVehicle_day_val/FID,DroneVehicle_day_val/LPIPS,val_all/PSNR,val_all/SSIM,val_all/FID,val_all/LPIPS
train_epoch_end,1,360,0.5725746750831604,0.17291736602783203,0.01758504845201969,0.11633196473121643,0.1259613037109375,0.011101651936769485,0.07835458219051361,0.09538403153419495,0.003717168001458049,0.08149944990873337,0.2805369794368744,0.58251953125,9164.9267578125,0.5725746750831604,,,,,,,,,,,
train_epoch_end,2,720,0.5507736206054688,0.1424378901720047,0.014594853855669498,0.08349330723285675,0.12402895092964172,0.02737661823630333,0.08620385825634003,0.07379047572612762,0.004555180668830872,0.09478192031383514,0.31476014852523804,0.52197265625,9551.12109375,0.5507736206054688,1.3490831851959229,0.44383537769317627,0.7412441372871399,,,,,,,,
train_epoch_end,3,1080,0.4920794665813446,0.13648797571659088,0.01704803667962551,0.07684385776519775,0.12304674088954926,0.03928414732217789,0.0827680453658104,0.07459980249404907,0.004694903269410133,0.06858401000499725,0.31367409229278564,0.489990234375,11699.017578125,0.4920794665813446,1.258089303970337,0.34399640560150146,0.7948561310768127,,,,,,,,
train_epoch_end,4,1440,0.45994558930397034,0.1290961056947708,0.012797677889466286,0.07221148908138275,0.12473417818546295,0.048378992825746536,0.07065501064062119,0.075110524892807,0.004373594187200069,0.06397885084152222,0.26597583293914795,0.44970703125,11930.7919921875,0.45994558930397034,1.066874623298645,0.2746868133544922,0.9373172521591187,,,,,,,,
train_epoch_end,5,1800,0.4358079135417938,0.11791268736124039,0.010668529197573662,0.06435458362102509,0.11958180367946625,0.05193684250116348,0.06320735067129135,0.06227312609553337,0.00404568575322628,0.06520049273967743,0.2616237998008728,0.43994140625,11763.1181640625,0.4358079135417938,1.053861141204834,0.2442810833454132,0.9488916397094727,,,,,,,,
train_epoch_end,6,2160,0.4211673140525818,0.11502261459827423,0.010546253994107246,0.06081569194793701,0.12263248860836029,0.04102427139878273,0.06723921000957489,0.05927511304616928,0.004295149818062782,0.06311240792274475,0.26149311661720276,0.38427734375,12554.736328125,0.4211673140525818,0.9982118010520935,0.20686893165111542,1.0017913579940796,,,,,,,,
train_epoch_end,7,2520,0.41150227189064026,0.12307187169790268,0.011289883404970169,0.07192614674568176,0.12355175614356995,0.049131155014038086,0.0500887930393219,0.08101443946361542,0.003630317747592926,0.05239272490143776,0.19823893904685974,0.361328125,13307.65234375,0.41150227189064026,0.9941986203193665,0.1763077676296234,1.0058351755142212,,,,,,,,
train_epoch_end,8,2880,0.3459663689136505,0.09818493574857712,0.009315851144492626,0.04680031165480614,0.12320712208747864,0.05463295429944992,0.05116236209869385,0.054110992699861526,0.003733978606760502,0.047099292278289795,0.1892605721950531,0.3466796875,13754.7568359375,0.3459663689136505,0.9958689212799072,0.14884677529335022,1.004148244857788,,,,,,,,
train_epoch_end,9,3240,0.3688611090183258,0.10741536319255829,0.010923116467893124,0.054590195417404175,0.12299355864524841,0.057581767439842224,0.05435130000114441,0.062437646090984344,0.0042138178832829,0.047243036329746246,0.2119007408618927,0.32421875,14923.3779296875,0.3688611090183258,1.0104564428329468,0.11411119997501373,0.9896517395973206,,,,,,,,
validation_end,10,3600,,,,,,,,,,,,,,,1.0077532529830933,0.10822709649801254,0.9923064112663269,21.584707260131836,0.6863266229629517,95.6378173828125,0.4070773720741272,21.584707260131836,0.6863266229629517,95.6378173828125,0.4070773720741272
train_epoch_end,10,3600,0.4229435622692108,0.12129319459199905,0.011554697528481483,0.06718537211418152,0.12452960014343262,0.04331983998417854,0.06301907449960709,0.06269322335720062,0.004679428413510323,0.060279570519924164,0.24396196007728577,0.371826171875,15557.6806640625,0.4229435622692108,1.0077532529830933,0.10822709649801254,0.9923064112663269,,,,,,,,
train_epoch_end,11,3960,0.37217456102371216,0.10501202195882797,0.011385352350771427,0.05062852427363396,0.12423994392156601,0.06331184506416321,0.056583963334560394,0.04362187907099724,0.0041649965569376945,0.06257723271846771,0.1969130039215088,0.291259765625,15863.91015625,0.37217456102371216,1.0777802467346191,0.1389305144548416,0.9278329014778137,,,,,,,,
train_epoch_end,12,4320,0.37138831615448,0.10125116258859634,0.006868244148790836,0.04983752220869064,0.12358352541923523,0.06601862609386444,0.048795346170663834,0.04696433246135712,0.004553922917693853,0.060933537781238556,0.20405824482440948,0.297607421875,15982.5830078125,0.37138831615448,1.0700709819793701,0.1699507087469101,0.9345174431800842,,,,,,,,
train_epoch_end,13,4680,0.3200305104255676,0.09125440567731857,0.007039591204375029,0.04085379093885422,0.12364748865365982,0.06386096775531769,0.045371007174253464,0.04646622762084007,0.004314009565860033,0.046078406274318695,0.17146694660186768,0.26123046875,16849.265625,0.3200305104255676,1.0043816566467285,0.11878678947687149,0.9956374764442444,,,,,,,,
train_epoch_end,14,5040,0.303435742855072,0.0896148607134819,0.010568905621767044,0.039523039013147354,0.12397406995296478,0.057065270841121674,0.042998190969228745,0.04840284213423729,0.0038668590132147074,0.040375448763370514,0.15916228294372559,0.243896484375,16626.185546875,0.303435742855072,0.994356632232666,0.09512172639369965,1.0056754350662231,,,,,,,,
train_epoch_end,15,5400,0.2795281708240509,0.08573674410581589,0.007761618588119745,0.03747768700122833,0.12225840240716934,0.06460678577423096,0.03717348724603653,0.04605747014284134,0.003872340079396963,0.034031942486763,0.14294874668121338,0.2342529296875,16638.3203125,0.2795281708240509,1.0197904109954834,0.09899014234542847,0.9805936217308044,,,,,,,,
train_epoch_end,16,5760,0.2855270802974701,0.08314421027898788,0.006268783938139677,0.03336406499147415,0.12296082824468613,0.07582715898752213,0.03956010937690735,0.04577987641096115,0.0038716711569577456,0.03945673257112503,0.1412525177001953,0.21728515625,16776.23046875,0.2855270802974701,1.0190682411193848,0.09707529097795486,0.9812885522842407,,,,,,,,
train_epoch_end,17,6120,0.28573253750801086,0.08637441694736481,0.006985319312661886,0.037795741111040115,0.12129958719015121,0.06874755024909973,0.038530781865119934,0.0521775558590889,0.0039785485714674,0.0338343046605587,0.14451999962329865,0.224365234375,16972.990234375,0.28573253750801086,1.0275298357009888,0.08933538943529129,0.9732077717781067,,,,,,,,
train_epoch_end,18,6480,0.25677430629730225,0.07828565686941147,0.007572158705443144,0.02930191531777382,0.12421739101409912,0.07555674761533737,0.0339227095246315,0.04277119040489197,0.003558806609362364,0.03355829045176506,0.11730947345495224,0.1900634765625,16702.2578125,0.25677430629730225,1.037793517112732,0.08426641672849655,0.9635828137397766,,,,,,,,
train_epoch_end,19,6840,0.2867772579193115,0.08438534289598465,0.0075652641244232655,0.03538035601377487,0.12207317352294922,0.07121095061302185,0.03789713978767395,0.053305648267269135,0.003951369784772396,0.0342087559401989,0.1486985683441162,0.21923828125,17615.841796875,0.2867772579193115,1.0381803512573242,0.08562862873077393,0.9632237553596497,,,,,,,,
validation_end,20,7200,,,,,,,,,,,,,,,1.0317714214324951,0.08351262658834457,0.9692069292068481,24.95232582092285,0.8302479982376099,47.706722259521484,0.1725316345691681,24.95232582092285,0.8302479982376099,47.706722259521484,0.1725316345691681
train_epoch_end,20,7200,0.32639092206954956,0.0974072813987732,0.006629795767366886,0.045866355299949646,0.12327344715595245,0.06298327445983887,0.05106715112924576,0.053270310163497925,0.005119974724948406,0.041208021342754364,0.18695557117462158,0.22900390625,18534.94921875,0.32639092206954956,1.0317714214324951,0.08351262658834457,0.9692069292068481,,,,,,,,
train_epoch_end,21,7560,0.25211918354034424,0.07867607474327087,0.010548887774348259,0.02936721220612526,0.12332269549369812,0.07988575100898743,0.03140956163406372,0.04723787307739258,0.003548682201653719,0.029496965929865837,0.1159796416759491,0.169921875,17669.40234375,0.25211918354034424,1.0269558429718018,0.07651159912347794,0.9737517237663269,,,,,,,,
train_epoch_end,22,7920,0.26219063997268677,0.08123765885829926,0.006839341018348932,0.033819302916526794,0.12121890485286713,0.05936415493488312,0.03786952793598175,0.041821613907814026,0.004396403674036264,0.03305993229150772,0.12993919849395752,0.183837890625,17743.453125,0.26219063997268677,1.040395975112915,0.08053430169820786,0.9611725211143494,,,,,,,,
train_epoch_end,23,8280,0.29177725315093994,0.0885860025882721,0.010023098438978195,0.038354672491550446,0.12406642735004425,0.0627911388874054,0.041719332337379456,0.05360008403658867,0.004391259513795376,0.0356927216053009,0.14640510082244873,0.187255859375,18490.681640625,0.29177725315093994,1.0292855501174927,0.06882082670927048,0.9715476632118225,,,,,,,,
train_epoch_end,24,8640,0.30250346660614014,0.088935986161232,0.007885106839239597,0.03900228068232536,0.12403412163257599,0.0583675280213356,0.04446857422590256,0.04485343396663666,0.004604516085237265,0.04248626530170441,0.15866047143936157,0.2130126953125,18170.59765625,0.30250346660614014,1.0673668384552002,0.06824086606502533,0.9368849992752075,,,,,,,,
train_epoch_end,25,9000,0.2808187007904053,0.0806778222322464,0.009275313466787338,0.03350120782852173,0.12265271693468094,0.04950053244829178,0.036978207528591156,0.03732955455780029,0.004117498639971018,0.04629966616630554,0.12491403520107269,0.1744384765625,17425.169921875,0.2808187007904053,1.0474565029144287,0.07310459017753601,0.9546935558319092,,,,,,,,
train_epoch_end,26,9360,0.2702067494392395,0.08489850908517838,0.006396206561475992,0.03659726679325104,0.12352330982685089,0.07049679756164551,0.0350867323577404,0.05007508397102356,0.0039149001240730286,0.03184422850608826,0.12511992454528809,0.1865234375,17703.599609375,0.2702067494392395,1.032254934310913,0.06400930881500244,0.968752920627594,,,,,,,,
train_epoch_end,27,9720,0.23556241393089294,0.07488979399204254,0.007114348001778126,0.027725640684366226,0.12338893115520477,0.06895846128463745,0.03056994080543518,0.04588671028614044,0.003491590963676572,0.027074361220002174,0.0970078557729721,0.151123046875,17779.8046875,0.23556241393089294,1.064786434173584,0.06843993812799454,0.9391554594039917,,,,,,,,
train_epoch_end,28,10080,0.29451704025268555,0.08701352030038834,0.006682953797280788,0.0372198224067688,0.12397153675556183,0.066706582903862,0.0418376661837101,0.04945458471775055,0.004951001610606909,0.03770015388727188,0.15489712357521057,0.19677734375,19289.484375,0.29451704025268555,1.063565731048584,0.07041633874177933,0.9402333498001099,,,,,,,,
train_epoch_end,29,10440,0.23679466545581818,0.07283630967140198,0.007813606411218643,0.024529937654733658,0.12401168793439865,0.08363787829875946,0.027945050969719887,0.047826118767261505,0.003411104902625084,0.02842021733522415,0.09653183817863464,0.1439208984375,17358.69921875,0.23679466545581818,1.0702686309814453,0.06424535810947418,0.9343448877334595,,,,,,,,
validation_end,30,10800,,,,,,,,,,,,,,,1.0592917203903198,0.06013844907283783,0.9440270066261292,23.942644119262695,0.8467425107955933,38.07255172729492,0.1384049504995346,23.942644119262695,0.8467425107955933,38.07255172729492,0.1384049504995346
train_epoch_end,30,10800,0.2649330496788025,0.08169986307621002,0.006670364644378424,0.034225866198539734,0.12298424541950226,0.0656542181968689,0.033979687839746475,0.03731367364525795,0.004121097736060619,0.037620484828948975,0.1295294463634491,0.1673583984375,17436.2109375,0.2649330496788025,1.0592917203903198,0.06013844907283783,0.9440270066261292,,,,,,,,
train_epoch_end,31,11160,0.26305752992630005,0.08723770081996918,0.005251653492450714,0.03910154476761818,0.12379781901836395,0.07994767278432846,0.03151608631014824,0.06620638072490692,0.003394057508558035,0.02438192255795002,0.09864993393421173,0.1531982421875,17473.244140625,0.26305752992630005,1.0455771684646606,0.04865337535738945,0.9564095735549927,,,,,,,,
train_epoch_end,32,11520,0.2909584045410156,0.08633571118116379,0.005931640975177288,0.03708868473768234,0.12382803857326508,0.06426437199115753,0.041522640734910965,0.04442886263132095,0.0049027567729353905,0.03867759183049202,0.15808363258838654,0.1895751953125,19463.5703125,0.2909584045410156,1.0905698537826538,0.057304754853248596,0.9169518351554871,,,,,,,,
train_epoch_end,33,11880,0.24286623299121857,0.07324311137199402,0.0051485453732311726,0.026540063321590424,0.12394881993532181,0.07161523401737213,0.029068734496831894,0.04063548147678375,0.0038009504787623882,0.03297847881913185,0.10642631351947784,0.1485595703125,17768.72265625,0.24286623299121857,1.0499011278152466,0.053933292627334595,0.9524706602096558,,,,,,,,
train_epoch_end,34,12240,0.22854581475257874,0.06975169479846954,0.0045862747356295586,0.024442773312330246,0.12226563692092896,0.0706043690443039,0.026142027229070663,0.038015179336071014,0.0035725762136280537,0.03044494055211544,0.09721111506223679,0.1409912109375,17914.576171875,0.22854581475257874,1.0609272718429565,0.05263003706932068,0.9425716996192932,,,,,,,,
train_epoch_end,35,12600,0.2644486129283905,0.07882849872112274,0.009488765150308609,0.031077058985829353,0.12361608445644379,0.06295996904373169,0.03271692991256714,0.037149861454963684,0.004200407769531012,0.03949837014079094,0.12356366962194443,0.15966796875,18421.50390625,0.2644486129283905,1.056302547454834,0.05866813287138939,0.9466984868049622,,,,,,,,
train_epoch_end,36,12960,0.22196874022483826,0.06780972331762314,0.005338011309504509,0.02168203517794609,0.12355051934719086,0.08726835995912552,0.02071487158536911,0.04729132354259491,0.0032242245506495237,0.02571062743663788,0.08339902758598328,0.13134765625,18234.63671875,0.22196874022483826,1.0665042400360107,0.04460807517170906,0.9376427531242371,,,,,,,,
train_epoch_end,37,13320,0.25080251693725586,0.07266096025705338,0.005449691321700811,0.02818753756582737,0.12083052843809128,0.06264565140008926,0.026555199176073074,0.027015026658773422,0.0036613289266824722,0.043526023626327515,0.10852319002151489,0.15087890625,18191.400390625,0.25080251693725586,1.049971580505371,0.053610313683748245,0.9524067044258118,,,,,,,,
train_epoch_end,38,13680,0.21999961137771606,0.06974387913942337,0.005414606537669897,0.023920809850096703,0.12172579020261765,0.08323858678340912,0.022856438532471657,0.03877347335219383,0.0036599242594093084,0.026213908568024635,0.09434009343385696,0.13134765625,18671.6796875,0.21999961137771606,1.041022777557373,0.04358387738466263,0.9605937600135803,,,,,,,,
train_epoch_end,39,14040,0.2616231143474579,0.08797413855791092,0.00625383947044611,0.04112178832292557,0.1231195256114006,0.060899242758750916,0.033676326274871826,0.05623222887516022,0.0041497074998915195,0.025925718247890472,0.11241963505744934,0.1478271484375,18524.9140625,0.2616231143474579,1.0653678178787231,0.050421278923749924,0.9386429786682129,,,,,,,,
validation_end,40,14400,,,,,,,,,,,,,,,1.0834730863571167,0.05080018937587738,0.9229578375816345,26.721715927124023,0.878691554069519,32.09574890136719,0.11012726277112961,26.721715927124023,0.878691554069519,32.09574890136719,0.11012726277112961
train_epoch_end,40,14400,0.2503293454647064,0.07608263194561005,0.005015553440898657,0.02919146604835987,0.12275732308626175,0.06991930305957794,0.03182403743267059,0.03735747188329697,0.004298005253076553,0.03374483436346054,0.12381473183631897,0.1495361328125,19194.26953125,0.2503293454647064,1.0834730863571167,0.05080018937587738,0.9229578375816345,,,,,,,,
train_epoch_end,41,14760,0.263647198677063,0.07745116949081421,0.004912965930998325,0.030796080827713013,0.12393228709697723,0.07029709964990616,0.029656238853931427,0.037436194717884064,0.0045687612146139145,0.038447797298431396,0.1271122246980667,0.157958984375,19724.56640625,0.263647198677063,1.0350092649459839,0.04791806638240814,0.9661749005317688,,,,,,,,
train_epoch_end,42,15120,0.2511526048183441,0.07554473727941513,0.006035103462636471,0.02970745600759983,0.12258026003837585,0.06934009492397308,0.026997724547982216,0.03538665920495987,0.004344656597822905,0.03596312552690506,0.11704130470752716,0.155029296875,19187.0546875,0.2511526048183441,1.0681830644607544,0.04581012576818466,0.9361691474914551,,,,,,,,
train_epoch_end,43,15480,0.21170833706855774,0.06778643280267715,0.005128846038132906,0.022158285602927208,0.12241150438785553,0.08367863297462463,0.02150076813995838,0.04263788461685181,0.003667972283437848,0.02240760810673237,0.08864662051200867,0.1187744140625,18760.203125,0.21170833706855774,1.053421974182129,0.04214994236826897,0.9492871761322021,,,,,,,,
train_epoch_end,44,15840,0.229922816157341,0.07158331573009491,0.004672117065638304,0.025773439556360245,0.12171347439289093,0.08282598108053207,0.023723527789115906,0.04320382699370384,0.003991211764514446,0.026538610458374023,0.10107911378145218,0.1336669921875,19430.7734375,0.229922816157341,1.058814525604248,0.055444035679101944,0.9444524645805359,,,,,,,,
train_epoch_end,45,16200,0.23702147603034973,0.07393920421600342,0.006402397528290749,0.02888869121670723,0.12038782238960266,0.06674639880657196,0.026713266968727112,0.04145326092839241,0.0043433550745248795,0.027427315711975098,0.11511224508285522,0.1383056640625,19820.890625,0.23702147603034973,1.0507887601852417,0.038940947502851486,0.9516660571098328,,,,,,,,
train_epoch_end,46,16560,0.24789965152740479,0.07839396595954895,0.006134824361652136,0.03295616805553436,0.1233479380607605,0.0649668425321579,0.026281723752617836,0.04703138396143913,0.004356974735856056,0.027267735451459885,0.11422641575336456,0.156005859375,19423.1484375,0.24789965152740479,1.055099368095398,0.040878843516111374,0.947778046131134,,,,,,,,
train_epoch_end,47,16920,0.22634106874465942,0.06998395919799805,0.0037296866066753864,0.024281833320856094,0.12287671864032745,0.08522634208202362,0.022111570462584496,0.03573327511548996,0.0038616321980953217,0.030556881800293922,0.09323632717132568,0.1339111328125,18949.78125,0.22634106874465942,1.0677447319030762,0.04632456600666046,0.936553418636322,,,,,,,,
train_epoch_end,48,17280,0.21555443108081818,0.07036194205284119,0.004147550091147423,0.024566369131207466,0.1237667053937912,0.08946777135133743,0.019480910152196884,0.05144272372126579,0.0031797706615179777,0.019925938919186592,0.0803581029176712,0.11981201171875,18650.4453125,0.21555443108081818,1.07219398021698,0.05776892602443695,0.932667076587677,,,,,,,,
train_epoch_end,49,17640,0.22583205997943878,0.07212439179420471,0.007717905566096306,0.02627338469028473,0.12371519953012466,0.07797954231500626,0.020779088139533997,0.04883919656276703,0.003740612417459488,0.02289390191435814,0.09559699147939682,0.12420654296875,19020.17578125,0.22583205997943878,1.0579382181167603,0.04808517545461655,0.9452347755432129,,,,,,,,
validation_end,50,18000,,,,,,,,,,,,,,,1.0519529581069946,0.03837170451879501,0.9506128430366516,27.368812561035156,0.8879402279853821,29.803131103515625,0.10017702728509903,27.368812561035156,0.8879402279853821,29.803131103515625,0.10017702728509903
train_epoch_end,50,18000,0.21749956905841827,0.06649592518806458,0.00448065809905529,0.021623242646455765,0.1226775199174881,0.080046147108078,0.02031409740447998,0.037339918315410614,0.0037206748966127634,0.02847941964864731,0.08614658564329147,0.130615234375,18386.033203125,0.21749956905841827,1.0519529581069946,0.03837170451879501,0.9506128430366516,,,,,,,,
train_epoch_end,51,18360,0.2222597301006317,0.06755136698484421,0.003822715487331152,0.02072429098188877,0.12399742007255554,0.1016947478055954,0.01881028339266777,0.05270826071500778,0.0035882359370589256,0.023861486464738846,0.08341030031442642,0.1114501953125,18689.7734375,0.2222597301006317,1.041904091835022,0.03806512430310249,0.9597812294960022,,,,,,,,
train_epoch_end,52,18720,0.2566305100917816,0.0820804014801979,0.0057815504260361195,0.03646186366677284,0.1223769336938858,0.07230712473392487,0.025392793118953705,0.05604773759841919,0.0041382587514817715,0.026343196630477905,0.113504558801651,0.1446533203125,18836.25,0.2566305100917816,1.0536386966705322,0.03891069442033768,0.9490919709205627,,,,,,,,
train_epoch_end,53,19080,0.21416541934013367,0.06879591196775436,0.004414319060742855,0.02437148243188858,0.12298163771629333,0.07518191635608673,0.020228980109095573,0.03958117216825485,0.0038074241019785404,0.023408424109220505,0.09216737747192383,0.130859375,19037.81640625,0.21416541934013367,1.0627591609954834,0.035531070083379745,0.9409469366073608,,,,,,,,
train_epoch_end,54,19440,0.21486687660217285,0.0674777701497078,0.00339140510186553,0.0215066559612751,0.1239323765039444,0.09357696771621704,0.019129877910017967,0.04905262589454651,0.003614662680774927,0.022144244983792305,0.08458255231380463,0.10546875,18743.861328125,0.21486687660217285,1.0695549249649048,0.05632420629262924,0.9349683523178101,,,,,,,,
train_epoch_end,55,19800,0.20569175481796265,0.06745530664920807,0.003946335520595312,0.022515717893838882,0.12326003611087799,0.08812220394611359,0.017303112894296646,0.04530841112136841,0.0035058665089309216,0.019776426255702972,0.08065624535083771,0.11279296875,18429.025390625,0.20569175481796265,1.0513921976089478,0.0314127616584301,0.9511198401451111,,,,,,,,
train_epoch_end,56,20160,0.2522713840007782,0.07567457109689713,0.0049527483060956,0.029057398438453674,0.12382007390260696,0.07425400614738464,0.027994267642498016,0.04125843569636345,0.004675218369811773,0.03321254253387451,0.11967407166957855,0.1441650390625,19899.98828125,0.2522713840007782,1.0423914194107056,0.035541292279958725,0.9593325257301331,,,,,,,,
train_epoch_end,57,20520,0.21838560700416565,0.07331400364637375,0.004075139760971069,0.0294194296002388,0.12159272283315659,0.08131961524486542,0.017382605001330376,0.05100126564502716,0.0036086055915802717,0.019652169197797775,0.08154788613319397,0.12310791015625,18456.580078125,0.21838560700416565,1.06401526927948,0.026919132098555565,0.9398361444473267,,,,,,,,
train_epoch_end,58,20880,0.2272343933582306,0.07148859649896622,0.003672576043754816,0.026087123900651932,0.12378931045532227,0.08171291649341583,0.02145884558558464,0.042946282774209976,0.003972701728343964,0.025544628500938416,0.10332326591014862,0.130615234375,18845.212890625,0.2272343933582306,1.0676144361495972,0.03819582983851433,0.9366677403450012,,,,,,,,
train_epoch_end,59,21240,0.2823810875415802,0.08615828305482864,0.005944465287029743,0.04026499018073082,0.12280385941267014,0.058818601071834564,0.031297408044338226,0.0488051101565361,0.005195034667849541,0.03420328348875046,0.14650169014930725,0.171142578125,20070.328125,0.2823810875415802,1.0592687129974365,0.04057078808546066,0.9440475106239319,,,,,,,,
validation_end,60,21600,,,,,,,,,,,,,,,1.062976598739624,0.04337183013558388,0.9407544732093811,27.27201271057129,0.8910923600196838,30.147991180419922,0.09176841378211975,27.27201271057129,0.8910923600196838,30.147991180419922,0.09176841378211975
train_epoch_end,60,21600,0.24385644495487213,0.07507018744945526,0.004426716361194849,0.028509723022580147,0.1238168329000473,0.0769721120595932,0.027209453284740448,0.04143363982439041,0.004684647545218468,0.02937217615544796,0.12077727913856506,0.1337890625,20347.3359375,0.24385644495487213,1.062976598739624,0.04337183013558388,0.9407544732093811,,,,,,,,
train_epoch_end,61,21960,0.22450582683086395,0.06620325893163681,0.0036948109045624733,0.020435117185115814,0.12398595362901688,0.08765155076980591,0.020331185311079025,0.04421967267990112,0.003333583939820528,0.03052208200097084,0.08233533054590225,0.1160888671875,17509.37109375,0.22450582683086395,1.0607109069824219,0.044762711971998215,0.9427639245986938,,,,,,,,
train_epoch_end,62,22320,0.21235403418540955,0.06804759055376053,0.006017591338604689,0.02451028861105442,0.12317284941673279,0.06761154532432556,0.01791415363550186,0.04082013666629791,0.0034605632536113262,0.023438170552253723,0.08673161268234253,0.130126953125,18450.75390625,0.21235403418540955,1.0719808340072632,0.0404558889567852,0.9328525066375732,,,,,,,,
train_epoch_end,63,22680,0.20833076536655426,0.06711076945066452,0.003754696808755398,0.02239071950316429,0.12340227514505386,0.08378222584724426,0.018210314214229584,0.044830385595560074,0.0035213767550885677,0.02135225385427475,0.08354688435792923,0.1026611328125,19007.8515625,0.20833076536655426,1.0520435571670532,0.04192668944597244,0.950531005859375,,,,,,,,
train_epoch_end,64,23040,0.22986742854118347,0.07065175473690033,0.004598312545567751,0.026681501418352127,0.1213863343000412,0.06775875389575958,0.022792844101786613,0.034133147448301315,0.004143689759075642,0.030739571899175644,0.10601520538330078,0.13671875,19284.015625,0.22986742854118347,1.0668079853057861,0.04059314355254173,0.9373757839202881,,,,,,,,
train_epoch_end,65,23400,0.21612459421157837,0.0699022114276886,0.005411617923527956,0.025160223245620728,0.12336887419223785,0.07483316957950592,0.02025420218706131,0.03918443247675896,0.003956397995352745,0.024031735956668854,0.09317521750926971,0.12371826171875,19349.3828125,0.21612459421157837,1.05400550365448,0.028824804350733757,0.9487616419792175,,,,,,,,
train_epoch_end,66,23760,0.24919536709785461,0.0751754641532898,0.004589906893670559,0.030503861606121063,0.12109553068876266,0.06758774071931839,0.025965897366404533,0.04098236560821533,0.0045598167926073074,0.03147290647029877,0.12351144850254059,0.1458740234375,20066.640625,0.24919536709785461,1.051131248474121,0.0413166880607605,0.9513559937477112,,,,,,,,
train_epoch_end,67,24120,0.2321808785200119,0.07054178416728973,0.003581775352358818,0.025134123861789703,0.12232968211174011,0.0847589373588562,0.02181561104953289,0.03623518347740173,0.0041658952832221985,0.03186262026429176,0.10091196000576019,0.12261962890625,20024.33984375,0.2321808785200119,1.0445103645324707,0.03513500466942787,0.9573863744735718,,,,,,,,
train_epoch_end,68,24480,0.27158108353614807,0.08044205605983734,0.004996166098862886,0.033251337707042694,0.12341277301311493,0.07437591254711151,0.03060356341302395,0.04877390339970589,0.005110356956720352,0.03375843167304993,0.13876557350158691,0.146728515625,20375.19921875,0.27158108353614807,1.0671676397323608,0.03538485988974571,0.9370598793029785,,,,,,,,
train_epoch_end,69,24840,0.22447046637535095,0.06733100861310959,0.004581079352647066,0.0227847620844841,0.12359997630119324,0.08148922026157379,0.01740824431180954,0.03747357428073883,0.0034719565883278847,0.03367763012647629,0.07840904593467712,0.113525390625,17883.875,0.22447046637535095,1.0501070022583008,0.03133339434862137,0.9522839188575745,,,,,,,,
validation_end,70,25200,,,,,,,,,,,,,,,1.0607151985168457,0.04035599157214165,0.9427601099014282,27.674867630004883,0.8944193124771118,29.392854690551758,0.08380790054798126,27.674867630004883,0.8944193124771118,29.392854690551758,0.08380790054798126
train_epoch_end,70,25200,0.21971602737903595,0.06679113209247589,0.0036972258239984512,0.02221709117293358,0.1229630708694458,0.08062257617712021,0.019386837258934975,0.04054518789052963,0.003598963376134634,0.027002763003110886,0.09320937097072601,0.12054443359375,19418.431640625,0.21971602737903595,1.0607151985168457,0.04035599157214165,0.9427601099014282,,,,,,,,
train_epoch_end,71,25560,0.2086794674396515,0.06562890857458115,0.003783667925745249,0.021280720829963684,0.12309227138757706,0.0799006000161171,0.018556557595729828,0.03388911113142967,0.003918834496289492,0.026667103171348572,0.08469726145267487,0.11328125,19404.44921875,0.2086794674396515,1.036834478378296,0.026913631707429886,0.964474081993103,,,,,,,,
train_epoch_end,72,25920,0.20665597915649414,0.06508257985115051,0.0043381694704294205,0.020102791488170624,0.12240582704544067,0.09184378385543823,0.01643763668835163,0.0476158931851387,0.0034546740353107452,0.02023928612470627,0.07910551875829697,0.11529541015625,18719.8671875,0.20665597915649414,1.0417596101760864,0.03854374215006828,0.9599143266677856,,,,,,,,
train_epoch_end,73,26280,0.22182579338550568,0.07001014053821564,0.004746279213577509,0.0243240837007761,0.12320173531770706,0.0830172449350357,0.021589308977127075,0.040612634271383286,0.004239718429744244,0.02628350630402565,0.09228089451789856,0.11883544921875,19439.46875,0.22182579338550568,1.0545623302459717,0.02587941661477089,0.9482606649398804,,,,,,,,
train_epoch_end,74,26640,0.20907190442085266,0.06563214957714081,0.0046154651790857315,0.020745929330587387,0.12348434329032898,0.08500804007053375,0.017441852018237114,0.0435636043548584,0.003526724176481366,0.0222371406853199,0.08414798974990845,0.12188720703125,18646.37890625,0.20907190442085266,1.0555179119110107,0.036093614995479584,0.9474021792411804,,,,,,,,
train_epoch_end,75,27000,0.19394193589687347,0.0650329515337944,0.00441304175183177,0.021237622946500778,0.12316641211509705,0.08181089162826538,0.014877503737807274,0.04166630655527115,0.0033610390964895487,0.018168741837143898,0.07332590222358704,0.10614013671875,18600.177734375,0.19394193589687347,1.0613653659820557,0.03225379437208176,0.9421826004981995,,,,,,,,
train_epoch_end,76,27360,0.2343478500843048,0.07320881634950638,0.004783818498253822,0.028601929545402527,0.12331818044185638,0.07049202173948288,0.022128742188215256,0.04480176419019699,0.00390754546970129,0.027039114385843277,0.10522636771202087,0.131103515625,18937.583984375,0.2343478500843048,1.0354321002960205,0.03334246575832367,0.9657803773880005,,,,,,,,
train_epoch_end,77,27720,0.20997625589370728,0.06614741683006287,0.0038390406407415867,0.021869927644729614,0.12130245566368103,0.08781711757183075,0.016841597855091095,0.046821340918540955,0.0035278217401355505,0.020991522818803787,0.08366616070270538,0.1204833984375,18533.27734375,0.20997625589370728,1.0578250885009766,0.026813169941306114,0.945335865020752,,,,,,,,
train_epoch_end,78,28080,0.2264011949300766,0.07107718288898468,0.004122817423194647,0.026532132178544998,0.12213804572820663,0.07462994754314423,0.022067368030548096,0.04116556793451309,0.0042959414422512054,0.025539150461554527,0.10484720766544342,0.127685546875,19800.802734375,0.2264011949300766,1.0627652406692505,0.04360430687665939,0.940941572189331,,,,,,,,
train_epoch_end,79,28440,0.20397639274597168,0.06534869968891144,0.004084969870746136,0.02048472687602043,0.1229478120803833,0.0901419073343277,0.016366351395845413,0.04884646460413933,0.0035483683459460735,0.019238896667957306,0.07634027302265167,0.0977783203125,18889.1171875,0.20397639274597168,1.045832872390747,0.03648940846323967,0.9561757445335388,,,,,,,,
validation_end,80,28800,,,,,,,,,,,,,,,1.027504801750183,0.03136860951781273,0.9732314348220825,26.488937377929688,0.8952816128730774,28.775672912597656,0.08036697655916214,26.488937377929688,0.8952816128730774,28.775672912597656,0.08036697655916214
train_epoch_end,80,28800,0.22956612706184387,0.07767732441425323,0.0056913141161203384,0.03152187541127205,0.12377408146858215,0.08520864695310593,0.021072939038276672,0.058144908398389816,0.004264837596565485,0.020228859037160873,0.07788556069135666,0.112060546875,18342.35546875,0.22956612706184387,1.027504801750183,0.03136860951781273,0.9732314348220825,,,,,,,,
train_epoch_end,81,29160,0.202631413936615,0.06330345571041107,0.0040382202714681625,0.020928235724568367,0.11810152977705002,0.07230199873447418,0.01844032295048237,0.03294180706143379,0.0040404703468084335,0.02578754350543022,0.08132171630859375,0.116943359375,18744.3046875,0.202631413936615,1.044313907623291,0.02333059534430504,0.957566499710083,,,,,,,,
train_epoch_end,82,29520,0.2117127925157547,0.06579123437404633,0.003972373437136412,0.021908394992351532,0.12210622429847717,0.0788777768611908,0.017901651561260223,0.03348071128129959,0.0036487083416432142,0.029087426140904427,0.0838436484336853,0.105224609375,19135.443359375,0.2117127925157547,1.0575683116912842,0.02990143746137619,0.945565402507782,,,,,,,,
train_epoch_end,83,29880,0.2027837485074997,0.06596498191356659,0.004006398841738701,0.021577125415205956,0.12376846373081207,0.08339010179042816,0.016420505940914154,0.041715770959854126,0.003549661487340927,0.02123407833278179,0.07904978841543198,0.111083984375,18214.32421875,0.2027837485074997,1.0436872243881226,0.033652037382125854,0.9581414461135864,,,,,,,,
train_epoch_end,84,30240,0.19350530207157135,0.06271590292453766,0.0036798259243369102,0.018271643668413162,0.1232936829328537,0.09052453935146332,0.014593709260225296,0.03812781721353531,0.003382619936019182,0.021092001348733902,0.0725317895412445,0.10174560546875,18784.3828125,0.19350530207157135,1.0661135911941528,0.030452905222773552,0.9379863739013672,,,,,,,,
train_epoch_end,85,30600,0.2053677886724472,0.06571274995803833,0.004338239319622517,0.021854430437088013,0.12140612304210663,0.07930858433246613,0.01796547695994377,0.03498650714755058,0.0038200027775019407,0.024174023419618607,0.08670710027217865,0.11376953125,19448.259765625,0.2053677886724472,1.0449026823043823,0.030535446479916573,0.9570268988609314,,,,,,,,
train_epoch_end,86,30960,0.20746803283691406,0.06498108059167862,0.003623037599027157,0.021942999213933945,0.1222529262304306,0.0727553516626358,0.017174221575260162,0.03492230176925659,0.0036416591610759497,0.025401048362255096,0.08649079501628876,0.125244140625,18970.734375,0.20746803283691406,1.047737717628479,0.03447844088077545,0.9544373154640198,,,,,,,,
train_epoch_end,87,31320,0.2241876721382141,0.06942323595285416,0.004167091101408005,0.024878373369574547,0.12292955070734024,0.08659900724887848,0.016443226486444473,0.03641323000192642,0.0032848911359906197,0.03497781231999397,0.07108637690544128,0.0975341796875,17588.7421875,0.2241876721382141,1.0429582595825195,0.023357238620519638,0.9588111639022827,,,,,,,,
train_epoch_end,88,31680,0.21689504384994507,0.07067646831274033,0.004647822584956884,0.024901822209358215,0.12356942147016525,0.0940672978758812,0.017254408448934555,0.054393470287323,0.0037163193337619305,0.019264638423919678,0.08104348182678223,0.102783203125,19041.828125,0.21689504384994507,1.0311781167984009,0.025871124118566513,0.9697645902633667,,,,,,,,
train_epoch_end,89,32040,0.230669766664505,0.06794791668653488,0.003480170853435993,0.023498298600316048,0.1239980012178421,0.07493982464075089,0.02034437656402588,0.03356076031923294,0.004002015106379986,0.03583060950040817,0.09382898360490799,0.1136474609375,18672.81640625,0.230669766664505,1.0600417852401733,0.0317399688065052,0.9433590173721313,,,,,,,,
validation_end,90,32400,,,,,,,,,,,,,,,1.0781071186065674,0.025532545521855354,0.9275516271591187,28.107271194458008,0.8994718790054321,26.437509536743164,0.0755026787519455,28.107271194458008,0.8994718790054321,26.437509536743164,0.0755026787519455
train_epoch_end,90,32400,0.2366277575492859,0.07226884365081787,0.004333444405347109,0.02706076204776764,0.12305467575788498,0.07526862621307373,0.023336762562394142,0.04257927089929581,0.004513354040682316,0.027915935963392258,0.11273342370986938,0.1358642578125,19663.11328125,0.2366277575492859,1.0781071186065674,0.025532545521855354,0.9275516271591187,,,,,,,,
train_epoch_end,91,32760,0.19144275784492493,0.06426336616277695,0.003470399882644415,0.021212860941886902,0.11916763335466385,0.08406059443950653,0.015939734876155853,0.03878775238990784,0.003839766141027212,0.01854298636317253,0.07421643286943436,0.0994873046875,18963.046875,0.19144275784492493,1.0318820476531982,0.030338935554027557,0.9691030383110046,,,,,,,,
train_epoch_end,92,33120,0.2396615892648697,0.07276607304811478,0.00467180460691452,0.027993015944957733,0.12302263081073761,0.06643354892730713,0.02482437901198864,0.03838828206062317,0.004790996201336384,0.030414141714572906,0.11658364534378052,0.13232421875,20512.67578125,0.2396615892648697,1.0214406251907349,0.033202867954969406,0.9790094494819641,,,,,,,,
train_epoch_end,93,33480,0.2040427029132843,0.06400802731513977,0.005963008850812912,0.02113325521349907,0.12200307846069336,0.06426926702260971,0.01782529428601265,0.03004360944032669,0.0037453342229127884,0.027736296877264977,0.08362214267253876,0.11346435546875,18522.701171875,0.2040427029132843,1.0667352676391602,0.024030761793255806,0.9374397397041321,,,,,,,,
train_epoch_end,94,33840,0.2114155888557434,0.06661135703325272,0.004180304240435362,0.02116020955145359,0.12218916416168213,0.09537167102098465,0.01728644222021103,0.04586115851998329,0.0036995159462094307,0.02235541120171547,0.08460432291030884,0.10760498046875,18624.203125,0.2114155888557434,1.0356611013412476,0.029629863798618317,0.9655668139457703,,,,,,,,
train_epoch_end,95,34200,0.20961107313632965,0.06685226410627365,0.002956812269985676,0.022258412092924118,0.12380822002887726,0.0854206532239914,0.017442120239138603,0.04103778302669525,0.0036852871999144554,0.02375253103673458,0.08400573581457138,0.1065673828125,18870.98046875,0.20961107313632965,1.0530002117156982,0.0342225655913353,0.9496674537658691,,,,,,,,
train_epoch_end,96,34560,0.21160295605659485,0.06651808321475983,0.0035875379107892513,0.022031916305422783,0.12370022386312485,0.08461914956569672,0.0168092530220747,0.044471170753240585,0.003588076215237379,0.022726871073246002,0.08513567596673965,0.11248779296875,19042.216796875,0.21160295605659485,1.0477904081344604,0.02507760003209114,0.9543893337249756,,,,,,,,
train_epoch_end,97,34920,0.2204829305410385,0.07240116596221924,0.005716229788959026,0.027937114238739014,0.12289507687091827,0.07273362576961517,0.02015148103237152,0.04292725399136543,0.003961957059800625,0.02293487638235092,0.09771424531936646,0.11712646484375,19183.134765625,0.2204829305410385,1.046473503112793,0.027410538867115974,0.9555903673171997,,,,,,,,
train_epoch_end,98,35280,0.22589294612407684,0.07216846942901611,0.0050036245957016945,0.02754015102982521,0.12274928390979767,0.083152636885643,0.017499299719929695,0.056112077087163925,0.0036988994106650352,0.020842699334025383,0.0863538384437561,0.1173095703125,18905.62109375,0.22589294612407684,1.0604192018508911,0.023840075358748436,0.9430232644081116,,,,,,,,
train_epoch_end,99,35640,0.2273569256067276,0.07105657458305359,0.0045212311670184135,0.025577319785952568,0.12379609048366547,0.08151379227638245,0.020994190126657486,0.04822270944714546,0.004466984886676073,0.02338833548128605,0.09938491880893707,0.12322998046875,19666.28515625,0.2273569256067276,1.0403202772140503,0.02229779213666916,0.9612424373626709,,,,,,,,
validation_end,100,36000,,,,,,,,,,,,,,,1.0458405017852783,0.03321804106235504,0.9561687707901001,27.701778411865234,0.8983554244041443,24.40372657775879,0.07695681601762772,27.701778411865234,0.8983554244041443,24.40372657775879,0.07695681601762772
train_epoch_end,100,36000,0.19337892532348633,0.062479399144649506,0.0033211205154657364,0.018131395801901817,0.12381669878959656,0.0892505943775177,0.014553963206708431,0.039567187428474426,0.003252074820920825,0.021178485825657845,0.0701850950717926,0.0950927734375,18670.80078125,0.19337892532348633,1.0458405017852783,0.03321804106235504,0.9561687707901001,,,,,,,,
train_epoch_end,101,36360,0.21097612380981445,0.06868796795606613,0.004098081961274147,0.02385810948908329,0.12343400716781616,0.08755072951316833,0.016767067834734917,0.046310603618621826,0.0037789747584611177,0.020711859688162804,0.08336048573255539,0.11065673828125,18872.10546875,0.21097612380981445,1.0412951707839966,0.02893735095858574,0.9603424668312073,,,,,,,,
train_epoch_end,102,36720,0.2148587703704834,0.06565596163272858,0.0032512876205146313,0.021210724487900734,0.12244084477424622,0.08928921818733215,0.016373131424188614,0.04654114693403244,0.0035326103679835796,0.0238148495554924,0.08364124596118927,0.12359619140625,18229.431640625,0.2148587703704834,1.0344356298446655,0.01709197275340557,0.9667106866836548,,,,,,,,
train_epoch_end,103,37080,0.22762568295001984,0.06972497701644897,0.003705854993313551,0.025486771017313004,0.12135175615549088,0.07647788524627686,0.02130407840013504,0.04223933815956116,0.004190218169242144,0.027239743620157242,0.10208804905414581,0.1131591796875,20155.25,0.22762568295001984,1.050409197807312,0.02570047415792942,0.952009916305542,,,,,,,,
train_epoch_end,104,37440,0.20415212213993073,0.06728897988796234,0.006102757062762976,0.025301877409219742,0.12015605717897415,0.06239013373851776,0.01673354208469391,0.036307960748672485,0.0036151222884655,0.023987069725990295,0.0784241259098053,0.1104736328125,18312.53515625,0.20415212213993073,1.0341029167175293,0.02571890689432621,0.9670217633247375,,,,,,,,
train_epoch_end,105,37800,0.2139769345521927,0.07147274911403656,0.00517751881852746,0.026296498253941536,0.12384120374917984,0.0865388810634613,0.017070729285478592,0.050967682152986526,0.0037321709096431732,0.019568871706724167,0.08114995062351227,0.09600830078125,18781.314453125,0.2139769345521927,1.0417091846466064,0.030817577615380287,0.9599608182907104,,,,,,,,
train_epoch_end,106,38160,0.21540987491607666,0.06796389073133469,0.003540424630045891,0.024005893617868423,0.12157757580280304,0.07879596948623657,0.01919558271765709,0.04135940968990326,0.004053354263305664,0.024330470710992813,0.0919051319360733,0.10797119140625,19600.412109375,0.21540987491607666,1.0415115356445312,0.026170339435338974,0.960142970085144,,,,,,,,
train_epoch_end,107,38520,0.20513178408145905,0.0650499239563942,0.004715389106422663,0.02092427760362625,0.12234035134315491,0.07962150871753693,0.01759825274348259,0.03918951749801636,0.003767167218029499,0.023286812007427216,0.08358882367610931,0.09857177734375,19797.16015625,0.20513178408145905,1.0552855730056763,0.02567337080836296,0.9476107954978943,,,,,,,,
train_epoch_end,108,38880,0.19772255420684814,0.062489237636327744,0.0031833872199058533,0.01926441304385662,0.12165386229753494,0.08385780453681946,0.014518912881612778,0.033232513815164566,0.0033890455961227417,0.02535439468920231,0.07504288107156754,0.10333251953125,18812.046875,0.19772255420684814,1.0426982641220093,0.02374320849776268,0.9590502381324768,,,,,,,,
train_epoch_end,109,39240,0.24039648473262787,0.07412780076265335,0.004347042180597782,0.028628451749682426,0.12270231544971466,0.07653098553419113,0.024335641413927078,0.04138770326972008,0.004815372638404369,0.02884845808148384,0.11559441685676575,0.1295166015625,20515.396484375,0.24039648473262787,1.0458685159683228,0.03579475358128548,0.9561431407928467,,,,,,,,
validation_end,110,39600,,,,,,,,,,,,,,,1.0443631410598755,0.02332759089767933,0.9575213193893433,27.336284637451172,0.9006924033164978,26.450376510620117,0.07698807865381241,27.336284637451172,0.9006924033164978,26.450376510620117,0.07698807865381241
train_epoch_end,110,39600,0.21271686255931854,0.06975165009498596,0.005139244720339775,0.02474275231361389,0.12380217760801315,0.0859207808971405,0.01672586239874363,0.047069285064935684,0.0037173423916101456,0.020840689539909363,0.08316590636968613,0.11004638671875,18704.15625,0.21271686255931854,1.0443631410598755,0.02332759089767933,0.9575213193893433,,,,,,,,
train_epoch_end,111,39960,0.24190936982631683,0.0733199343085289,0.004432546440511942,0.02810588851571083,0.1231413185596466,0.07147520780563354,0.024692241102457047,0.038309015333652496,0.004709227010607719,0.031392715871334076,0.11689568310976028,0.1341552734375,20149.359375,0.24190936982631683,1.0477914810180664,0.027392877265810966,0.9543883800506592,,,,,,,,
train_epoch_end,112,40320,0.26011723279953003,0.0792543888092041,0.0046231006272137165,0.03385195881128311,0.12324453145265579,0.06497583538293839,0.027751758694648743,0.04408838599920273,0.005295932292938232,0.030989008024334908,0.1346096694469452,0.1474609375,21100.458984375,0.26011723279953003,1.045908808708191,0.02448703534901142,0.9561063051223755,,,,,,,,
train_epoch_end,113,40680,0.2050815224647522,0.06317156553268433,0.0031704213470220566,0.01790534518659115,0.12333056330680847,0.10157912969589233,0.013932256028056145,0.041892606765031815,0.003286771010607481,0.026401061564683914,0.06720985472202301,0.09051513671875,18077.53125,0.2050815224647522,1.0421918630599976,0.028488704934716225,0.9595162272453308,,,,,,,,
train_epoch_end,114,41040,0.21369941532611847,0.06711018830537796,0.0036074365489184856,0.022328004240989685,0.12320824712514877,0.08420194685459137,0.01863228529691696,0.03686840087175369,0.003870020853355527,0.02640182338654995,0.09043565392494202,0.10870361328125,19566.3671875,0.21369941532611847,1.0359505414962769,0.022179119288921356,0.9652970433235168,,,,,,,,
train_epoch_end,115,41400,0.22814445197582245,0.0705062747001648,0.004390328656882048,0.024825453758239746,0.12313656508922577,0.08460722863674164,0.021353472024202347,0.04226486384868622,0.00403164979070425,0.0274147167801857,0.10153552889823914,0.111328125,19997.041015625,0.22814445197582245,1.0502891540527344,0.03016350232064724,0.9521187543869019,,,,,,,,
train_epoch_end,116,41760,0.22421462833881378,0.07202380150556564,0.004454756621271372,0.02803100273013115,0.12251096218824387,0.06816421449184418,0.021739786490797997,0.039822980761528015,0.004344773944467306,0.02508915215730667,0.10219839960336685,0.1226806640625,20027.10546875,0.22421462833881378,1.0586735010147095,0.030052118003368378,0.9445782899856567,,,,,,,,
train_epoch_end,117,42120,0.19580049812793732,0.06200776994228363,0.0028071687556803226,0.016929972916841507,0.12388776242733002,0.10299107432365417,0.012419827282428741,0.052820008248090744,0.003091287799179554,0.017216118052601814,0.06339259445667267,0.09716796875,17881.197265625,0.19580049812793732,1.0402084589004517,0.028290828689932823,0.9613457918167114,,,,,,,,
train_epoch_end,118,42480,0.20853160321712494,0.06622561067342758,0.003629285842180252,0.021810192614793777,0.12261530756950378,0.0865001231431961,0.016817044466733932,0.042906954884529114,0.004165720194578171,0.02269718050956726,0.07876293361186981,0.107177734375,19428.9296875,0.20853160321712494,1.0480238199234009,0.023117173463106155,0.9541767835617065,,,,,,,,
train_epoch_end,119,42840,0.2469789683818817,0.07595572620630264,0.004860794637352228,0.03063807636499405,0.12265321612358093,0.07019934058189392,0.025676846504211426,0.0433136485517025,0.004908064380288124,0.028783150017261505,0.12266585230827332,0.1358642578125,20980.796875,0.2469789683818817,1.0328387022018433,0.027175916358828545,0.9682053923606873,,,,,,,,
validation_end,120,43200,,,,,,,,,,,,,,,1.0477266311645508,0.02330932393670082,0.9544474482536316,28.483665466308594,0.9050790667533875,25.96341896057129,0.07477815449237823,28.483665466308594,0.9050790667533875,25.96341896057129,0.07477815449237823
train_epoch_end,120,43200,0.22960738837718964,0.07114246487617493,0.0033554737456142902,0.024846380576491356,0.12393952161073685,0.09184936434030533,0.021149614825844765,0.049382761120796204,0.004316865466535091,0.024734986945986748,0.09992687404155731,0.1053466796875,19777.408203125,0.22960738837718964,1.0477266311645508,0.02330932393670082,0.9544474482536316,,,,,,,,
train_epoch_end,121,43560,0.21021942794322968,0.06954437494277954,0.003646180033683777,0.02615758590400219,0.12011602520942688,0.08325854688882828,0.016481533646583557,0.049482204020023346,0.003516476834192872,0.018845483660697937,0.08039486408233643,0.10784912109375,19098.708984375,0.21021942794322968,1.0393210649490356,0.023928703740239143,0.9621666073799133,,,,,,,,
train_epoch_end,122,43920,0.20816293358802795,0.06559613347053528,0.0036121606826782227,0.020530259236693382,0.12385596334934235,0.08884431421756744,0.017257649451494217,0.04562529921531677,0.0035651754587888718,0.02211920917034149,0.0792568102478981,0.09979248046875,19344.443359375,0.20816293358802795,1.036058783531189,0.026621688157320023,0.9651961922645569,,,,,,,,
train_epoch_end,123,44280,0.19267192482948303,0.06220181658864021,0.0032576057128608227,0.01793792098760605,0.12298011779785156,0.0912456065416336,0.014319615438580513,0.04068044200539589,0.003429702715948224,0.019929859787225723,0.0721520185470581,0.09454345703125,19009.412109375,0.19267192482948303,1.0517268180847168,0.027179449796676636,0.9508172273635864,,,,,,,,
train_epoch_end,124,44640,0.22082780301570892,0.0679652988910675,0.0046712313778698444,0.023529695346951485,0.12284522503614426,0.07617414742708206,0.01975628361105919,0.03177366778254509,0.004159324802458286,0.03142596408724785,0.09360373765230179,0.10845947265625,19827.642578125,0.22082780301570892,1.0386607646942139,0.028637338429689407,0.9627782702445984,,,,,,,,
train_epoch_end,125,45000,0.19799049198627472,0.06369012594223022,0.003099244087934494,0.01850389689207077,0.1233479231595993,0.0995345413684845,0.014483943581581116,0.04325384646654129,0.0035596746020019054,0.020313967019319534,0.07437682151794434,0.0926513671875,19002.63671875,0.19799049198627472,1.0353193283081055,0.026646852493286133,0.965885579586029,,,,,,,,
train_epoch_end,126,45360,0.22343960404396057,0.0681982934474945,0.00353940948843956,0.024221090599894524,0.12274795770645142,0.07382864505052567,0.020089970901608467,0.035769157111644745,0.004146302584558725,0.029199589043855667,0.10011113435029984,0.1258544921875,19310.37890625,0.22343960404396057,1.0416176319122314,0.029600895941257477,0.9600452184677124,,,,,,,,
train_epoch_end,127,45720,0.20668521523475647,0.06465651839971542,0.0037632533349096775,0.021443083882331848,0.12140243500471115,0.07782819867134094,0.016556764021515846,0.03591920807957649,0.003546450287103653,0.025621002539992332,0.08466526865959167,0.109619140625,19191.26953125,0.20668521523475647,1.03331458568573,0.017897166311740875,0.9677594900131226,,,,,,,,
train_epoch_end,128,46080,0.22422976791858673,0.06833180040121078,0.003730828408151865,0.02447892352938652,0.1220814511179924,0.07087147980928421,0.02125062607228756,0.0341959223151207,0.004304302390664816,0.0307490061968565,0.10066075623035431,0.1099853515625,19732.95703125,0.22422976791858673,1.0484352111816406,0.025387711822986603,0.9538024067878723,,,,,,,,
train_epoch_end,129,46440,0.20091520249843597,0.06332255899906158,0.004156208131462336,0.021017301827669144,0.1170462965965271,0.07945629209280014,0.016235997900366783,0.03598036244511604,0.0038766288198530674,0.023040464147925377,0.08226938545703888,0.11798095703125,19292.345703125,0.20091520249843597,1.0397781133651733,0.016575738787651062,0.9617436528205872,,,,,,,,
validation_end,130,46800,,,,,,,,,,,,,,,1.0475809574127197,0.029310472309589386,0.9545801877975464,28.407054901123047,0.9055099487304688,26.51711654663086,0.07015140354633331,28.407054901123047,0.9055099487304688,26.51711654663086,0.07015140354633331
train_epoch_end,130,46800,0.1951099932193756,0.06164185702800751,0.0027920734137296677,0.01715087890625,0.12361438572406769,0.09408390522003174,0.013923875987529755,0.04387909919023514,0.003241996979340911,0.021073438227176666,0.06770879030227661,0.0899658203125,18277.90625,0.1951099932193756,1.0475809574127197,0.029310472309589386,0.9545801877975464,,,,,,,,
train_epoch_end,131,47160,0.19119390845298767,0.06337593495845795,0.003011914435774088,0.019718609750270844,0.12232445180416107,0.08996069431304932,0.013308650813996792,0.04031873494386673,0.003353780834004283,0.018396958708763123,0.07107995450496674,0.106689453125,18915.65234375,0.19119390845298767,1.025439739227295,0.012591524980962276,0.9751914143562317,,,,,,,,
train_epoch_end,132,47520,0.2091401070356369,0.0661415159702301,0.0036024870350956917,0.022662952542304993,0.12168139219284058,0.07763437926769257,0.017576633021235466,0.03856036067008972,0.0038039833307266235,0.023861758410930634,0.08867701888084412,0.10894775390625,19846.69921875,0.2091401070356369,1.0354877710342407,0.01993555948138237,0.9657284617424011,,,,,,,,
train_epoch_end,133,47880,0.2056472897529602,0.06457532942295074,0.003797947894781828,0.019435260444879532,0.12343654036521912,0.09430152922868729,0.015605167485773563,0.04169692099094391,0.0035622399300336838,0.02393517643213272,0.07744436711072922,0.0977783203125,18800.474609375,0.2056472897529602,1.0588551759719849,0.020700588822364807,0.9444162249565125,,,,,,,,
train_epoch_end,134,48240,0.20105740427970886,0.06306777149438858,0.0032172068022191525,0.019375968724489212,0.1215364933013916,0.08633582293987274,0.015479168854653835,0.039044689387083054,0.003581956960260868,0.023241616785526276,0.07799883186817169,0.10235595703125,19141.400390625,0.20105740427970886,1.045753002166748,0.027701163664460182,0.9562487602233887,,,,,,,,
train_epoch_end,135,48600,0.20703278481960297,0.06468652188777924,0.004306945018470287,0.020252544432878494,0.12238064408302307,0.08640803396701813,0.016485095024108887,0.04430277645587921,0.003756736870855093,0.022301003336906433,0.08019338548183441,0.1026611328125,19367.23046875,0.20703278481960297,1.0434234142303467,0.01994357630610466,0.9583836793899536,,,,,,,,
train_epoch_end,136,48960,0.24451768398284912,0.07385757565498352,0.004809045698493719,0.028543833643198013,0.12101678550243378,0.0787026584148407,0.023948073387145996,0.048752326518297195,0.004664892330765724,0.028078384697437286,0.11456513404846191,0.1241455078125,20031.81640625,0.24451768398284912,1.0293048620224,0.017495878040790558,0.971529483795166,,,,,,,,
train_epoch_end,137,49320,0.20514999330043793,0.06597895175218582,0.006658616010099649,0.020971667021512985,0.12375803291797638,0.08415437489748001,0.015950731933116913,0.043644342571496964,0.0037155398167669773,0.02152811735868454,0.07870085537433624,0.0966796875,19413.265625,0.20514999330043793,1.0430219173431396,0.02407938614487648,0.9587526321411133,,,,,,,,
train_epoch_end,138,49680,0.20376816391944885,0.06373419612646103,0.0028650942258536816,0.018379272893071175,0.12365753948688507,0.09994599223136902,0.01491866260766983,0.04862462356686592,0.003311004489660263,0.02080516517162323,0.07261970639228821,0.0919189453125,19139.654296875,0.20376816391944885,1.0362443923950195,0.02206040732562542,0.9650233387947083,,,,,,,,
train_epoch_end,139,50040,0.20556840300559998,0.06640060245990753,0.0032506114803254604,0.021189536899328232,0.12307635694742203,0.09075560420751572,0.01821504533290863,0.040612105280160904,0.003907480742782354,0.022310199216008186,0.08489080518484116,0.0899658203125,19810.064453125,0.20556840300559998,1.0414975881576538,0.024376504123210907,0.9601558446884155,,,,,,,,
validation_end,140,50400,,,,,,,,,,,,,,,1.032098650932312,0.022125432267785072,0.9688996076583862,28.131162643432617,0.9062052965164185,28.7479190826416,0.0692565068602562,28.131162643432617,0.9062052965164185,28.7479190826416,0.0692565068602562
train_epoch_end,140,50400,0.19862090051174164,0.06324906647205353,0.003341871779412031,0.0191951934248209,0.12233047932386398,0.08931617438793182,0.01481666974723339,0.04283375293016434,0.0035492766182869673,0.020565375685691833,0.07392526417970657,0.10064697265625,19313.552734375,0.19862090051174164,1.032098650932312,0.022125432267785072,0.9688996076583862,,,,,,,,
train_epoch_end,141,50760,0.21510881185531616,0.06760157644748688,0.003922113683074713,0.024102024734020233,0.12169937044382095,0.07518434524536133,0.018302971497178078,0.03947732597589493,0.0037993406876921654,0.02488260716199875,0.09354908764362335,0.11883544921875,19191.4921875,0.21510881185531616,1.02557373046875,0.0179060697555542,0.9750639796257019,,,,,,,,
train_epoch_end,142,51120,0.20106510818004608,0.06245439499616623,0.003111432306468487,0.019446954131126404,0.12120916694402695,0.0809427797794342,0.01533205434679985,0.03252164274454117,0.0035876878537237644,0.02629009820520878,0.07959945499897003,0.1077880859375,19240.990234375,0.20106510818004608,1.0309362411499023,0.017331557348370552,0.9699921011924744,,,,,,,,
train_epoch_end,143,51480,0.23590725660324097,0.07277044653892517,0.0045140087604522705,0.027614228427410126,0.12369899451732635,0.0712253749370575,0.023921716958284378,0.039087630808353424,0.004919835366308689,0.029020123183727264,0.11364506930112839,0.12213134765625,20463.171875,0.23590725660324097,1.0466550588607788,0.027438301593065262,0.9554246068000793,,,,,,,,
train_epoch_end,144,51840,0.20916706323623657,0.06391385197639465,0.003301671240478754,0.019635476171970367,0.12379880994558334,0.08267486095428467,0.016943082213401794,0.0361328050494194,0.0037191747687757015,0.028381086885929108,0.07944772392511368,0.09759521484375,19019.12109375,0.20916706323623657,1.050555944442749,0.021084487438201904,0.9518769383430481,,,,,,,,
train_epoch_end,145,52200,0.22156985104084015,0.07703354954719543,0.003539398778229952,0.034247711300849915,0.12105363607406616,0.07774776220321655,0.015451237559318542,0.0565168559551239,0.003432090859860182,0.018781505525112152,0.07508858293294907,0.09637451171875,18616.275390625,0.22156985104084015,1.0370404720306396,0.03855527192354202,0.9642825126647949,,,,,,,,
train_epoch_end,146,52560,0.19947519898414612,0.06365196406841278,0.0032180757261812687,0.01996513083577156,0.12365435063838959,0.07877400517463684,0.016365300863981247,0.0354258194565773,0.00365046551451087,0.023467564955353737,0.08097502589225769,0.1044921875,19115.8125,0.19947519898414612,1.0484514236450195,0.01310361735522747,0.953787624835968,,,,,,,,
train_epoch_end,147,52920,0.19520635902881622,0.060886040329933167,0.0033906609751284122,0.01773235946893692,0.12319447100162506,0.08035451918840408,0.013887796550989151,0.035843491554260254,0.003310402389615774,0.02420027181506157,0.07113964855670929,0.10113525390625,18864.392578125,0.19520635902881622,1.0377377271652222,0.02598591335117817,0.9636346101760864,,,,,,,,
train_epoch_end,148,53280,0.2041698694229126,0.06626446545124054,0.0031714164651930332,0.022133370861411095,0.1238221824169159,0.08624215424060822,0.015033891424536705,0.048391178250312805,0.003514046547934413,0.018992945551872253,0.07505427300930023,0.10009765625,19240.9375,0.2041698694229126,1.0446993112564087,0.02653813362121582,0.9572132229804993,,,,,,,,
train_epoch_end,149,53640,0.19636231660842896,0.06113721802830696,0.002982931211590767,0.01856962777674198,0.12047196924686432,0.08178377151489258,0.014101965352892876,0.03040698543190956,0.0035255420953035355,0.026330087333917618,0.07526399195194244,0.10833740234375,18982.669921875,0.19636231660842896,1.0445737838745117,0.027838481590151787,0.9573282599449158,,,,,,,,
validation_end,150,54000,,,,,,,,,,,,,,,1.0313063859939575,0.027114253491163254,0.9696439504623413,28.392772674560547,0.9063317179679871,24.408184051513672,0.06529226899147034,28.392772674560547,0.9063317179679871,24.408184051513672,0.06529226899147034
train_epoch_end,150,54000,0.24656784534454346,0.07672752439975739,0.004580856300890446,0.03158984333276749,0.12249211966991425,0.06790854781866074,0.026314351707696915,0.03973041847348213,0.005272833630442619,0.02978925220668316,0.1232786551117897,0.1353759765625,20904.34375,0.24656784534454346,1.0313063859939575,0.027114253491163254,0.9696439504623413,,,,,,,,
train_epoch_end,151,54360,0.2039000540971756,0.06451059877872467,0.0032051964662969112,0.02061907760798931,0.1236620545387268,0.0799463540315628,0.016720300540328026,0.03830753266811371,0.0037856251001358032,0.02337825298309326,0.08171312510967255,0.1090087890625,19209.107421875,0.2039000540971756,1.0356438159942627,0.02256285399198532,0.9655829668045044,,,,,,,,
train_epoch_end,152,54720,0.198103129863739,0.06572277843952179,0.0036569153890013695,0.021228834986686707,0.12318560481071472,0.0937620997428894,0.013628415763378143,0.04865731671452522,0.003314482979476452,0.01721101999282837,0.07043073326349258,0.09814453125,18567.431640625,0.198103129863739,1.0345406532287598,0.012515046633780003,0.9666125774383545,,,,,,,,
train_epoch_end,153,55080,0.1916336715221405,0.06236308813095093,0.0033775195479393005,0.01873353123664856,0.12268480658531189,0.08741022646427155,0.013491801917552948,0.04056773707270622,0.0033858257811516523,0.01957400143146515,0.07005038857460022,0.0970458984375,18951.833984375,0.1916336715221405,1.0475877523422241,0.018359536305069923,0.9545739889144897,,,,,,,,
train_epoch_end,154,55440,0.19766324758529663,0.06297490000724792,0.0030938386917114258,0.01946672797203064,0.12308686971664429,0.08024110645055771,0.015755537897348404,0.040049582719802856,0.0035558780655264854,0.021266311407089233,0.0767754465341568,0.09912109375,19445.828125,0.19766324758529663,1.0413212776184082,0.023875165730714798,0.960318386554718,,,,,,,,
train_epoch_end,155,55800,0.20131516456604004,0.06604867428541183,0.00301126716658473,0.021293209865689278,0.12384183704853058,0.09128260612487793,0.015655716881155968,0.048255372792482376,0.0036527994088828564,0.01806040294468403,0.07368030399084091,0.093505859375,19463.80078125,0.20131516456604004,1.0305005311965942,0.017584899440407753,0.9704022407531738,,,,,,,,
train_epoch_end,156,56160,0.20780442655086517,0.06468822807073593,0.0032033370807766914,0.019765935838222504,0.12242868542671204,0.09541600197553635,0.015890754759311676,0.04315934702754021,0.0035141282714903355,0.023775026202201843,0.07956530153751373,0.10089111328125,18915.30078125,0.20780442655086517,1.0323026180267334,0.011997888796031475,0.9687082171440125,,,,,,,,
train_epoch_end,157,56520,0.2035544067621231,0.06529662013053894,0.0037450557574629784,0.02096683531999588,0.12292264401912689,0.08260376751422882,0.017609918490052223,0.03822094947099686,0.004135308787226677,0.022545969113707542,0.0847340077161789,0.09759521484375,19868.09375,0.2035544067621231,1.0431122779846191,0.008560695685446262,0.9586695432662964,,,,,,,,
train_epoch_end,158,56880,0.22921010851860046,0.07132996618747711,0.0039701615460217,0.027213074266910553,0.12191192060709,0.07064688205718994,0.022326748818159103,0.03712652623653412,0.004666293505579233,0.028198804706335068,0.10853153467178345,0.12042236328125,20517.64453125,0.22921010851860046,1.036122441291809,0.023367155343294144,0.9651368856430054,,,,,,,,
train_epoch_end,159,57240,0.2429817020893097,0.07251276075839996,0.0036841598339378834,0.028080187737941742,0.12272927910089493,0.06651920825242996,0.024709168821573257,0.03506596386432648,0.004853487014770508,0.03444643318653107,0.11834748089313507,0.12060546875,20007.6875,0.2429817020893097,1.0295807123184204,0.011555386707186699,0.9712691903114319,,,,,,,,
validation_end,160,57600,,,,,,,,,,,,,,,1.0493839979171753,0.011870894581079483,0.9529399871826172,28.76201820373535,0.9085450768470764,23.920391082763672,0.06770695000886917,28.76201820373535,0.9085450768470764,23.920391082763672,0.06770695000886917
train_epoch_end,160,57600,0.2068255990743637,0.0658484697341919,0.0033793807961046696,0.021706346422433853,0.12380330264568329,0.07966211438179016,0.01752096600830555,0.03802860528230667,0.0037765123415738344,0.023877568542957306,0.08543425798416138,0.10125732421875,19934.1015625,0.2068255990743637,1.0493839979171753,0.011870894581079483,0.9529399871826172,,,,,,,,
train_epoch_end,161,57960,0.19507333636283875,0.06275704503059387,0.0031121824868023396,0.018837658688426018,0.12171284854412079,0.09046546369791031,0.014666319824755192,0.03749038279056549,0.0037391185760498047,0.02154386043548584,0.07508630305528641,0.096923828125,19538.16796875,0.19507333636283875,1.0306133031845093,0.01530382689088583,0.9702960252761841,,,,,,,,
train_epoch_end,162,58320,0.20667199790477753,0.06642477959394455,0.003924930933862925,0.02147780731320381,0.12290258705615997,0.09155911952257156,0.016336701810359955,0.044211387634277344,0.003896617330610752,0.021306727081537247,0.08145744353532791,0.09918212890625,19243.185546875,0.20667199790477753,1.0262879133224487,0.024204686284065247,0.9743854403495789,,,,,,,,
train_epoch_end,163,58680,0.19481918215751648,0.06574323028326035,0.003587852232158184,0.0215204656124115,0.12320618331432343,0.0918269082903862,0.013366248458623886,0.04644297808408737,0.0034413207322359085,0.017119519412517548,0.06837503612041473,0.092041015625,18657.810546875,0.19481918215751648,1.0284411907196045,0.015257845632731915,0.9723453521728516,,,,,,,,
train_epoch_end,164,59040,0.19517475366592407,0.06311161071062088,0.003435321617871523,0.018251212313771248,0.122320756316185,0.09846135228872299,0.014300959184765816,0.04093014448881149,0.003545377403497696,0.02081085555255413,0.07209490239620209,0.09063720703125,18878.462890625,0.19517475366592407,1.0259788036346436,0.019753072410821915,0.9746789932250977,,,,,,,,
train_epoch_end,165,59400,0.20081275701522827,0.06203881651163101,0.002521066926419735,0.017852433025836945,0.12282946705818176,0.09490065276622772,0.01343473419547081,0.037813231348991394,0.0034786665346473455,0.026882652193307877,0.06674086302518845,0.08831787109375,18196.6796875,0.20081275701522827,1.0382341146469116,0.009953932836651802,0.9631739258766174,,,,,,,,
train_epoch_end,166,59760,0.203653484582901,0.06631585955619812,0.0032879956997931004,0.02204078622162342,0.1221628412604332,0.08741273730993271,0.01668434590101242,0.044122546911239624,0.0038065228145569563,0.019827498123049736,0.08101426810026169,0.09881591796875,19619.931640625,0.203653484582901,1.0403270721435547,0.016702689230442047,0.9612361788749695,,,,,,,,
train_epoch_end,167,60120,0.1941853165626526,0.0629667192697525,0.002775886096060276,0.0186036117374897,0.12280166149139404,0.09401530027389526,0.014268746599555016,0.0435774028301239,0.0035835125017911196,0.018829187378287315,0.0707336962223053,0.0931396484375,19400.3828125,0.1941853165626526,1.036683201789856,0.018567463383078575,0.9646148681640625,,,,,,,,
train_epoch_end,168,60480,0.1989871859550476,0.06592080742120743,0.00352293998003006,0.021884920075535774,0.1227736696600914,0.08486098796129227,0.015902556478977203,0.04254186153411865,0.0036403934936970472,0.0197831429541111,0.07724054902791977,0.09136962890625,18867.685546875,0.1989871859550476,1.0374469757080078,0.017677588388323784,0.9639046788215637,,,,,,,,
train_epoch_end,169,60840,0.2037229686975479,0.06318237632513046,0.0026624109596014023,0.018234647810459137,0.12325385212898254,0.09929009526968002,0.014158608391880989,0.04642673581838608,0.00337388226762414,0.022422390058636665,0.07075490057468414,0.09600830078125,18608.69140625,0.2037229686975479,1.0278620719909668,0.014677838422358036,0.9728931784629822,,,,,,,,
validation_end,170,61200,,,,,,,,,,,,,,,1.0393842458724976,0.01228576060384512,0.9621080756187439,28.77750587463379,0.9076635837554932,23.636272430419922,0.06232442706823349,28.77750587463379,0.9076635837554932,23.636272430419922,0.06232442706823349
train_epoch_end,170,61200,0.2025517225265503,0.062464725226163864,0.0025747460313141346,0.017908276990056038,0.12388439476490021,0.09707912802696228,0.01293499767780304,0.04185904562473297,0.0030625956133008003,0.025820164009928703,0.06636521965265274,0.0943603515625,17496.15625,0.2025517225265503,1.0393842458724976,0.01228576060384512,0.9621080756187439,,,,,,,,
train_epoch_end,171,61560,0.2078178972005844,0.06899649649858475,0.004063601605594158,0.024838607758283615,0.12387466430664062,0.08388901501893997,0.015137697570025921,0.054839182645082474,0.003636878915131092,0.01741335541009903,0.07310985028743744,0.08935546875,18307.12890625,0.2078178972005844,1.0370384454727173,0.017909858375787735,0.9642844200134277,,,,,,,,
train_epoch_end,172,61920,0.19421739876270294,0.06382311135530472,0.0035821227356791496,0.019195612519979477,0.12375718355178833,0.08945642411708832,0.015388118103146553,0.03799591213464737,0.0038411628920584917,0.020893529057502747,0.07413704693317413,0.08709716796875,19523.130859375,0.19421739876270294,1.031904935836792,0.015151230618357658,0.9690815210342407,,,,,,,,
train_epoch_end,173,62280,0.2169329822063446,0.06785757094621658,0.003565047401934862,0.022860582917928696,0.12367698550224304,0.08572511374950409,0.018455874174833298,0.044278763234615326,0.004107487387955189,0.023758310824632645,0.0904947817325592,0.106689453125,19882.953125,0.2169329822063446,1.0272247791290283,0.015479568392038345,0.9734967947006226,,,,,,,,
train_epoch_end,174,62640,0.2242956906557083,0.06946275383234024,0.0030366936698555946,0.024606063961982727,0.12331879884004593,0.08715281635522842,0.01821013167500496,0.031280603259801865,0.004066634923219681,0.03353171795606613,0.09060768038034439,0.10833740234375,18936.599609375,0.2242956906557083,1.049300193786621,0.012923876754939556,0.9530161023139954,,,,,,,,
train_epoch_end,175,63000,0.24045301973819733,0.0730665922164917,0.0040570092387497425,0.028196755796670914,0.12323065102100372,0.06944149732589722,0.02441507577896118,0.03736678138375282,0.005001974757760763,0.03138764202594757,0.11654862761497498,0.1258544921875,20516.740234375,0.24045301973819733,1.0356296300888062,0.01594446413218975,0.9655961394309998,,,,,,,,
train_epoch_end,176,63360,0.2372802346944809,0.07225716859102249,0.003984132781624794,0.027179371565580368,0.12300452589988708,0.07901234924793243,0.021717578172683716,0.04238715022802353,0.004596206825226545,0.028712179511785507,0.11069725453853607,0.1263427734375,20306.75390625,0.2372802346944809,1.034306526184082,0.00897353608161211,0.966831386089325,,,,,,,,
train_epoch_end,177,63720,0.20770786702632904,0.06548086553812027,0.0030062240548431873,0.021440528333187103,0.12309011816978455,0.08367279171943665,0.016595890745520592,0.041095953434705734,0.0037029245868325233,0.023631896823644638,0.08311672508716583,0.1014404296875,19238.060546875,0.20770786702632904,1.038914680480957,0.019495096057653427,0.9625429511070251,,,,,,,,
train_epoch_end,178,64080,0.18944993615150452,0.06278272718191147,0.0027748080901801586,0.018523359671235085,0.12301097065210342,0.09258729219436646,0.014216793701052666,0.044613443315029144,0.003605274949222803,0.017391493543982506,0.06508520245552063,0.08526611328125,18864.5390625,0.18944993615150452,1.0215917825698853,0.016359923407435417,0.9788645505905151,,,,,,,,
train_epoch_end,179,64440,0.20698581635951996,0.06862761825323105,0.003231682814657688,0.023906268179416656,0.1238311156630516,0.08912042528390884,0.016174431890249252,0.049681589007377625,0.003687180345878005,0.018651112914085388,0.07748033851385117,0.0950927734375,18810.892578125,0.20698581635951996,1.0273586511611938,0.025385109707713127,0.9733698964118958,,,,,,,,
validation_end,180,64800,,,,,,,,,,,,,,,1.0408293008804321,0.013015304692089558,0.9607723355293274,28.973867416381836,0.9087318181991577,22.645845413208008,0.06233600899577141,28.973867416381836,0.9087318181991577,22.645845413208008,0.06233600899577141
train_epoch_end,180,64800,0.17446772754192352,0.059619735926389694,0.004013046156615019,0.017819974571466446,0.12028256803750992,0.07777094841003418,0.011795058846473694,0.03771249204874039,0.003235475393012166,0.016584578901529312,0.058769989758729935,0.0771484375,18325.0546875,0.17446772754192352,1.0408293008804321,0.013015304692089558,0.9607723355293274,,,,,,,,
train_epoch_end,181,65160,0.20184871554374695,0.06439226865768433,0.0027901283465325832,0.01960093155503273,0.12335582822561264,0.09505562484264374,0.014997141435742378,0.04680131748318672,0.003544701961800456,0.019884813576936722,0.07539504766464233,0.09173583984375,19321.51171875,0.20184871554374695,1.0302584171295166,0.012087893672287464,0.9706302881240845,,,,,,,,
train_epoch_end,182,65520,0.2012542188167572,0.06487201899290085,0.0033434112556278706,0.021675635129213333,0.12059035152196884,0.07975899428129196,0.016948170959949493,0.039307884871959686,0.004128485452383757,0.021730732172727585,0.0801580473780632,0.100830078125,19358.8046875,0.2012542188167572,1.0292731523513794,0.009541441686451435,0.9715594053268433,,,,,,,,
train_epoch_end,183,65880,0.2180827558040619,0.06772007793188095,0.003341647796332836,0.023013537749648094,0.12368802726268768,0.08317591995000839,0.018526142463088036,0.045959532260894775,0.0041802190244197845,0.024216357618570328,0.08840746432542801,0.100341796875,19655.6953125,0.2180827558040619,1.030232310295105,0.01893867738544941,0.9706548452377319,,,,,,,,
train_epoch_end,184,66240,0.19740785658359528,0.06403224915266037,0.003354395739734173,0.01960679143667221,0.12375545501708984,0.08940467238426208,0.014830119907855988,0.044131554663181305,0.0035585984587669373,0.019229944795370102,0.07433226704597473,0.0955810546875,19082.86328125,0.19740785658359528,1.0352904796600342,0.017381152138113976,0.9659124612808228,,,,,,,,
train_epoch_end,185,66600,0.20517632365226746,0.06348710507154465,0.002695727627724409,0.01889779604971409,0.12384168803691864,0.09337214380502701,0.014470960944890976,0.03948352113366127,0.003565222956240177,0.02597741037607193,0.07409694045782089,0.09271240234375,18891.70703125,0.20517632365226746,1.030751347541809,0.014669192023575306,0.9701660871505737,,,,,,,,
train_epoch_end,186,66960,0.1987076699733734,0.0646534189581871,0.0036433683708310127,0.020128928124904633,0.12279940396547318,0.08950573205947876,0.01585288904607296,0.0419265516102314,0.003815456759184599,0.020053308457136154,0.07723532617092133,0.090087890625,19886.470703125,0.1987076699733734,1.0390862226486206,0.022338930517435074,0.962384045124054,,,,,,,,
train_epoch_end,187,67320,0.20418839156627655,0.06474674493074417,0.0033446154557168484,0.021410241723060608,0.12119185924530029,0.08099811524152756,0.016410287469625473,0.03065916895866394,0.004212781321257353,0.02790909819304943,0.07980270683765411,0.09771728515625,19027.57421875,0.20418839156627655,1.0317424535751343,0.020735841244459152,0.9692341089248657,,,,,,,,
train_epoch_end,188,67680,0.23234990239143372,0.07316089421510696,0.0038964170962572098,0.02891084924340248,0.1228676587343216,0.07130137085914612,0.021715547889471054,0.040412984788417816,0.004647383466362953,0.02712869644165039,0.1105249896645546,0.122802734375,19956.671875,0.23234990239143372,1.031032919883728,0.02197043038904667,0.9699011445045471,,,,,,,,
train_epoch_end,189,68040,0.23043854534626007,0.07305628061294556,0.004259183071553707,0.02967776544392109,0.11953498423099518,0.06681087613105774,0.02299554832279682,0.04054804891347885,0.005118076223880053,0.02636716142296791,0.1063557118177414,0.1258544921875,19804.39453125,0.23043854534626007,1.044538974761963,0.016103219240903854,0.9573601484298706,,,,,,,,
validation_end,190,68400,,,,,,,,,,,,,,,1.0309828519821167,0.01592717505991459,0.9699482321739197,28.441810607910156,0.9063234329223633,23.80845832824707,0.06418925523757935,28.441810607910156,0.9063234329223633,23.80845832824707,0.06418925523757935
train_epoch_end,190,68400,0.19567826390266418,0.06383518874645233,0.0022678542882204056,0.01907922327518463,0.12389695644378662,0.10070513933897018,0.012577012181282043,0.04339999705553055,0.0032276026904582977,0.02122475579380989,0.06488735973834991,0.08404541015625,18136.55078125,0.19567826390266418,1.0309828519821167,0.01592717505991459,0.9699482321739197,,,,,,,,
train_epoch_end,191,68760,0.20359590649604797,0.06668791174888611,0.003234914969652891,0.021869396790862083,0.1228848323225975,0.09150929749011993,0.016550593078136444,0.04531916230916977,0.003922648727893829,0.019485274329781532,0.0794617235660553,0.09405517578125,19423.15625,0.20359590649604797,1.030409812927246,0.02593495510518551,0.970487654209137,,,,,,,,
train_epoch_end,192,69120,0.20024389028549194,0.0614771693944931,0.003008016385138035,0.01752127707004547,0.1234239861369133,0.08752836287021637,0.014380224049091339,0.04189159721136093,0.003463501576334238,0.023963678628206253,0.07089437544345856,0.09161376953125,18597.7890625,0.20024389028549194,1.038910150527954,0.027063174173235893,0.9625471234321594,,,,,,,,
train_epoch_end,193,69480,0.1978362798690796,0.06349305808544159,0.0030903820879757404,0.01879500225186348,0.12243984639644623,0.0946788489818573,0.01539045013487339,0.040219370275735855,0.004039914347231388,0.022288501262664795,0.06882229447364807,0.094970703125,18802.75390625,0.1978362798690796,1.0375986099243164,0.009313791990280151,0.9637638330459595,,,,,,,,
train_epoch_end,194,69840,0.1809731423854828,0.0604730099439621,0.00273163802921772,0.01656751148402691,0.12373653799295425,0.09435100853443146,0.01141340285539627,0.03678172454237938,0.0031891334801912308,0.019293874502182007,0.05974108725786209,0.08758544921875,18247.7109375,0.1809731423854828,1.02140212059021,0.015071190893650055,0.9790463447570801,,,,,,,,
train_epoch_end,195,70200,0.2057177871465683,0.06649085879325867,0.0032259500585496426,0.021252568811178207,0.12242768704891205,0.10441344976425171,0.013534130528569221,0.060817502439022064,0.003252752125263214,0.016064990311861038,0.06621339917182922,0.0858154296875,17890.28515625,0.2057177871465683,1.0253424644470215,0.0242545735090971,0.9752839207649231,,,,,,,,
train_epoch_end,196,70560,0.20936405658721924,0.0645267441868782,0.0033592386171221733,0.021328091621398926,0.12113480269908905,0.07680334150791168,0.01757923886179924,0.03292620927095413,0.0039925468154251575,0.028164710849523544,0.08826158195734024,0.1064453125,18880.7265625,0.20936405658721924,1.037217617034912,0.005404584109783173,0.9641178250312805,,,,,,,,
train_epoch_end,197,70920,0.1953597515821457,0.061900001019239426,0.0029715239070355892,0.017603766173124313,0.12341459095478058,0.09490133821964264,0.012838289141654968,0.03999318182468414,0.00342209218069911,0.023747563362121582,0.06337520480155945,0.087890625,17916.48046875,0.1953597515821457,1.037100076675415,0.016336381435394287,0.9642270803451538,,,,,,,,
train_epoch_end,198,71280,0.1970442235469818,0.06299245357513428,0.0028117788024246693,0.01841919869184494,0.1238265186548233,0.09556547552347183,0.013428551144897938,0.04587240144610405,0.0034234928898513317,0.019454892724752426,0.07049471139907837,0.09637451171875,18586.48828125,0.1970442235469818,1.03267502784729,0.015971895307302475,0.9683588743209839,,,,,,,,
train_epoch_end,199,71640,0.205224871635437,0.06768821179866791,0.002798777539283037,0.023383840918540955,0.12377742677927017,0.08586186170578003,0.016296541318297386,0.04494144767522812,0.0037599706556648016,0.01977771893143654,0.08015778660774231,0.10052490234375,19184.8203125,0.205224871635437,1.0264045000076294,0.021098213270306587,0.974274754524231,,,,,,,,
validation_end,200,72000,,,,,,,,,,,,,,,1.0449862480163574,0.011275937780737877,0.9569503664970398,28.621131896972656,0.9100200533866882,25.20584487915039,0.06220202147960663,28.621131896972656,0.9100200533866882,25.20584487915039,0.06220202147960663
train_epoch_end,200,72000,0.20226196944713593,0.06374192237854004,0.0025702090933918953,0.019221611320972443,0.12360477447509766,0.09301112592220306,0.014701813459396362,0.03881673142313957,0.003611156018450856,0.023779142647981644,0.07719744741916656,0.1014404296875,19087.419921875,0.20226196944713593,1.0449862480163574,0.011275937780737877,0.9569503664970398,,,,,,,,
train_epoch_end,201,72360,0.2139718234539032,0.06666220724582672,0.0038840118795633316,0.021870635449886322,0.12215037643909454,0.08945783227682114,0.017348766326904297,0.03876389563083649,0.004072595853358507,0.02643539011478424,0.08655854314565659,0.10369873046875,19594.361328125,0.2139718234539032,1.023429274559021,0.016638820990920067,0.9771071076393127,,,,,,,,
train_epoch_end,202,72720,0.2299511879682541,0.0724228024482727,0.0038580186665058136,0.028684094548225403,0.1216980442404747,0.06709913164377213,0.02255912311375141,0.036418382078409195,0.005206969566643238,0.028321772813796997,0.10588483512401581,0.1217041015625,20619.390625,0.2299511879682541,1.0276594161987305,0.01687990315258503,0.9730850458145142,,,,,,,,
train_epoch_end,203,73080,0.19535565376281738,0.0652426928281784,0.004803430754691362,0.02113652229309082,0.12311200797557831,0.08316259831190109,0.015244197100400925,0.04122864082455635,0.0037419626023620367,0.01883990317583084,0.07542657852172852,0.0936279296875,19244.640625,0.19535565376281738,1.036608099937439,0.01200901623815298,0.9646847248077393,,,,,,,,
train_epoch_end,204,73440,0.18736325204372406,0.06180316209793091,0.00322128739207983,0.018602773547172546,0.12097317725419998,0.08671877533197403,0.013919560238718987,0.04001964256167412,0.003433837555348873,0.01840934343636036,0.06853814423084259,0.0887451171875,19280.408203125,0.18736325204372406,1.0238343477249146,0.013521960936486721,0.9767205119132996,,,,,,,,
train_epoch_end,205,73800,0.18224996328353882,0.05968693271279335,0.0026182974688708782,0.016736041754484177,0.12130364030599594,0.08764496445655823,0.012823623605072498,0.034561704844236374,0.0034431249368935823,0.02009500190615654,0.06620222330093384,0.0875244140625,19066.73046875,0.18224996328353882,1.026381015777588,0.01581016555428505,0.974297046661377,,,,,,,,
train_epoch_end,206,74160,0.217629075050354,0.06843085587024689,0.0034016817808151245,0.025389961898326874,0.12103956937789917,0.06883081048727036,0.020190007984638214,0.03438041731715202,0.004324384033679962,0.027536410838365555,0.09797020256519318,0.111328125,19796.7578125,0.217629075050354,1.0320862531661987,0.019326839596033096,0.9689112901687622,,,,,,,,
train_epoch_end,207,74520,0.22097164392471313,0.06814713031053543,0.003389330580830574,0.023957667872309685,0.12322422862052917,0.07509417831897736,0.020106622949242592,0.03861438110470772,0.0044675348326563835,0.026938997209072113,0.09751032292842865,0.10894775390625,20592.25,0.22097164392471313,1.026834487915039,0.019413163885474205,0.9738667607307434,,,,,,,,
train_epoch_end,208,74880,0.1971355825662613,0.06307943165302277,0.003179052844643593,0.017922423779964447,0.12384650111198425,0.0996505543589592,0.013742271810770035,0.04821452498435974,0.003319081850349903,0.01861242949962616,0.06997796893119812,0.0928955078125,18510.58984375,0.1971355825662613,1.0307554006576538,0.009660717099905014,0.9701622724533081,,,,,,,,
train_epoch_end,209,75240,0.1931663304567337,0.0617777556180954,0.0027938750572502613,0.016762737184762955,0.12380388379096985,0.10043622553348541,0.013287807814776897,0.041160862892866135,0.0034362575970590115,0.021011553704738617,0.06728105247020721,0.08868408203125,19082.71875,0.1931663304567337,1.0311071872711182,0.016559718176722527,0.9698312878608704,,,,,,,,
validation_end,210,75600,,,,,,,,,,,,,,,1.031995177268982,0.018071675673127174,0.9689967632293701,28.494352340698242,0.9107451438903809,23.95244026184082,0.06062917038798332,28.494352340698242,0.9107451438903809,23.95244026184082,0.06062917038798332
train_epoch_end,210,75600,0.1885068267583847,0.06132664158940315,0.002931041643023491,0.01727243885397911,0.12267349660396576,0.09447801113128662,0.012821068987250328,0.04242204129695892,0.0032960993703454733,0.0184952225536108,0.06655434519052505,0.093017578125,18532.78125,0.1885068267583847,1.031995177268982,0.018071675673127174,0.9689967632293701,,,,,,,,
train_epoch_end,211,75960,0.17176005244255066,0.03332052007317543,0.0031551732681691647,0.02088451012969017,0.008064346387982368,0.05641540139913559,0.015958359465003014,0.04381100833415985,0.0035738064907491207,0.021034596487879753,0.07983522862195969,0.09814453125,19215.3125,0.17176005244255066,1.020727276802063,0.014179777354001999,0.979693591594696,,,,,,,,
train_epoch_end,212,76320,0.18182817101478577,0.03826712444424629,0.004073132760822773,0.025668375194072723,0.008150948211550713,0.04754588007926941,0.01915256306529045,0.040949221700429916,0.004251954145729542,0.022315874695777893,0.0915694534778595,0.11334228515625,19498.4609375,0.18182817101478577,1.0321507453918457,0.02095632813870907,0.9688507318496704,,,,,,,,
train_epoch_end,213,76680,0.17785245180130005,0.034236133098602295,0.0029412908479571342,0.021607419475913048,0.007460386026650667,0.05621780827641487,0.017626047134399414,0.043930504471063614,0.003926792647689581,0.02279907837510109,0.08478578925132751,0.0963134765625,19336.142578125,0.17785245180130005,1.0170085430145264,0.021737821400165558,0.9832758903503418,,,,,,,,
train_epoch_end,214,77040,0.15690931677818298,0.029428981244564056,0.0026908311992883682,0.018320057541131973,0.005104424431920052,0.055692076683044434,0.01436360739171505,0.0373397059738636,0.0036784070543944836,0.01956106722354889,0.0733698159456253,0.09368896484375,19628.73046875,0.15690931677818298,1.0308911800384521,0.019505783915519714,0.9700344800949097,,,,,,,,
train_epoch_end,215,77400,0.16957543790340424,0.03138688579201698,0.0030778050422668457,0.020096708089113235,0.004373815841972828,0.05189003795385361,0.01695307530462742,0.036749958992004395,0.0038906033150851727,0.0235409215092659,0.08328081667423248,0.09490966796875,20154.98046875,0.16957543790340424,1.023156762123108,0.018319401890039444,0.9773673415184021,,,,,,,,
train_epoch_end,216,77760,0.14891104400157928,0.028454778715968132,0.002499333117157221,0.017907001078128815,0.004735685419291258,0.05575322359800339,0.0126548046246171,0.03739486634731293,0.0033371266908943653,0.01749785616993904,0.06582524627447128,0.09197998046875,19071.185546875,0.14891104400157928,1.0274598598480225,0.014635929837822914,0.9732740521430969,,,,,,,,
train_epoch_end,217,78120,0.14779400825500488,0.02774466946721077,0.003000632394105196,0.01745721325278282,0.004488663747906685,0.05324069410562515,0.012364251539111137,0.036335065960884094,0.003410673700273037,0.01795853301882744,0.06522303819656372,0.09136962890625,18940.76953125,0.14779400825500488,1.036738634109497,0.016571171581745148,0.964563250541687,,,,,,,,
train_epoch_end,218,78480,0.1636640578508377,0.031163673847913742,0.003419524058699608,0.01883220300078392,0.0069456216879189014,0.05812195688486099,0.015711946412920952,0.04085347801446915,0.0036652362905442715,0.02040807530283928,0.07590222358703613,0.0911865234375,19072.84375,0.1636640578508377,1.018185019493103,0.021668890491127968,0.9821397662162781,,,,,,,,
train_epoch_end,219,78840,0.15869003534317017,0.028705619275569916,0.0025745313614606857,0.018780086189508438,0.0029457774944603443,0.05223248153924942,0.013288822956383228,0.030833227559924126,0.00343672139570117,0.024698570370674133,0.0711047351360321,0.09454345703125,19088.3203125,0.15869003534317017,1.0380586385726929,0.009711368009448051,0.963336706161499,,,,,,,,
validation_end,220,79200,,,,,,,,,,,,,,,1.0212509632110596,0.015204021707177162,0.979191243648529,28.98493194580078,0.9117228984832764,22.6065731048584,0.06048734113574028,28.98493194580078,0.9117228984832764,22.6065731048584,0.06048734113574028
train_epoch_end,220,79200,0.17099742591381073,0.032483164221048355,0.0027630976401269436,0.020674601197242737,0.004248884040862322,0.05903426185250282,0.01660855859518051,0.04180394858121872,0.0039267209358513355,0.0217326357960701,0.08162810653448105,0.09234619140625,19679.72265625,0.17099742591381073,1.0212509632110596,0.015204021707177162,0.979191243648529,,,,,,,,
train_epoch_end,221,79560,0.2058846652507782,0.04187529534101486,0.003761047963052988,0.02854517661035061,0.008335038088262081,0.043837934732437134,0.023689210414886475,0.04208715260028839,0.005068454425781965,0.027374636381864548,0.11450479924678802,0.12347412109375,21133.9296875,0.2058846652507782,1.0214017629623413,0.007018077652901411,0.9790467023849487,,,,,,,,
train_epoch_end,222,79920,0.16417378187179565,0.03004741109907627,0.002591738011687994,0.018771303817629814,0.004648259840905666,0.057530105113983154,0.014852387830615044,0.0417126901447773,0.0034856004640460014,0.02046268805861473,0.0755038857460022,0.09771728515625,19353.474609375,0.16417378187179565,1.0312495231628418,0.005950913764536381,0.9696974158287048,,,,,,,,
train_epoch_end,223,80280,0.17249564826488495,0.03400568664073944,0.002851358614861965,0.022003576159477234,0.004311344586312771,0.059766799211502075,0.016939010471105576,0.043033890426158905,0.004072755575180054,0.021097669377923012,0.08110707998275757,0.09307861328125,19603.341796875,0.17249564826488495,1.0346089601516724,0.01665913313627243,0.9665487408638,,,,,,,,
train_epoch_end,224,80640,0.17337533831596375,0.03480956703424454,0.003394992556422949,0.02408452518284321,0.004298673942685127,0.042834796011447906,0.018072590231895447,0.036120764911174774,0.004063292872160673,0.022464288398623466,0.09080904722213745,0.10626220703125,20123.1171875,0.17337533831596375,1.0351992845535278,0.009648604318499565,0.965997576713562,,,,,,,,
train_epoch_end,225,81000,0.17785128951072693,0.03577319532632828,0.0030241147615015507,0.023335440084338188,0.008714195340871811,0.049862854182720184,0.01806756854057312,0.04196403920650482,0.00417710654437542,0.02213706448674202,0.08736535906791687,0.10211181640625,19613.35546875,0.17785128951072693,1.0291755199432373,0.012548751197755337,0.971651554107666,,,,,,,,
train_epoch_end,226,81360,0.14064979553222656,0.026105817407369614,0.002684522420167923,0.015656400471925735,0.006454933900386095,0.05027223750948906,0.012549322098493576,0.034281469881534576,0.0035893074236810207,0.01733526587486267,0.059963028877973557,0.0859375,18421.2109375,0.14064979553222656,1.0248829126358032,0.01239369809627533,0.9757212400436401,,,,,,,,
train_epoch_end,227,81720,0.1797723025083542,0.032340481877326965,0.002405427861958742,0.01999359019100666,0.006628342438489199,0.06363766640424728,0.014898736961185932,0.03363770246505737,0.00350026017986238,0.03220517933368683,0.07329641282558441,0.0914306640625,18419.369140625,0.1797723025083542,1.0156402587890625,0.017111923545598984,0.9846006035804749,,,,,,,,
train_epoch_end,228,82080,0.17546680569648743,0.03092997521162033,0.0026938761584460735,0.020357348024845123,0.004371334798634052,0.05210966616868973,0.014381419867277145,0.02887699380517006,0.0036382123362272978,0.03220647573471069,0.07565437257289886,0.097900390625,18906.5703125,0.17546680569648743,1.0354831218719482,0.004023105837404728,0.9657328128814697,,,,,,,,
train_epoch_end,229,82440,0.15955419838428497,0.029494544491171837,0.003148708026856184,0.01818079873919487,0.002713410183787346,0.06475891172885895,0.013489299453794956,0.04846455901861191,0.0034283793065696955,0.016944920644164085,0.06765823066234589,0.08642578125,18718.21484375,0.15955419838428497,1.0265545845031738,0.01346591953188181,0.9741322994232178,,,,,,,,
validation_end,230,82800,,,,,,,,,,,,,,,1.0241814851760864,0.016773179173469543,0.976389467716217,28.69074249267578,0.9113157987594604,24.840503692626953,0.06056532263755798,28.69074249267578,0.9113157987594604,24.840503692626953,0.06056532263755798
train_epoch_end,230,82800,0.1837145984172821,0.03500264883041382,0.003260508645325899,0.02327105961740017,0.005435616709291935,0.045047156512737274,0.020211374387145042,0.035891227424144745,0.004572341218590736,0.026602981612086296,0.09591610729694366,0.105224609375,20542.458984375,0.1837145984172821,1.0241814851760864,0.016773179173469543,0.976389467716217,,,,,,,,
train_epoch_end,231,83160,0.1503564715385437,0.0265989787876606,0.002354334108531475,0.015481587499380112,0.003914468921720982,0.0655246153473854,0.011990915983915329,0.04466681927442551,0.0030719107016921043,0.016677778214216232,0.06184849888086319,0.092529296875,17946.625,0.1503564715385437,1.023742437362671,0.01354254875332117,0.9768081903457642,,,,,,,,
train_epoch_end,232,83520,0.1612735092639923,0.03023284673690796,0.0028682867996394634,0.018955525010824203,0.004301697947084904,0.05749473348259926,0.014941412955522537,0.034337736666202545,0.0037453125696629286,0.023640546947717667,0.07077836245298386,0.0870361328125,19276.8046875,0.1612735092639923,1.0292869806289673,0.00788101926445961,0.9715463519096375,,,,,,,,
train_epoch_end,233,83880,0.18259215354919434,0.03455321863293648,0.003012316767126322,0.023278560489416122,0.002463493961840868,0.052362650632858276,0.018677756190299988,0.04279821366071701,0.004024106077849865,0.023504190146923065,0.09302926063537598,0.10791015625,20162.9609375,0.18259215354919434,1.0327587127685547,0.010125836357474327,0.9682803750038147,,,,,,,,
train_epoch_end,234,84240,0.1646387279033661,0.028772322461009026,0.0021975021809339523,0.016978206112980843,0.00289922789670527,0.0699697881937027,0.014091809280216694,0.04892455041408539,0.003320183837786317,0.020282849669456482,0.06554047763347626,0.0869140625,17980.970703125,0.1646387279033661,1.0424572229385376,0.010350052267313004,0.9592719674110413,,,,,,,,
train_epoch_end,235,84600,0.17547902464866638,0.03288518637418747,0.0030219880864024162,0.021557414904236794,0.0033958586864173412,0.05341867357492447,0.017525773495435715,0.040810711681842804,0.003922370262444019,0.02263554371893406,0.08823515474796295,0.10382080078125,20147.271484375,0.17547902464866638,1.0217455625534058,0.019329745322465897,0.9787172675132751,,,,,,,,
train_epoch_end,236,84960,0.17428022623062134,0.031948380172252655,0.0026251962408423424,0.020646486431360245,0.003981423564255238,0.05584115535020828,0.016264498233795166,0.03649426996707916,0.0036286525428295135,0.02674008160829544,0.08025141060352325,0.09234619140625,19434.33984375,0.17428022623062134,1.0230408906936646,0.016131825745105743,0.97747802734375,,,,,,,,
train_epoch_end,237,85320,0.1782762110233307,0.03354744613170624,0.002737042959779501,0.021996941417455673,0.0027068525087088346,0.05601461976766586,0.018352273851633072,0.04108208790421486,0.004074425436556339,0.02385229617357254,0.08954854309558868,0.0958251953125,19898.015625,0.1782762110233307,1.0365610122680664,0.0012235280591994524,0.9647285342216492,,,,,,,,
train_epoch_end,238,85680,0.1585843712091446,0.029529806226491928,0.0029042684473097324,0.019047677516937256,0.0038179494440555573,0.049821916967630386,0.015277533791959286,0.03678702190518379,0.0036279321648180485,0.02079695835709572,0.07455118745565414,0.0927734375,19130.5546875,0.1585843712091446,1.0262157917022705,0.010136943310499191,0.9744539260864258,,,,,,,,
train_epoch_end,239,86040,0.1780126690864563,0.03430349379777908,0.003026058431714773,0.022724170237779617,0.0023634126409888268,0.06261292099952698,0.01588265225291252,0.05083558335900307,0.0036769371945410967,0.019915660843253136,0.0806446224451065,0.09747314453125,19453.80078125,0.1780126690864563,1.0314375162124634,0.0112061258405447,0.9695206880569458,,,,,,,,
validation_end,240,86400,,,,,,,,,,,,,,,1.0367485284805298,0.013529765419661999,0.9645540714263916,29.027320861816406,0.9112922549247742,22.813034057617188,0.059747058898210526,29.027320861816406,0.9112922549247742,22.813034057617188,0.059747058898210526
train_epoch_end,240,86400,0.19153352081775665,0.03835829719901085,0.0029230774380266666,0.025920137763023376,0.0042059035040438175,0.05668050795793533,0.019951453432440758,0.05079958587884903,0.004291270859539509,0.022451050579547882,0.09394185245037079,0.1004638671875,19648.880859375,0.19153352081775665,1.0367485284805298,0.013529765419661999,0.9645540714263916,,,,,,,,
train_epoch_end,241,86760,0.15761029720306396,0.027311358600854874,0.0021559027954936028,0.014461034908890724,0.004645367152988911,0.08092159032821655,0.012231383472681046,0.05125802755355835,0.0031438576988875866,0.018058810383081436,0.05810564011335373,0.0771484375,17539.703125,0.15761029720306396,1.0185902118682861,0.009370160289108753,0.9817490577697754,,,,,,,,
train_epoch_end,242,87120,0.16009008884429932,0.02809152752161026,0.0023765871301293373,0.016905805096030235,0.002858069259673357,0.06538376957178116,0.01335472147911787,0.04373393580317497,0.003573580179363489,0.020134365186095238,0.06719931960105896,0.08599853515625,19024.15625,0.16009008884429932,1.0226472616195679,0.017372753471136093,0.9778542518615723,,,,,,,,
train_epoch_end,243,87480,0.16338661313056946,0.03214294835925102,0.002721334807574749,0.01936497539281845,0.010403911583125591,0.058836907148361206,0.014451896771788597,0.044412292540073395,0.0034723407588899136,0.018476206809282303,0.07282555103302002,0.097900390625,18411.728515625,0.16338661313056946,1.0376992225646973,0.009171294048428535,0.9636703729629517,,,,,,,,
train_epoch_end,244,87840,0.15421850979328156,0.029151208698749542,0.002483025658875704,0.018360495567321777,0.004251161124557257,0.058130502700805664,0.013176465407013893,0.04018871486186981,0.0035202514845877886,0.01829950325191021,0.06807935237884521,0.08673095703125,19064.873046875,0.15421850979328156,1.0264968872070312,0.004085348453372717,0.9741870760917664,,,,,,,,
train_epoch_end,245,88200,0.1720513254404068,0.03507274016737938,0.0029346151277422905,0.024016372859477997,0.0022958172485232353,0.05182228237390518,0.01826612278819084,0.04171095788478851,0.004287049639970064,0.02035101316869259,0.0843035876750946,0.090087890625,20192.33984375,0.1720513254404068,1.0168293714523315,0.01868502050638199,0.9834491610527039,,,,,,,,
train_epoch_end,246,88560,0.19359515607357025,0.03706735372543335,0.0033167083747684956,0.024932244792580605,0.002178508322685957,0.05474197119474411,0.021148433908820152,0.04528949037194252,0.0047475602477788925,0.025083284825086594,0.10130103677511215,0.10400390625,20600.0703125,0.19359515607357025,1.0313422679901123,0.008220885880291462,0.9696102142333984,,,,,,,,
train_epoch_end,247,88920,0.15629734098911285,0.030630115419626236,0.0031968257389962673,0.020062590017914772,0.005312092136591673,0.048357151448726654,0.014418315142393112,0.03745543211698532,0.0037841303274035454,0.0189839955419302,0.07046304643154144,0.0963134765625,19215.609375,0.15629734098911285,1.0225491523742676,0.008359908126294613,0.9779480695724487,,,,,,,,
train_epoch_end,248,89280,0.16985994577407837,0.031147612258791924,0.003402537666261196,0.019171934574842453,0.005027747247368097,0.061286769807338715,0.014957716688513756,0.03979907184839249,0.00365989631973207,0.024058571085333824,0.07649757713079453,0.089599609375,19054.91796875,0.16985994577407837,1.0354537963867188,0.00916995108127594,0.9657601118087769,,,,,,,,
train_epoch_end,249,89640,0.16493500769138336,0.031119897961616516,0.0028435070998966694,0.020397722721099854,0.003903784789144993,0.049859944730997086,0.01619742438197136,0.03664453700184822,0.003864770755171776,0.02183500863611698,0.08106861263513565,0.09979248046875,19389.375,0.16493500769138336,1.0233432054519653,0.010372170247137547,0.9771892428398132,,,,,,,,
validation_end,250,90000,,,,,,,,,,,,,,,1.031875729560852,0.012323098257184029,0.9691089391708374,28.742969512939453,0.9119200706481934,22.71006202697754,0.05951371788978577,28.742969512939453,0.9119200706481934,22.71006202697754,0.05951371788978577
train_epoch_end,250,90000,0.17957183718681335,0.032829076051712036,0.0029659909196197987,0.021477188915014267,0.0028323610313236713,0.054086074233055115,0.01797475852072239,0.03934618830680847,0.00394429313018918,0.02527148462831974,0.09026212990283966,0.10003662109375,20341.6484375,0.17957183718681335,1.031875729560852,0.012323098257184029,0.9691089391708374,,,,,,,,
train_epoch_end,251,90360,0.15737110376358032,0.028293149545788765,0.0024062576703727245,0.01737849786877632,0.002916705794632435,0.06121817231178284,0.013848372735083103,0.042596835643053055,0.0035503250546753407,0.019033456221222878,0.06860984861850739,0.08447265625,19265.681640625,0.15737110376358032,1.0262222290039062,0.011181979440152645,0.9744477868080139,,,,,,,,
train_epoch_end,252,90720,0.16579566895961761,0.029801733791828156,0.0025772391818463802,0.01875801384449005,0.002530945697799325,0.061726998537778854,0.014375894330441952,0.044623155146837234,0.003439386608079076,0.020160000771284103,0.07490140199661255,0.09869384765625,19013.59765625,0.16579566895961761,1.0231850147247314,0.016918683424592018,0.9773403406143188,,,,,,,,
train_epoch_end,253,91080,0.16887886822223663,0.03148975223302841,0.00277974596247077,0.020524533465504646,0.0051770638674497604,0.05239621549844742,0.014945585280656815,0.03489581495523453,0.0036605126224458218,0.025347357615828514,0.0769195407629013,0.09710693359375,19195.96484375,0.16887886822223663,1.0321840047836304,0.0053092120215296745,0.9688194990158081,,,,,,,,
train_epoch_end,254,91440,0.17591768503189087,0.033803652971982956,0.005923956632614136,0.022372040897607803,0.0033262530341744423,0.05179665982723236,0.015757570043206215,0.04481668770313263,0.0034351982176303864,0.022932395339012146,0.07853426039218903,0.09918212890625,18445.5859375,0.17591768503189087,1.027051329612732,0.002112879417836666,0.9736611843109131,,,,,,,,
train_epoch_end,255,91800,0.18590880930423737,0.03591673821210861,0.0032340208999812603,0.024586129933595657,0.0034097752068191767,0.044996269047260284,0.020680127665400505,0.037463363260030746,0.0046655116602778435,0.02556365728378296,0.1002063900232315,0.1097412109375,20713.224609375,0.18590880930423737,1.0382657051086426,0.01437284704297781,0.9631446003913879,,,,,,,,
train_epoch_end,256,92160,0.15920646488666534,0.033037904649972916,0.0030091390945017338,0.022798355668783188,0.003580807475373149,0.050105441361665726,0.014326066710054874,0.04095213860273361,0.00349460169672966,0.017468232661485672,0.07313895225524902,0.0887451171875,19627.609375,0.15920646488666534,1.0248414278030396,0.020700965076684952,0.9757606983184814,,,,,,,,
train_epoch_end,257,92520,0.16080458462238312,0.02910560369491577,0.002352946437895298,0.016748208552598953,0.006893090903759003,0.06922701001167297,0.012492742389440536,0.04817965626716614,0.0032506464049220085,0.0179580245167017,0.06627486646175385,0.09259033203125,18521.82421875,0.16080458462238312,1.0173869132995605,0.01735699363052845,0.9829102158546448,,,,,,,,
train_epoch_end,258,92880,0.15937161445617676,0.028901735320687294,0.0024492531083524227,0.017853446304798126,0.0025033827405422926,0.06743854284286499,0.012265106663107872,0.04786970466375351,0.0033416124060750008,0.017290964722633362,0.0667424276471138,0.09539794921875,18454.275390625,0.15937161445617676,1.0289238691329956,0.0022855657152831554,0.9718891978263855,,,,,,,,
train_epoch_end,259,93240,0.1731833815574646,0.03165943920612335,0.0025861007161438465,0.020289042964577675,0.0016695641679689288,0.061979569494724274,0.01643408089876175,0.045033834874629974,0.0037584821693599224,0.021612785756587982,0.08182103931903839,0.095703125,19483.53515625,0.1731833815574646,1.0382156372070312,0.0029597210232168436,0.963191032409668,,,,,,,,
validation_end,260,93600,,,,,,,,,,,,,,,1.023557424545288,0.005342947784811258,0.9769847393035889,28.01979637145996,0.9102726578712463,24.121747970581055,0.05799990892410278,28.01979637145996,0.9102726578712463,24.121747970581055,0.05799990892410278
train_epoch_end,260,93600,0.16853730380535126,0.032325904816389084,0.0024932012893259525,0.02087201178073883,0.0036835873033851385,0.06003773584961891,0.015623684972524643,0.0446753054857254,0.0037234595511108637,0.02029263600707054,0.07587365061044693,0.0887451171875,19385.96875,0.16853730380535126,1.023557424545288,0.005342947784811258,0.9769847393035889,,,,,,,,
train_epoch_end,261,93960,0.16969086229801178,0.03244701400399208,0.002574005164206028,0.019016265869140625,0.010177303105592728,0.06692247837781906,0.014202695339918137,0.05269917845726013,0.00317401229403913,0.018021229654550552,0.06924442946910858,0.095458984375,18472.71875,0.16969086229801178,1.0317354202270508,0.010531600564718246,0.9692407250404358,,,,,,,,
train_epoch_end,262,94320,0.156403049826622,0.0316639207303524,0.002438110765069723,0.019061218947172165,0.01013563945889473,0.06275258213281631,0.012736025266349316,0.04817976802587509,0.003063160227611661,0.01564314402639866,0.06214793771505356,0.0845947265625,18211.94140625,0.156403049826622,1.0235871076583862,0.011181313544511795,0.9769564270973206,,,,,,,,
train_epoch_end,263,94680,0.1815417855978012,0.03822511434555054,0.0035602524876594543,0.02629188448190689,0.007449060678482056,0.042761385440826416,0.019619040191173553,0.04095492139458656,0.004313928075134754,0.022183289751410484,0.09133407473564148,0.10595703125,20250.490234375,0.1815417855978012,1.0240871906280518,0.01633656769990921,0.9764793515205383,,,,,,,,
train_epoch_end,264,95040,0.15997686982154846,0.032852813601493835,0.0030048121698200703,0.021672170609235764,0.0040703583508729935,0.057764336466789246,0.014541667886078358,0.043778084218502045,0.0037827170453965664,0.0170793067663908,0.0710304006934166,0.0814208984375,19506.4921875,0.15997686982154846,1.01730477809906,0.015383140183985233,0.9829896092414856,,,,,,,,
train_epoch_end,265,95400,0.1683652251958847,0.02966970019042492,0.0028429809026420116,0.0184231698513031,0.006817171350121498,0.0507558211684227,0.015023641288280487,0.03283175826072693,0.003358922665938735,0.027630148455500603,0.07372461259365082,0.0963134765625,19185.09765625,0.1683652251958847,1.0189714431762695,0.013537243008613586,0.9813817739486694,,,,,,,,
train_epoch_end,266,95760,0.15374119579792023,0.027834471315145493,0.002877043094485998,0.01660298742353916,0.005978246219456196,0.05672226846218109,0.013381734490394592,0.0385160893201828,0.003294347319751978,0.020185578614473343,0.06502941250801086,0.09490966796875,17976.806640625,0.15374119579792023,1.03654944896698,-0.0047461059875786304,0.9647393226623535,,,,,,,,
train_epoch_end,267,96120,0.18485534191131592,0.03337451070547104,0.002689533866941929,0.021743208169937134,0.002294126432389021,0.059158921241760254,0.017877979204058647,0.042134806513786316,0.0040573482401669025,0.026405729353427887,0.09089253842830658,0.0982666015625,19927.41015625,0.18485534191131592,1.0181498527526855,0.016431398689746857,0.9821736812591553,,,,,,,,
train_epoch_end,268,96480,0.16699634492397308,0.03248230740427971,0.0030856053344905376,0.019909266382455826,0.008425630629062653,0.05935736000537872,0.015037983655929565,0.04656093567609787,0.003439295804128051,0.019349554553627968,0.0726618617773056,0.0924072265625,18410.046875,0.16699634492397308,1.032900333404541,0.012514494359493256,0.9681476354598999,,,,,,,,
train_epoch_end,269,96840,0.16937033832073212,0.03177439421415329,0.002788783051073551,0.0204499289393425,0.002555267419666052,0.06009996682405472,0.0159138236194849,0.041647009551525116,0.00396848376840353,0.021282128989696503,0.08041694015264511,0.0970458984375,19607.359375,0.16937033832073212,1.032244086265564,0.008617914281785488,0.9687631130218506,,,,,,,,
validation_end,270,97200,,,,,,,,,,,,,,,1.0265544652938843,0.007886226288974285,0.9741324186325073,28.989089965820312,0.9130634069442749,23.25396728515625,0.056822676211595535,28.989089965820312,0.9130634069442749,23.25396728515625,0.056822676211595535
train_epoch_end,270,97200,0.17842864990234375,0.03277116268873215,0.0027535399422049522,0.021201852709054947,0.0016848747618496418,0.059588730335235596,0.018003331497311592,0.0419418141245842,0.004087631590664387,0.02423916943371296,0.08734188973903656,0.0919189453125,20120.79296875,0.17842864990234375,1.0265544652938843,0.007886226288974285,0.9741324186325073,,,,,,,,
train_epoch_end,271,97560,0.14990365505218506,0.026303349062800407,0.0023432099260389805,0.016551867127418518,0.001740892301313579,0.054597094655036926,0.013082990422844887,0.03328803926706314,0.003531684400513768,0.020853795111179352,0.06784229725599289,0.091064453125,19002.9140625,0.14990365505218506,1.0117838382720947,0.005793140735477209,0.988353431224823,,,,,,,,
train_epoch_end,272,97920,0.15137654542922974,0.02799748256802559,0.0022671683691442013,0.016804032027721405,0.004652227275073528,0.0656891018152237,0.011578768491744995,0.044968295842409134,0.003211213508620858,0.016201786696910858,0.062269192188978195,0.08782958984375,18447.25390625,0.15137654542922974,1.01811683177948,0.014707250520586967,0.9822055697441101,,,,,,,,
train_epoch_end,273,98280,0.15610191226005554,0.028646552935242653,0.002341369166970253,0.01747286319732666,0.0052219354547560215,0.0583474338054657,0.013792486861348152,0.03579220548272133,0.003449000185355544,0.021493446081876755,0.06978390365839005,0.0865478515625,19129.54296875,0.15610191226005554,1.0317023992538452,0.007713313214480877,0.9692717790603638,,,,,,,,
train_epoch_end,274,98640,0.15852807462215424,0.029772548004984856,0.002491008024662733,0.01868337392807007,0.00232504028826952,0.06105829030275345,0.015117334201931953,0.0410437136888504,0.003834787756204605,0.019017916172742844,0.07120425999164581,0.08251953125,19785.125,0.15852807462215424,1.0294567346572876,0.0016141502419486642,0.9713861346244812,,,,,,,,
train_epoch_end,275,99000,0.15496276319026947,0.027499046176671982,0.002297485712915659,0.01604130119085312,0.0022777928970754147,0.07359720766544342,0.01181681826710701,0.04815005511045456,0.0031980143394321203,0.0170912966132164,0.06249282881617546,0.08038330078125,18268.46875,0.15496276319026947,1.010170340538025,0.016941508278250694,0.9899320602416992,,,,,,,,
train_epoch_end,276,99360,0.1800212860107422,0.033835213631391525,0.0027923579327762127,0.022742176428437233,0.0039833057671785355,0.04739188402891159,0.01863972656428814,0.03835795074701309,0.00418194942176342,0.024512292817234993,0.09412971138954163,0.109375,20148.6015625,0.1800212860107422,1.0240352153778076,0.004774016793817282,0.9765289425849915,,,,,,,,
train_epoch_end,277,99720,0.1823575794696808,0.03400740027427673,0.002814016304910183,0.022358212620019913,0.003801946993917227,0.05476704612374306,0.01807396300137043,0.035060636699199677,0.004097266122698784,0.028174977749586105,0.09068796783685684,0.10540771484375,19626.49609375,0.1823575794696808,1.0311089754104614,0.008493388071656227,0.9698296189308167,,,,,,,,
train_epoch_end,278,100080,0.18128415942192078,0.03583556413650513,0.0034152339212596416,0.024650054052472115,0.002423211932182312,0.0481211394071579,0.019655145704746246,0.04366862028837204,0.004189120139926672,0.02269279770553112,0.08843979239463806,0.1007080078125,20024.515625,0.18128415942192078,1.0202276706695557,0.008124499581754208,0.9801733493804932,,,,,,,,
train_epoch_end,279,100440,0.14807330071926117,0.028102928772568703,0.0030318056233227253,0.018117405474185944,0.0034586850088089705,0.05168110877275467,0.01277915295213461,0.03784630447626114,0.003676210530102253,0.017305148765444756,0.0648428201675415,0.0863037109375,18998.017578125,0.14807330071926117,1.0286035537719727,0.005123780574649572,0.9721918702125549,,,,,,,,
validation_end,280,100800,,,,,,,,,,,,,,,1.028853416442871,0.009453355334699154,0.9719557762145996,28.21584129333496,0.9108757376670837,23.563037872314453,0.059459805488586426,28.21584129333496,0.9108757376670837,23.563037872314453,0.059459805488586426
train_epoch_end,280,100800,0.18308661878108978,0.032589688897132874,0.0024216733872890472,0.020736869424581528,0.009443501010537148,0.05453028529882431,0.013733985833823681,0.029751796275377274,0.0033861342817544937,0.03547147661447525,0.07348722219467163,0.09759521484375,18286.23828125,0.18308661878108978,1.028853416442871,0.009453355334699154,0.9719557762145996,,,,,,,,
train_epoch_end,281,101160,0.1527681052684784,0.028343433514237404,0.0025658831000328064,0.017805829644203186,0.0024202847853302956,0.05753699690103531,0.014149447903037071,0.03933395445346832,0.003613120876252651,0.018330542370676994,0.06887251883745193,0.08056640625,19541.73828125,0.1527681052684784,1.0133533477783203,0.010057693347334862,0.9868226051330566,,,,,,,,
train_epoch_end,282,101520,0.169894739985466,0.03151930868625641,0.0026138839311897755,0.019430242478847504,0.0088652353733778,0.05256282910704613,0.015852004289627075,0.037489742040634155,0.00357640627771616,0.02452758699655533,0.07822917401790619,0.09417724609375,19282.1484375,0.169894739985466,1.0247650146484375,0.010724232532083988,0.9758334755897522,,,,,,,,
train_epoch_end,283,101880,0.15852589905261993,0.029032722115516663,0.0021909205242991447,0.017525440081954002,0.0018974789418280125,0.07233031839132309,0.013008607551455498,0.05234929919242859,0.003356252796947956,0.015875501558184624,0.06361189484596252,0.077392578125,18393.625,0.15852589905261993,1.037457823753357,0.008027708157896996,0.9638946056365967,,,,,,,,
train_epoch_end,284,102240,0.15372240543365479,0.02833511121571064,0.0022719274275004864,0.01786596141755581,0.003939204849302769,0.054585352540016174,0.01383132766932249,0.038527712225914,0.0034470618702471256,0.018972797319293022,0.06917242705821991,0.0880126953125,19369.498046875,0.15372240543365479,1.0360212326049805,0.005413549020886421,0.96523118019104,,,,,,,,
train_epoch_end,285,102600,0.17015580832958221,0.030194681137800217,0.0024336688220500946,0.018481571227312088,0.0018188317772001028,0.07025957852602005,0.014496099203824997,0.04871563985943794,0.0037560313940048218,0.020756766200065613,0.07239985466003418,0.0960693359375,18270.5546875,0.17015580832958221,1.0246716737747192,0.00955063197761774,0.9759223461151123,,,,,,,,
train_epoch_end,286,102960,0.15976108610630035,0.02974960207939148,0.002844227012246847,0.018418937921524048,0.003933827392756939,0.06009136885404587,0.014508051797747612,0.04241658002138138,0.0038205385208129883,0.019369352608919144,0.0706062912940979,0.084228515625,18961.23828125,0.15976108610630035,1.0174999237060547,0.013231996446847916,0.982801079750061,,,,,,,,
train_epoch_end,287,103320,0.16390709578990936,0.03011951968073845,0.0027670986019074917,0.01893644407391548,0.0022073315922170877,0.06265994161367416,0.014693892560899258,0.044411882758140564,0.003681202419102192,0.01922621577978134,0.07538419216871262,0.094482421875,18950.81640625,0.16390709578990936,1.0263316631317139,0.005600323900580406,0.9743438959121704,,,,,,,,
train_epoch_end,288,103680,0.16262750327587128,0.032885581254959106,0.0028437525033950806,0.020321279764175415,0.008814583532512188,0.0574442595243454,0.015621162950992584,0.040589965879917145,0.0043349177576601505,0.01919187605381012,0.07145529985427856,0.0894775390625,19620.1796875,0.16262750327587128,1.036994457244873,0.013147030957043171,0.9643253087997437,,,,,,,,
train_epoch_end,289,104040,0.18028096854686737,0.03481299430131912,0.003145352005958557,0.02365630865097046,0.00374141288921237,0.04463009163737297,0.019887935370206833,0.035698190331459045,0.004467537626624107,0.025431130081415176,0.09556880593299866,0.1019287109375,20354.91796875,0.18028096854686737,1.0138248205184937,0.01043607760220766,0.9863637089729309,,,,,,,,
validation_end,290,104400,,,,,,,,,,,,,,,1.031625747680664,0.0012948282528668642,0.9693437814712524,28.596040725708008,0.9123286604881287,21.287933349609375,0.05565835162997246,28.596040725708008,0.9123286604881287,21.287933349609375,0.05565835162997246
train_epoch_end,290,104400,0.1719730794429779,0.035169824957847595,0.003097057808190584,0.022800981998443604,0.010989315807819366,0.04929408058524132,0.015671374276280403,0.043091438710689545,0.003767996560782194,0.019705165177583694,0.08159418404102325,0.10333251953125,19804.74609375,0.1719730794429779,1.031625747680664,0.0012948282528668642,0.9693437814712524,,,,,,,,
train_epoch_end,291,104760,0.16474565863609314,0.030704151839017868,0.0024356013163924217,0.018891341984272003,0.0043027643114328384,0.06235957145690918,0.015569044277071953,0.043374113738536835,0.003742388915270567,0.019887536764144897,0.07567578554153442,0.08294677734375,19937.84375,0.16474565863609314,1.0194165706634521,0.007268073968589306,0.9809532761573792,,,,,,,,
train_epoch_end,292,105120,0.15126243233680725,0.030160564929246902,0.002057267352938652,0.018454454839229584,0.0071061355993151665,0.06252170354127884,0.012652351520955563,0.042841870337724686,0.00318338954821229,0.01594390720129013,0.0638534352183342,0.087646484375,18459.255859375,0.15126243233680725,1.0374785661697388,-0.0006527835503220558,0.9638753533363342,,,,,,,,
train_epoch_end,293,105480,0.1532113403081894,0.028344813734292984,0.0025383755564689636,0.01827423647046089,0.0032400544732809067,0.05421072244644165,0.012819584459066391,0.037429071962833405,0.003472322365269065,0.01890116184949875,0.07057273387908936,0.09381103515625,19135.4609375,0.1532113403081894,1.0258525609970093,0.015134432353079319,0.9747989773750305,,,,,,,,
train_epoch_end,294,105840,0.15780609846115112,0.029728595167398453,0.002317933365702629,0.018619487062096596,0.002523194532841444,0.06610237807035446,0.013154355809092522,0.05042164400219917,0.003296208567917347,0.015774007886648178,0.06516261398792267,0.07989501953125,18532.998046875,0.15780609846115112,1.0216240882873535,0.013390659354627132,0.9788336157798767,,,,,,,,
train_epoch_end,295,106200,0.16388261318206787,0.031794022768735886,0.002595697995275259,0.019996395334601402,0.004235341213643551,0.06260064989328384,0.015319203957915306,0.04467446357011795,0.0037525298539549112,0.018441541120409966,0.07522935420274734,0.08135986328125,19838.248046875,0.16388261318206787,1.0278801918029785,0.007431930396705866,0.9728760123252869,,,,,,,,
train_epoch_end,296,106560,0.17770996689796448,0.036002568900585175,0.0034824050962924957,0.02364896982908249,0.008886326104402542,0.04870428889989853,0.017563961446285248,0.04280620068311691,0.0041434853337705135,0.02166411280632019,0.08637154847383499,0.09698486328125,20139.640625,0.17770996689796448,1.0231596231460571,0.012254664674401283,0.9773645997047424,,,,,,,,
train_epoch_end,297,106920,0.15435510873794556,0.027099307626485825,0.0020535700023174286,0.015725864097476006,0.003988088108599186,0.06818752735853195,0.012177111580967903,0.040199071168899536,0.0031681451946496964,0.020430583506822586,0.0634218230843544,0.083251953125,18848.29296875,0.15435510873794556,1.0283297300338745,0.005720282904803753,0.9724507331848145,,,,,,,,
train_epoch_end,298,107280,0.15125331282615662,0.0278837438672781,0.002384924329817295,0.017744511365890503,0.003206078428775072,0.05468963086605072,0.013090072199702263,0.0353320874273777,0.003540181554853916,0.019010843709111214,0.06957163661718369,0.0933837890625,19744.34375,0.15125331282615662,1.0295602083206177,0.005114229861646891,0.9712885022163391,,,,,,,,
train_epoch_end,299,107640,0.1607135534286499,0.02974635921418667,0.002337922342121601,0.01871332712471485,0.0017448754515498877,0.06181227043271065,0.015324424020946026,0.04079781100153923,0.0037691392935812473,0.019847357645630836,0.07375405728816986,0.08001708984375,20263.76953125,0.1607135534286499,1.0220781564712524,0.00853866245597601,0.9783987402915955,,,,,,,,
validation_end,300,108000,,,,,,,,,,,,,,,1.014911413192749,0.010344420559704304,0.9853076934814453,28.739105224609375,0.9135136008262634,23.511211395263672,0.05867302790284157,28.739105224609375,0.9135136008262634,23.511211395263672,0.05867302790284157
train_epoch_end,300,108000,0.16727924346923828,0.028272755444049835,0.002113291062414646,0.016741644591093063,0.0026022621896117926,0.07171474397182465,0.012722989544272423,0.04527593031525612,0.0033217151649296284,0.023610662668943405,0.0652606189250946,0.0830078125,18571.583984375,0.16727924346923828,1.014911413192749,0.010344420559704304,0.9853076934814453,,,,,,,,
