event,epoch,global_step,phys_factor_vae/loss_total,phys_factor_vae/loss_factor,phys_factor_vae/loss_factor_e,phys_factor_vae/loss_factor_t,phys_factor_vae/loss_factor_r,phys_factor_vae/loss_factor_a,phys_factor_vae/loss_factor_b,phys_factor_vae/loss_phys,phys_factor_vae/loss_delta,phys_factor_vae/loss_img,phys_factor_vae/loss_edge,phys_factor_vae/loss_lpips,phys_factor_vae/loss_kl,loss_G,latent_std,latent_mean,latent_normalizer,DroneVehicle_night_val/PSNR,DroneVehicle_night_val/SSIM,DroneVehicle_night_val/FID,DroneVehicle_night_val/LPIPS,val_all/PSNR,val_all/SSIM,val_all/FID,val_all/LPIPS
train_epoch_end,1,616,1.1625438928604126,0.8587418794631958,0.508823812007904,0.5625663995742798,0.5472991466522217,0.19771111011505127,0.049494463950395584,0.06817355006933212,0.0029344770591706038,0.06477208435535431,0.18426313996315002,0.501953125,6882.6865234375,1.1625438928604126,,,,,,,,,,,
train_epoch_end,2,1232,1.104199767112732,0.8611673712730408,0.5301464796066284,0.5672386884689331,0.5238491296768188,0.20012927055358887,0.04166742414236069,0.04799143970012665,0.002863655798137188,0.05172645300626755,0.1540071964263916,0.418212890625,8413.4765625,1.104199767112732,1.3134928941726685,0.06081768125295639,0.7613288164138794,,,,,,,,
train_epoch_end,3,1848,1.0754013061523438,0.7982152104377747,0.5139247179031372,0.5163540840148926,0.4811040759086609,0.1992342174053192,0.05272194743156433,0.051867708563804626,0.0033149197697639465,0.059835053980350494,0.20933488011360168,0.4072265625,9289.1904296875,1.0754013061523438,1.1170581579208374,-0.004005754366517067,0.8952085375785828,,,,,,,,
train_epoch_end,4,2464,1.0843493938446045,0.8263072371482849,0.5110251903533936,0.5365524291992188,0.5188273191452026,0.19964778423309326,0.04930780827999115,0.05292859673500061,0.003507051384076476,0.052399225533008575,0.20463436841964722,0.350830078125,10554.228515625,1.0843493938446045,1.0518333911895752,-0.011359699070453644,0.9507209062576294,,,,,,,,
train_epoch_end,5,3080,1.0709984302520752,0.8544275760650635,0.5068413019180298,0.5576382875442505,0.5608500242233276,0.19982194900512695,0.039536863565444946,0.052220847457647324,0.003176686353981495,0.0406939759850502,0.15008780360221863,0.3056640625,11700.125,1.0709984302520752,1.0214296579360962,-0.006328729912638664,0.9790199398994446,,,,,,,,
train_epoch_end,6,3696,1.0284725427627563,0.8295925259590149,0.5182613134384155,0.5392729640007019,0.5268833637237549,0.19901323318481445,0.03652837499976158,0.04748166725039482,0.0032944735139608383,0.03639736771583557,0.1399650126695633,0.271240234375,13187.794921875,1.0284725427627563,1.0448755025863647,0.02618969790637493,0.9570518136024475,,,,,,,,
train_epoch_end,7,4312,1.0275020599365234,0.8427364230155945,0.5351257920265198,0.5484739542007446,0.5296282768249512,0.1992967426776886,0.03257732093334198,0.04996907711029053,0.003327044425532222,0.031714390963315964,0.12515807151794434,0.227294921875,14015.642578125,1.0275020599365234,0.9879104495048523,0.005200323183089495,1.012237548828125,,,,,,,,
train_epoch_end,8,4928,1.029476523399353,0.8610638976097107,0.5341205596923828,0.5685341358184814,0.5326036810874939,0.19990620017051697,0.023432370275259018,0.035156454890966415,0.002730743493884802,0.0370069295167923,0.09329789131879807,0.1920166015625,13991.580078125,1.029476523399353,0.9691339731216431,0.004245399963110685,1.0318490266799927,,,,,,,,
train_epoch_end,9,5544,1.0198607444763184,0.8513434529304504,0.5313986539840698,0.5566879510879517,0.5400058031082153,0.19944018125534058,0.02744147926568985,0.04839745908975601,0.0032633915543556213,0.027843855321407318,0.10639598220586777,0.1971435546875,14855.3828125,1.0198607444763184,0.9637237191200256,0.006930788047611713,1.0376417636871338,,,,,,,,
validation_end,10,6160,,,,,,,,,,,,,,,0.9692535400390625,0.008917728438973427,1.031721830368042,24.380950927734375,0.8572207093238831,25.884971618652344,0.1500960886478424,24.380950927734375,0.8572207093238831,25.884971618652344,0.1500960886478424
train_epoch_end,10,6160,1.05527663230896,0.8858481645584106,0.549964427947998,0.5852556824684143,0.5434688329696655,0.20057101547718048,0.02870848774909973,0.05212957412004471,0.003166929818689823,0.027933120727539062,0.1016158014535904,0.1734619140625,15512.634765625,1.05527663230896,0.9692535400390625,0.008917728438973427,1.031721830368042,,,,,,,,
train_epoch_end,11,6776,1.0397469997406006,0.8748160600662231,0.5349278450012207,0.5746850967407227,0.5559970140457153,0.200590118765831,0.029363244771957397,0.05284172296524048,0.0031458709854632616,0.025352174416184425,0.10087737441062927,0.1689453125,16128.234375,1.0397469997406006,0.9540884494781494,0.010742273181676865,1.0481208562850952,,,,,,,,
train_epoch_end,12,7392,1.0127973556518555,0.826515257358551,0.5197029113769531,0.546116054058075,0.4957844018936157,0.19889765977859497,0.02655036374926567,0.023017048835754395,0.0031086078379303217,0.051467567682266235,0.09798478335142136,0.1727294921875,15452.1318359375,1.0127973556518555,0.981404721736908,0.011699079535901546,1.0189476013183594,,,,,,,,
train_epoch_end,13,8008,1.0249042510986328,0.8646494150161743,0.5193829536437988,0.5710436701774597,0.5517299175262451,0.19982853531837463,0.023378606885671616,0.041493020951747894,0.0031742642167955637,0.029552966356277466,0.09255275130271912,0.1785888671875,15490.80078125,1.0249042510986328,0.9926060438156128,0.010207751765847206,1.0074490308761597,,,,,,,,
train_epoch_end,14,8624,1.0037223100662231,0.8377004861831665,0.5142796039581299,0.5507378578186035,0.526071310043335,0.19921636581420898,0.02781292237341404,0.03055153414607048,0.003112689359113574,0.03779524564743042,0.09738387912511826,0.1658935546875,15834.7822265625,1.0037223100662231,1.0004836320877075,0.009653898887336254,0.9995166063308716,,,,,,,,
train_epoch_end,15,9240,0.9790751934051514,0.826464831829071,0.5274080038070679,0.5400920510292053,0.5167624354362488,0.19888199865818024,0.02176775224506855,0.041070349514484406,0.0031908568926155567,0.02556649222970009,0.09561416506767273,0.1688232421875,16436.37890625,0.9790751934051514,1.0141698122024536,0.007823559455573559,0.9860281944274902,,,,,,,,
train_epoch_end,16,9856,0.28435763716697693,0.07640186697244644,0.009550414979457855,0.05745800584554672,0.012410501949489117,0.046971358358860016,0.035025984048843384,0.07780615985393524,0.0030634631402790546,0.03210175037384033,0.1007220596075058,0.21728515625,15973.5908203125,0.28435763716697693,1.0222073793411255,0.013490784913301468,0.9782750606536865,,,,,,,,
train_epoch_end,17,10472,0.21971510350704193,0.04593925178050995,0.006490553263574839,0.030425071716308594,0.004204803612083197,0.04615984484553337,0.03289741277694702,0.04641548544168472,0.003946145065128803,0.028502527624368668,0.11729897558689117,0.188720703125,18209.29296875,0.21971510350704193,1.0724081993103027,0.038308966904878616,0.9324807524681091,,,,,,,,
train_epoch_end,18,11088,0.17345254123210907,0.03412880375981331,0.004598701372742653,0.021196328103542328,0.003142684930935502,0.05651785060763359,0.021381381899118423,0.04251297563314438,0.002939810510724783,0.021553756669163704,0.07642483711242676,0.1513671875,16520.5,0.17345254123210907,1.0540691614151,0.03684080392122269,0.9487043619155884,,,,,,,,
train_epoch_end,19,11704,0.18213610351085663,0.0328490287065506,0.005381937604397535,0.02060149982571602,0.004021356347948313,0.046895045787096024,0.020828798413276672,0.03507203236222267,0.0029385341331362724,0.029537362977862358,0.07861374318599701,0.15185546875,17365.859375,0.18213610351085663,1.02983558177948,0.01879127137362957,0.9710288047790527,,,,,,,,
validation_end,20,12320,,,,,,,,,,,,,,,1.0364925861358643,0.01258826069533825,0.9647922515869141,28.386028289794922,0.892936646938324,24.718978881835938,0.10580512881278992,28.386028289794922,0.892936646938324,24.718978881835938,0.10580512881278992
train_epoch_end,20,12320,0.17530520260334015,0.036041509360075,0.004486489575356245,0.023991063237190247,0.003527818713337183,0.04264224320650101,0.02313058264553547,0.033646393567323685,0.003173667239025235,0.024327851831912994,0.0846230536699295,0.152587890625,17373.37890625,0.17530520260334015,1.0364925861358643,0.01258826069533825,0.9647922515869141,,,,,,,,
train_epoch_end,21,12936,0.17700055241584778,0.03327016532421112,0.004452977329492569,0.02073904499411583,0.0029372861608862877,0.05503525212407112,0.020720120519399643,0.03849702328443527,0.0030427160672843456,0.025363484397530556,0.08070743829011917,0.14306640625,16981.7109375,0.17700055241584778,1.0320426225662231,0.01672545075416565,0.9689522385597229,,,,,,,,
train_epoch_end,22,13552,0.18650400638580322,0.03906119987368584,0.00509068975225091,0.027835771441459656,0.003490403527393937,0.041237685829401016,0.01982554979622364,0.04113484546542168,0.002878474537283182,0.02521098032593727,0.08135094493627548,0.1640625,16266.59765625,0.18650400638580322,1.034212589263916,0.011239196173846722,0.9669191837310791,,,,,,,,
train_epoch_end,23,14168,0.19106194376945496,0.03422927483916283,0.003755697049200535,0.021836452186107635,0.002922962186858058,0.05676870793104172,0.02018515020608902,0.03597540780901909,0.0029884078539907932,0.03314504399895668,0.08087146282196045,0.1480712890625,16552.248046875,0.19106194376945496,1.0866572856903076,0.037248123437166214,0.920253336429596,,,,,,,,
train_epoch_end,24,14784,0.18144242465496063,0.0337313674390316,0.00506553053855896,0.02098899334669113,0.0026820749044418335,0.05414917692542076,0.02156221494078636,0.040107809007167816,0.003241032361984253,0.025631438940763474,0.08337614685297012,0.1455078125,17706.05078125,0.18144242465496063,1.0286016464233398,0.023752443492412567,0.9721936583518982,,,,,,,,
train_epoch_end,25,15400,0.17348052561283112,0.033244773745536804,0.0038269502110779285,0.02120232582092285,0.005178904626518488,0.051009759306907654,0.01876002922654152,0.03763878345489502,0.0030816614162176847,0.023397449404001236,0.07992346584796906,0.156982421875,17038.24609375,0.17348052561283112,1.0386792421340942,0.016301333904266357,0.9627611041069031,,,,,,,,
train_epoch_end,26,16016,0.1804974526166916,0.037268541753292084,0.003958198707550764,0.023984933272004128,0.005683999042958021,0.053059808909893036,0.02226831763982773,0.047167617827653885,0.003206164576113224,0.02080167643725872,0.08315140008926392,0.1309814453125,17364.24609375,0.1804974526166916,1.0371237993240356,0.01158598531037569,0.9642050266265869,,,,,,,,
train_epoch_end,27,16632,0.18795914947986603,0.03885363042354584,0.004690832924097776,0.025446975603699684,0.004378895275294781,0.049350764602422714,0.02481658011674881,0.04762939363718033,0.00354295433498919,0.021557612344622612,0.09040462970733643,0.1370849609375,18506.76171875,0.18795914947986603,1.0494199991226196,0.014377634041011333,0.9529073238372803,,,,,,,,
train_epoch_end,28,17248,0.1917378008365631,0.03933112323284149,0.006960208993405104,0.02576572448015213,0.005469409748911858,0.04303514212369919,0.024617917835712433,0.03200141340494156,0.0034493899438530207,0.031243368983268738,0.0899331197142601,0.133056640625,18680.20703125,0.1917378008365631,1.0349271297454834,0.0075967018492519855,0.9662516117095947,,,,,,,,
train_epoch_end,29,17864,0.20230364799499512,0.045107681304216385,0.003803914412856102,0.029171176254749298,0.013084903359413147,0.05655907094478607,0.024233562871813774,0.0574435293674469,0.0033524197060614824,0.021831491962075233,0.08562833815813065,0.131591796875,18169.248046875,0.20230364799499512,1.0496163368225098,0.01123014185577631,0.9527290463447571,,,,,,,,
validation_end,30,18480,,,,,,,,,,,,,,,1.0388973951339722,0.007629930041730404,0.9625589847564697,28.540428161621094,0.9004751443862915,27.320756912231445,0.09211675822734833,28.540428161621094,0.9004751443862915,27.320756912231445,0.09211675822734833
train_epoch_end,30,18480,0.17527106404304504,0.03413467854261398,0.004753691144287586,0.021807795390486717,0.00659763440489769,0.05451131984591484,0.016151681542396545,0.04663388803601265,0.003071870654821396,0.020496800541877747,0.0756414383649826,0.145263671875,17000.2890625,0.17527106404304504,1.0388973951339722,0.007629930041730404,0.9625589847564697,,,,,,,,
train_epoch_end,31,19096,0.17015506327152252,0.03423157334327698,0.004829023499041796,0.023208413273096085,0.00205006031319499,0.051199231296777725,0.016733862459659576,0.04555131494998932,0.0029460922814905643,0.01908012479543686,0.07419148087501526,0.13671875,17046.08203125,0.17015506327152252,1.045654296875,0.010265433229506016,0.9563390016555786,,,,,,,,
train_epoch_end,32,19712,0.18430808186531067,0.033629536628723145,0.00446756836026907,0.021442577242851257,0.003227017354220152,0.05244610458612442,0.02007479965686798,0.041227929294109344,0.003315684152767062,0.026335177943110466,0.08629031479358673,0.135498046875,18342.201171875,0.18430808186531067,1.0410012006759644,0.005695632193237543,0.9606136679649353,,,,,,,,
train_epoch_end,33,20328,0.18161386251449585,0.03363630548119545,0.003242648206651211,0.02303694188594818,0.002762745600193739,0.041102636605501175,0.01995101198554039,0.027275193482637405,0.0031791343353688717,0.03216230869293213,0.08681051433086395,0.1419677734375,17297.662109375,0.18161386251449585,1.0491183996200562,0.009160547517240047,0.953181266784668,,,,,,,,
train_epoch_end,34,20944,0.16751988232135773,0.03275249898433685,0.0031272759661078453,0.020586233586072922,0.006247390061616898,0.053253017365932465,0.017989186570048332,0.039813101291656494,0.003176590893417597,0.021107826381921768,0.07574057579040527,0.12890625,17733.216796875,0.16751988232135773,1.056739330291748,0.009267483837902546,0.9463071823120117,,,,,,,,
train_epoch_end,35,21560,0.17629370093345642,0.03553853556513786,0.004013468511402607,0.02353399619460106,0.005770113319158554,0.0483810119330883,0.01888217404484749,0.04374707490205765,0.003453455399721861,0.020033925771713257,0.0856524407863617,0.137451171875,18325.515625,0.17629370093345642,1.042402982711792,0.008227584883570671,0.959321916103363,,,,,,,,
train_epoch_end,36,22176,0.1600072979927063,0.02997802197933197,0.004193962085992098,0.019273214042186737,0.002733897417783737,0.05564221739768982,0.013634484261274338,0.04334446042776108,0.0027514391113072634,0.01839827373623848,0.06844497472047806,0.1298828125,17040.36328125,0.1600072979927063,1.045432686805725,0.008864653296768665,0.9565417170524597,,,,,,,,
train_epoch_end,37,22792,0.17107440531253815,0.031050903722643852,0.004383880645036697,0.018382679671049118,0.0048089767806231976,0.06658615916967392,0.014845581725239754,0.045283325016498566,0.002955314703285694,0.022370610386133194,0.06964340806007385,0.125244140625,17105.3203125,0.17107440531253815,1.0404963493347168,0.0066008190624415874,0.9610797762870789,,,,,,,,
train_epoch_end,38,23408,0.18516720831394196,0.03832278028130531,0.003985923249274492,0.026537198573350906,0.0031579958740621805,0.05517314001917839,0.01792915165424347,0.052531756460666656,0.003068620106205344,0.020117051899433136,0.08299494534730911,0.133544921875,16909.76953125,0.18516720831394196,1.0472110509872437,0.005062671843916178,0.9549173712730408,,,,,,,,
train_epoch_end,39,24024,0.16828832030296326,0.0360674224793911,0.0036798776127398014,0.023878494277596474,0.006126005668193102,0.053573135286569595,0.017520572990179062,0.04855667054653168,0.003006265964359045,0.016936611384153366,0.07036809623241425,0.1165771484375,17534.99609375,0.16828832030296326,1.047159194946289,0.010378614999353886,0.9549646377563477,,,,,,,,
validation_end,40,24640,,,,,,,,,,,,,,,1.0420737266540527,0.008566123433411121,0.9596250057220459,28.96219253540039,0.9060060977935791,20.51374053955078,0.08390442281961441,28.96219253540039,0.9060060977935791,20.51374053955078,0.08390442281961441
train_epoch_end,40,24640,0.18274827301502228,0.033204637467861176,0.003287417348474264,0.021765481680631638,0.004468828439712524,0.05030282214283943,0.017879242077469826,0.03892892226576805,0.003453155979514122,0.02734888531267643,0.08525703847408295,0.1280517578125,18347.39453125,0.18274827301502228,1.0420737266540527,0.008566123433411121,0.9596250057220459,,,,,,,,
train_epoch_end,41,25256,0.1724233776330948,0.03159899264574051,0.0040758331306278706,0.019559644162654877,0.004125500097870827,0.060539498925209045,0.01574026606976986,0.04655507206916809,0.0032465511467307806,0.021064165979623795,0.07707840949296951,0.11962890625,17661.93359375,0.1724233776330948,1.0374839305877686,0.0043330262415111065,0.9638703465461731,,,,,,,,
train_epoch_end,42,25872,0.17662854492664337,0.03561745584011078,0.0030611082911491394,0.0224720761179924,0.012118419632315636,0.05070012807846069,0.017121946439146996,0.042549602687358856,0.0033904029987752438,0.02124870754778385,0.08442144095897675,0.12939453125,18528.84765625,0.17662854492664337,1.0351366996765137,0.004924135748296976,0.9660559892654419,,,,,,,,
train_epoch_end,43,26488,0.1598653793334961,0.029592594131827354,0.0027280915528535843,0.01894928142428398,0.0035122886765748262,0.05162196606397629,0.015684090554714203,0.03838850557804108,0.003011371474713087,0.020172767341136932,0.07230124622583389,0.128173828125,17634.6796875,0.1598653793334961,1.0536669492721558,0.008202040567994118,0.9490665197372437,,,,,,,,
train_epoch_end,44,27104,0.16091135144233704,0.03039921075105667,0.0027603148482739925,0.019503403455018997,0.0031916091684252024,0.05868224799633026,0.014158401638269424,0.043743450194597244,0.0030180399771779776,0.01833668164908886,0.07020288705825806,0.12274169921875,17250.865234375,0.16091135144233704,1.0414679050445557,0.00620042672380805,0.9601832032203674,,,,,,,,
train_epoch_end,45,27720,0.16600395739078522,0.0315629281103611,0.0031330217607319355,0.019995365291833878,0.004749092739075422,0.06265394389629364,0.01332656666636467,0.049843691289424896,0.0029896902851760387,0.017484210431575775,0.06848971545696259,0.1212158203125,17393.69921875,0.16600395739078522,1.0364285707473755,0.006487484090030193,0.9648518562316895,,,,,,,,
train_epoch_end,46,28336,0.16010339558124542,0.02864631451666355,0.0026003834791481495,0.016825461760163307,0.006787238642573357,0.06312395632266998,0.012646200135350227,0.03948134183883667,0.0027910005301237106,0.022221896797418594,0.06487050652503967,0.11480712890625,17041.0703125,0.16010339558124542,1.0395678281784058,0.008721578866243362,0.961938202381134,,,,,,,,
train_epoch_end,47,28952,0.17467977106571198,0.034839313477277756,0.0035508344881236553,0.023779859766364098,0.002272210083901882,0.04968181997537613,0.018542038276791573,0.04560335725545883,0.0034895867574959993,0.020163536071777344,0.08047600835561752,0.11090087890625,19208.3125,0.17467977106571198,1.0537910461425781,0.009340895339846611,0.9489547610282898,,,,,,,,
train_epoch_end,48,29568,0.16412441432476044,0.029288198798894882,0.003366885706782341,0.018752098083496094,0.003932477440685034,0.05264521762728691,0.013786946423351765,0.0399177223443985,0.003191369818523526,0.021941155195236206,0.07196080684661865,0.1260986328125,17243.2265625,0.16412441432476044,1.0285794734954834,0.0028953298460692167,0.9722146391868591,,,,,,,,
train_epoch_end,49,30184,0.1600499451160431,0.029478078708052635,0.0032338793389499187,0.0188374575227499,0.0023903250694274902,0.0538514070212841,0.015397720038890839,0.03771483153104782,0.0032622134312987328,0.020798787474632263,0.07362890988588333,0.1175537109375,17833.115234375,0.1600499451160431,1.0382006168365479,0.009012631140649319,0.9632049798965454,,,,,,,,
validation_end,50,30800,,,,,,,,,,,,,,,1.0489301681518555,0.006110389716923237,0.9533523321151733,30.234851837158203,0.9098120927810669,19.813663482666016,0.07671665400266647,30.234851837158203,0.9098120927810669,19.813663482666016,0.07671665400266647
train_epoch_end,50,30800,0.16458478569984436,0.029614102095365524,0.0032496461644768715,0.01866895891726017,0.003626676043495536,0.05643414333462715,0.014330592006444931,0.03776603937149048,0.0031600468792021275,0.023106079548597336,0.07385198771953583,0.1142578125,17940.61328125,0.16458478569984436,1.0489301681518555,0.006110389716923237,0.9533523321151733,,,,,,,,
train_epoch_end,51,31416,0.1606840342283249,0.030810650438070297,0.002964865881949663,0.019882837310433388,0.004943433683365583,0.05160902813076973,0.01515933871269226,0.040845803916454315,0.0029903389513492584,0.019907452166080475,0.06980371475219727,0.1231689453125,16457.5703125,0.1606840342283249,1.0292586088180542,0.010232088156044483,0.9715731143951416,,,,,,,,
train_epoch_end,52,32032,0.1667718142271042,0.032101720571517944,0.003827719483524561,0.020860586315393448,0.0064634764567017555,0.0449916236102581,0.01667669415473938,0.0379691943526268,0.003131135366857052,0.022938109934329987,0.07299821823835373,0.124267578125,17015.71484375,0.1667718142271042,1.0342806577682495,0.00823933444917202,0.966855525970459,,,,,,,,
train_epoch_end,53,32648,0.17242103815078735,0.032612722367048264,0.0029885247349739075,0.020743364468216896,0.005439422558993101,0.04876042902469635,0.019545307382941246,0.03480689227581024,0.003574168775230646,0.02498316392302513,0.08965307474136353,0.10302734375,18747.966796875,0.17242103815078735,1.0341202020645142,0.004769415594637394,0.9670055508613586,,,,,,,,
train_epoch_end,54,33264,0.16561724245548248,0.034645646810531616,0.003823381382972002,0.02216987870633602,0.013769056648015976,0.046545036137104034,0.013692617416381836,0.04277244210243225,0.002907739719375968,0.01900193840265274,0.07297730445861816,0.11981201171875,17065.064453125,0.16561724245548248,1.0419025421142578,0.009092042222619057,0.9597826600074768,,,,,,,,
train_epoch_end,55,33880,0.1666409820318222,0.03225754201412201,0.004838704597204924,0.020762542262673378,0.007324615493416786,0.04522920399904251,0.01572500355541706,0.040754906833171844,0.00301315332762897,0.021446045488119125,0.07251431792974472,0.12225341796875,17372.41796875,0.1666409820318222,1.0355991125106812,0.002484205411747098,0.9656246304512024,,,,,,,,
train_epoch_end,56,34496,0.16215406358242035,0.030369862914085388,0.0033398536033928394,0.018596693873405457,0.006785296835005283,0.05828215181827545,0.013654663227498531,0.04232072830200195,0.003103585448116064,0.019694477319717407,0.0707508772611618,0.1142578125,17854.3828125,0.16215406358242035,1.0399640798568726,0.006190530490130186,0.9615716934204102,,,,,,,,
train_epoch_end,57,35112,0.16593976318836212,0.03071415424346924,0.002874620258808136,0.020330552011728287,0.0013981963275000453,0.05715614929795265,0.014399126172065735,0.04550370201468468,0.0033399281091988087,0.018610700964927673,0.07508759200572968,0.12164306640625,18227.41015625,0.16593976318836212,1.0327999591827393,0.00718912435695529,0.9682416915893555,,,,,,,,
train_epoch_end,58,35728,0.15335337817668915,0.02778642438352108,0.00296601140871644,0.017912715673446655,0.003130841301754117,0.04953582212328911,0.013583661988377571,0.03540683165192604,0.003128735814243555,0.020177440717816353,0.06981320679187775,0.11346435546875,17878.294921875,0.15335337817668915,,,,,,,,,,,
train_epoch_end,59,36344,0.15568816661834717,0.028938233852386475,0.0025797649286687374,0.017943307757377625,0.005399096757173538,0.05593297258019447,0.013627653010189533,0.034847259521484375,0.0029942274559289217,0.02115737460553646,0.06960878521203995,0.11358642578125,17831.3203125,0.15568816661834717,1.0369304418563843,0.0062929317355155945,0.9643848538398743,,,,,,,,
validation_end,60,36960,,,,,,,,,,,,,,,1.0206948518753052,0.004190489649772644,0.9797247648239136,30.763893127441406,0.9138936996459961,22.262706756591797,0.07302923500537872,30.763893127441406,0.9138936996459961,22.262706756591797,0.07302923500537872
train_epoch_end,60,36960,0.15749450027942657,0.029494164511561394,0.0032367617823183537,0.01736914925277233,0.011220237240195274,0.054460559040308,0.012258835136890411,0.04137342423200607,0.0028840648010373116,0.019667470827698708,0.06546320021152496,0.11236572265625,16804.00390625,0.15749450027942657,1.0206948518753052,0.004190489649772644,0.9797247648239136,,,,,,,,
train_epoch_end,61,37576,0.1696016788482666,0.03428170084953308,0.005035857670009136,0.021081028506159782,0.010734664276242256,0.046388253569602966,0.018476873636245728,0.03927971422672272,0.0036092731170356274,0.02163545787334442,0.08068331331014633,0.10247802734375,18742.970703125,0.1696016788482666,1.0415202379226685,0.008230826817452908,0.9601349830627441,,,,,,,,
train_epoch_end,62,38192,0.16229493916034698,0.029995188117027283,0.0025926344096660614,0.01917114295065403,0.0022629403974860907,0.060952506959438324,0.014059605076909065,0.04399418830871582,0.0030943250749260187,0.01878705434501171,0.07313565164804459,0.12005615234375,17344.548828125,0.16229493916034698,1.0611488819122314,0.008983238600194454,0.9423748254776001,,,,,,,,
train_epoch_end,63,38808,0.15280432999134064,0.028154496103525162,0.0024934462271630764,0.017445916309952736,0.003415238345041871,0.06203349307179451,0.01211223192512989,0.043554987758398056,0.002944524399936199,0.017240475863218307,0.06333073228597641,0.10601806640625,17231.8359375,0.15280432999134064,1.0268821716308594,0.005076922941952944,0.9738215804100037,,,,,,,,
train_epoch_end,64,39424,0.15632884204387665,0.027868352830410004,0.0024891970679163933,0.017316654324531555,0.003342753043398261,0.057751111686229706,0.01327439770102501,0.0372374951839447,0.002972983755171299,0.021369392052292824,0.0680970624089241,0.110107421875,17477.74609375,0.15632884204387665,1.048097014427185,0.008380149491131306,0.9541101455688477,,,,,,,,
train_epoch_end,65,40040,0.16703830659389496,0.03312702476978302,0.003848948050290346,0.022346656769514084,0.003456931095570326,0.05351909622550011,0.014407947659492493,0.04710764437913895,0.0031953377183526754,0.01781420037150383,0.07362058758735657,0.1153564453125,18039.111328125,0.16703830659389496,1.0340516567230225,0.006980185396969318,0.967069685459137,,,,,,,,
train_epoch_end,66,40656,0.1560993492603302,0.028954826295375824,0.0026069972664117813,0.01830810308456421,0.001668485114350915,0.06472344696521759,0.01242203451693058,0.04239137843251228,0.0029347906820476055,0.019495641812682152,0.06229255348443985,0.1053466796875,16717.73828125,0.1560993492603302,1.0342967510223389,0.005325281992554665,0.9668405055999756,,,,,,,,
train_epoch_end,67,41272,0.1605689823627472,0.028338074684143066,0.002715000882744789,0.017914973199367523,0.0014598955167457461,0.06104785203933716,0.013098364695906639,0.04180844873189926,0.002992697060108185,0.02081269398331642,0.06874851882457733,0.10748291015625,17867.423828125,0.1605689823627472,1.028185248374939,0.005865460727363825,0.9725874066352844,,,,,,,,
train_epoch_end,68,41888,0.16227249801158905,0.03156748786568642,0.002582971937954426,0.02115100435912609,0.0034024426713585854,0.05199276655912399,0.014883413910865784,0.03940114378929138,0.003308551851660013,0.019175168126821518,0.0763569176197052,0.12213134765625,18341.09765625,0.16227249801158905,1.0499742031097412,0.0072648306377232075,0.9524043798446655,,,,,,,,
train_epoch_end,69,42504,0.16506069898605347,0.03347133472561836,0.002558451611548662,0.021453965455293655,0.010680042207241058,0.05190219730138779,0.014070101082324982,0.043435484170913696,0.0030687812250107527,0.018633835017681122,0.07278775423765182,0.11492919921875,18130.62890625,0.16506069898605347,1.0272080898284912,0.0031979866325855255,0.973512589931488,,,,,,,,
validation_end,70,43120,,,,,,,,,,,,,,,1.0263357162475586,0.005938881542533636,0.9743400812149048,30.43482208251953,0.9167258739471436,23.95171356201172,0.0710720643401146,30.43482208251953,0.9167258739471436,23.95171356201172,0.0710720643401146
train_epoch_end,70,43120,0.15338532626628876,0.027572400867938995,0.002804794814437628,0.01704460009932518,0.003780584316700697,0.05567997694015503,0.013253837823867798,0.03787214308977127,0.0031811194494366646,0.0196208618581295,0.06762507557868958,0.106201171875,17991.5546875,0.15338532626628876,1.0263357162475586,0.005938881542533636,0.9743400812149048,,,,,,,,
train_epoch_end,71,43736,0.16017894446849823,0.02953079529106617,0.0025902832858264446,0.019540458917617798,0.0014268187806010246,0.0540979765355587,0.014305057935416698,0.04164697229862213,0.003170095616951585,0.01872049830853939,0.07519043982028961,0.1114501953125,18445.94140625,0.16017894446849823,1.037068247795105,0.005977645982056856,0.9642567038536072,,,,,,,,
train_epoch_end,72,44352,0.16122640669345856,0.03137081116437912,0.003401851747184992,0.019665557891130447,0.008241437375545502,0.04879103600978851,0.015661314129829407,0.038787372410297394,0.0034380631987005472,0.019577879458665848,0.07576601207256317,0.1043701171875,19095.88671875,0.16122640669345856,1.0395655632019043,0.006778266746550798,0.9619402885437012,,,,,,,,
train_epoch_end,73,44968,0.15927164256572723,0.029264267534017563,0.003220851067453623,0.018745284527540207,0.0032524345442652702,0.05170385539531708,0.014921106398105621,0.03987472131848335,0.0033067069016397,0.01998075097799301,0.07133030891418457,0.1024169921875,18793.205078125,0.15927164256572723,1.028441309928894,0.0014990379568189383,0.972345232963562,,,,,,,,
train_epoch_end,74,45584,0.15982477366924286,0.029607035219669342,0.0028802473098039627,0.02007444202899933,0.0030755316838622093,0.03884614631533623,0.016636135056614876,0.03434538096189499,0.0033172951079905033,0.022558409720659256,0.0731779932975769,0.10650634765625,18493.095703125,0.15982477366924286,1.0236916542053223,0.003188343020156026,0.9768566489219666,,,,,,,,
train_epoch_end,75,46200,0.1479344367980957,0.02901660092175007,0.002609366551041603,0.018213491886854172,0.006099565885961056,0.05412544310092926,0.012853322550654411,0.03881077840924263,0.0030509778298437595,0.016683850437402725,0.06372533738613129,0.095703125,18189.791015625,0.1479344367980957,1.0396071672439575,0.007862318307161331,0.9619017839431763,,,,,,,,
train_epoch_end,76,46816,0.152174711227417,0.02724868804216385,0.002730179578065872,0.01737411692738533,0.001984891714528203,0.052695728838443756,0.013704923912882805,0.03832993283867836,0.0031219408847391605,0.019161878153681755,0.06661268323659897,0.1016845703125,18327.234375,0.152174711227417,1.034005880355835,0.005049974657595158,0.9671124815940857,,,,,,,,
train_epoch_end,77,47432,0.17074614763259888,0.03299473971128464,0.0027558752335608006,0.022432424128055573,0.0041603269055485725,0.04986746609210968,0.015386074781417847,0.043152425438165665,0.0033675837330520153,0.019942473620176315,0.08111540973186493,0.127685546875,18295.99609375,0.17074614763259888,1.0372493267059326,0.0053406874649226665,0.9640883803367615,,,,,,,,
train_epoch_end,78,48048,0.14834561944007874,0.026314619928598404,0.002468910999596119,0.015054618939757347,0.0058264522813260555,0.06689231842756271,0.00998771283775568,0.045004792511463165,0.0026630081702023745,0.016820330172777176,0.05609425529837608,0.09967041015625,16734.984375,0.14834561944007874,1.022010087966919,0.004273924510926008,0.9784639477729797,,,,,,,,
train_epoch_end,79,48664,0.16770705580711365,0.02640715055167675,0.002832448575645685,0.016420695930719376,0.004381710663437843,0.05330647528171539,0.011409063823521137,0.03392910957336426,0.002891790121793747,0.03075481951236725,0.06101306900382042,0.11083984375,16630.5859375,0.16770705580711365,1.0452545881271362,0.0072420318610966206,0.9567047357559204,,,,,,,,
validation_end,80,49280,,,,,,,,,,,,,,,1.0260908603668213,0.0027637132443487644,0.9745725393295288,29.80498695373535,0.9171501398086548,20.189716339111328,0.06340817362070084,29.80498695373535,0.9171501398086548,20.189716339111328,0.06340817362070084
train_epoch_end,80,49280,0.15533335506916046,0.027285737916827202,0.0024463944137096405,0.01626075617969036,0.003471988718956709,0.06527865678071976,0.01207008957862854,0.045445434749126434,0.002857078332453966,0.018497081473469734,0.06245466321706772,0.09625244140625,17508.986328125,0.15533335506916046,1.0260908603668213,0.0027637132443487644,0.9745725393295288,,,,,,,,
train_epoch_end,81,49896,0.150692418217659,0.026769224554300308,0.002431806642562151,0.016332030296325684,0.004656801000237465,0.05802614986896515,0.011449710465967655,0.03405722603201866,0.0029313417617231607,0.021811220794916153,0.0613652803003788,0.10748291015625,17221.05078125,0.150692418217659,1.020730972290039,0.0014063530834391713,0.9796900749206543,,,,,,,,
train_epoch_end,82,50512,0.14797091484069824,0.0270366333425045,0.002360258251428604,0.015643920749425888,0.005641077179461718,0.0647045373916626,0.01168769784271717,0.0364094041287899,0.0027138611767441034,0.019931280985474586,0.05906493216753006,0.10321044921875,16859.642578125,0.14797091484069824,1.0365264415740967,0.006200974341481924,0.9647607207298279,,,,,,,,
train_epoch_end,83,51128,0.15475548803806305,0.026359964162111282,0.00227851839736104,0.016246359795331955,0.0012959754094481468,0.06224874034523964,0.01198042556643486,0.038237564265728,0.0028891144320368767,0.02164420858025551,0.064023457467556,0.10272216796875,17705.3984375,0.15475548803806305,1.027862787246704,0.0035226899199187756,0.9728925228118896,,,,,,,,
train_epoch_end,84,51744,0.16222436726093292,0.030679985880851746,0.0025089369155466557,0.017423303797841072,0.013339510187506676,0.05953342467546463,0.013364912010729313,0.04323481768369675,0.0031836172565817833,0.01984318345785141,0.06787750124931335,0.104248046875,18048.4453125,0.16222436726093292,1.0305943489074707,0.0030329162254929543,0.9703139066696167,,,,,,,,
train_epoch_end,85,52360,0.15485437214374542,0.027572833001613617,0.0034364433959126472,0.01720408722758293,0.0018513693939894438,0.0615193173289299,0.011579438112676144,0.04543021693825722,0.0029006502591073513,0.01758919470012188,0.06148798018693924,0.11285400390625,17116.40625,0.15485437214374542,1.031908392906189,0.004993188660591841,0.9690782427787781,,,,,,,,
train_epoch_end,86,52976,0.1615384817123413,0.029260212555527687,0.0027262275107204914,0.018618449568748474,0.005420349538326263,0.05137640982866287,0.013869911432266235,0.03598889335989952,0.0031953149009495974,0.022261451929807663,0.07479803264141083,0.11993408203125,17878.2421875,0.1615384817123413,1.030168890953064,0.005337445065379143,0.9707146286964417,,,,,,,,
train_epoch_end,87,53592,0.15868684649467468,0.028641391545534134,0.0025989008136093616,0.01827174797654152,0.0029056179337203503,0.057296767830848694,0.013055345043540001,0.03548984229564667,0.0032251225784420967,0.02278493344783783,0.06772741675376892,0.10791015625,18040.80859375,0.15868684649467468,1.0288718938827515,0.0035483217798173428,0.9719383120536804,,,,,,,,
train_epoch_end,88,54208,0.1584668606519699,0.027795566245913506,0.002671801019459963,0.017786700278520584,0.0021952996030449867,0.0538531094789505,0.01362711749970913,0.035846587270498276,0.0032156556844711304,0.022240106016397476,0.07049258053302765,0.1107177734375,18435.451171875,0.1584668606519699,1.0306134223937988,0.004234950058162212,0.9702959060668945,,,,,,,,
train_epoch_end,89,54824,0.1583152562379837,0.02872799150645733,0.00237070769071579,0.01882489025592804,0.002908786991611123,0.05360543727874756,0.012890731915831566,0.038966260850429535,0.003111491445451975,0.019954098388552666,0.07066507637500763,0.11932373046875,18002.677734375,0.1583152562379837,1.03378427028656,0.004763738717883825,0.9673197865486145,,,,,,,,
validation_end,90,55440,,,,,,,,,,,,,,,1.0341119766235352,0.007864200510084629,0.9670132398605347,30.108932495117188,0.9187297224998474,19.913421630859375,0.06198243051767349,30.108932495117188,0.9187297224998474,19.913421630859375,0.06198243051767349
train_epoch_end,90,55440,0.1505400389432907,0.026925785467028618,0.0025329128839075565,0.0165744349360466,0.0018981096800416708,0.06613700091838837,0.010519578121602535,0.047707103192806244,0.0029086978174746037,0.015410056337714195,0.05905696004629135,0.10260009765625,17152.5625,0.1505400389432907,1.0341119766235352,0.007864200510084629,0.9670132398605347,,,,,,,,
train_epoch_end,91,56056,0.16857729852199554,0.03376618027687073,0.003191667143255472,0.022388897836208344,0.005395558662712574,0.05841441452503204,0.013556133955717087,0.049964919686317444,0.003187675727531314,0.017304567620158195,0.07179461419582367,0.11260986328125,17839.7421875,0.16857729852199554,1.0195529460906982,0.003234612988308072,0.9808220267295837,,,,,,,,
train_epoch_end,92,56672,0.15607720613479614,0.0284913070499897,0.002611839212477207,0.01864810660481453,0.0015257271006703377,0.052621886134147644,0.014186479151248932,0.038737762719392776,0.003272505709901452,0.01938495598733425,0.07173871994018555,0.10107421875,18762.09375,0.15607720613479614,1.033626675605774,0.004205085337162018,0.9674673080444336,,,,,,,,
train_epoch_end,93,57288,0.15768644213676453,0.028725991025567055,0.002924412488937378,0.01831272430717945,0.0026480001397430897,0.05762600898742676,0.013030244037508965,0.04266037046909332,0.0030826986767351627,0.018538620322942734,0.07058832794427872,0.11126708984375,17369.41015625,0.15768644213676453,1.035902500152588,0.004745606333017349,0.9653418064117432,,,,,,,,
train_epoch_end,94,57904,0.1579160988330841,0.030147839337587357,0.0028788368217647076,0.018934005871415138,0.005851683206856251,0.059844307601451874,0.012187086045742035,0.04613906890153885,0.0030613881535828114,0.016466449946165085,0.06661247462034225,0.1085205078125,18132.77734375,0.1579160988330841,1.0446745157241821,0.004934415686875582,0.9572359323501587,,,,,,,,
train_epoch_end,95,58520,0.15625154972076416,0.030486611649394035,0.002535710111260414,0.01902742311358452,0.008207995444536209,0.050801269710063934,0.01477254182100296,0.036300159990787506,0.0033949976786971092,0.019433222711086273,0.07246965169906616,0.1029052734375,18793.859375,0.15625154972076416,1.02570378780365,0.003203039523214102,0.9749403595924377,,,,,,,,
train_epoch_end,96,59136,0.14421342313289642,0.026314934715628624,0.0024553099647164345,0.01638639159500599,0.0040037985891103745,0.05758269876241684,0.010221978649497032,0.039958253502845764,0.002742172684520483,0.016004597768187523,0.060059718787670135,0.11077880859375,17096.060546875,0.14421342313289642,1.0320392847061157,0.004410827532410622,0.9689553380012512,,,,,,,,
train_epoch_end,97,59752,0.15181559324264526,0.027996091172099113,0.002497997134923935,0.01687004044651985,0.005733897443860769,0.06061006709933281,0.012028276920318604,0.041488856077194214,0.0030687120743095875,0.017913879826664925,0.06327423453330994,0.10247802734375,17369.322265625,0.15181559324264526,1.0229769945144653,0.0038622149731963873,0.9775390625,,,,,,,,
train_epoch_end,98,60368,0.15178558230400085,0.028690757229924202,0.002412309404462576,0.018137160688638687,0.006135609466582537,0.05382196605205536,0.012137675657868385,0.03486999496817589,0.0031187706626951694,0.019953424111008644,0.06636401265859604,0.10919189453125,17690.5390625,0.15178558230400085,1.020275354385376,0.003013201989233494,0.9801275730133057,,,,,,,,
train_epoch_end,99,60984,0.1651916652917862,0.029660150408744812,0.0026847724802792072,0.01897655799984932,0.0032332371920347214,0.054642170667648315,0.014959488064050674,0.03837251663208008,0.0034486092627048492,0.022221921011805534,0.07717808336019516,0.1102294921875,18947.560546875,0.1651916652917862,1.0476840734481812,0.009789522737264633,0.9544861912727356,,,,,,,,
validation_end,100,61600,,,,,,,,,,,,,,,1.019336462020874,0.0023603863082826138,0.9810303449630737,30.685476303100586,0.9191212058067322,19.373525619506836,0.06388489156961441,30.685476303100586,0.9191212058067322,19.373525619506836,0.06388489156961441
train_epoch_end,100,61600,0.16165758669376373,0.029965968802571297,0.002567826770246029,0.01903165876865387,0.008646111935377121,0.04755731672048569,0.01350037008523941,0.02675473690032959,0.00323562347330153,0.02733572944998741,0.07082270830869675,0.1102294921875,18299.654296875,0.16165758669376373,1.019336462020874,0.0023603863082826138,0.9810303449630737,,,,,,,,
train_epoch_end,101,62216,0.15686897933483124,0.0292856153100729,0.0029732869006693363,0.018659118562936783,0.0034504281356930733,0.056959062814712524,0.013298639096319675,0.042822420597076416,0.0031534750014543533,0.01775963604450226,0.0690942108631134,0.10626220703125,18186.8984375,0.15686897933483124,1.0214333534240723,0.009715414606034756,0.9790164232254028,,,,,,,,
train_epoch_end,102,62832,0.14692948758602142,0.026516972109675407,0.002314574085175991,0.015469224192202091,0.0077918414026498795,0.0565548837184906,0.011462630704045296,0.03853717818856239,0.002969921100884676,0.018031837418675423,0.059726886451244354,0.1024169921875,17671.375,0.14692948758602142,1.0322614908218384,0.005956880282610655,0.9687467813491821,,,,,,,,
train_epoch_end,103,63448,0.15532368421554565,0.027650047093629837,0.0023832451552152634,0.01713491603732109,0.0029559298418462276,0.06192246824502945,0.011952362954616547,0.04009317234158516,0.0030294647440314293,0.019953027367591858,0.06595807522535324,0.1048583984375,17672.6484375,0.15532368421554565,1.03363037109375,0.0023742234334349632,0.9674638509750366,,,,,,,,
train_epoch_end,104,64064,0.1649550497531891,0.02844245173037052,0.0023973979987204075,0.01788673922419548,0.0025687851011753082,0.061456285417079926,0.012674150057137012,0.03628891706466675,0.0031351789366453886,0.026735540479421616,0.06526549905538559,0.0927734375,18023.69921875,0.1649550497531891,1.0279266834259033,0.006804527249187231,0.9728320240974426,,,,,,,,
train_epoch_end,105,64680,0.1587308645248413,0.03250540792942047,0.0024350667372345924,0.020370427519083023,0.008569173514842987,0.0590263195335865,0.013925153762102127,0.047110870480537415,0.003060020972043276,0.015792354941368103,0.06574331223964691,0.10211181640625,17825.90234375,0.1587308645248413,1.0227357149124146,-0.00021499804279301316,0.9777697324752808,,,,,,,,
train_epoch_end,106,65296,0.1576419621706009,0.03187275677919388,0.0031166933476924896,0.01864735782146454,0.01198161207139492,0.06568172574043274,0.011530593037605286,0.05005491524934769,0.0031037204898893833,0.015135169960558414,0.06050289422273636,0.08941650390625,18272.865234375,0.1576419621706009,1.034765601158142,0.004104874562472105,0.9664024114608765,,,,,,,,
train_epoch_end,107,65912,0.15231676399707794,0.027231993153691292,0.002115908544510603,0.01687663421034813,0.00229358091019094,0.06613452732563019,0.01055813580751419,0.046282559633255005,0.0028795343823730946,0.016387343406677246,0.06119078770279884,0.1087646484375,16970.765625,0.15231676399707794,1.0201427936553955,0.005099158734083176,0.9802549481391907,,,,,,,,
train_epoch_end,108,66528,0.15889416635036469,0.031480081379413605,0.0027030371129512787,0.019305530935525894,0.01279473677277565,0.05114249885082245,0.012743421830236912,0.042358070611953735,0.003107030875980854,0.018195755779743195,0.06843528151512146,0.1016845703125,18278.67578125,0.15889416635036469,1.0245718955993652,0.0051368530839681625,0.976017415523529,,,,,,,,
train_epoch_end,109,67144,0.15743841230869293,0.02821260318160057,0.002218974754214287,0.018486380577087402,0.00142135308124125,0.055208563804626465,0.013181132264435291,0.0377032533288002,0.003131908131763339,0.02042471617460251,0.07195376604795456,0.11236572265625,18314.671875,0.15743841230869293,1.0390784740447998,0.005334034562110901,0.962391197681427,,,,,,,,
validation_end,110,67760,,,,,,,,,,,,,,,,,,30.744712829589844,0.9198579788208008,20.73126220703125,0.05750078707933426,30.744712829589844,0.9198579788208008,20.73126220703125,0.05750078707933426
train_epoch_end,110,67760,0.15736708045005798,0.026310786604881287,0.002690717577934265,0.016023211181163788,0.003516034921631217,0.05868789553642273,0.011468399316072464,0.03588142991065979,0.002956036012619734,0.024641677737236023,0.06200829893350601,0.10321044921875,17110.83203125,0.15736708045005798,,,,,,,,,,,
train_epoch_end,111,68376,0.16540071368217468,0.030243683606386185,0.0028862752951681614,0.01926545798778534,0.0041489433497190475,0.05607833340764046,0.014446349814534187,0.04045573249459267,0.0033793929032981396,0.02177303284406662,0.0740441158413887,0.1065673828125,18606.546875,0.16540071368217468,1.0124566555023193,0.0026573706418275833,0.9876965880393982,,,,,,,,
train_epoch_end,112,68992,0.16124093532562256,0.02991640940308571,0.0031509893015027046,0.019626539200544357,0.0014550898922607303,0.05844372510910034,0.013175904750823975,0.044012609869241714,0.0031925304792821407,0.018371980637311935,0.07160413265228271,0.1121826171875,18259.1796875,0.16124093532562256,1.0215562582015991,0.0024357300717383623,0.9788985848426819,,,,,,,,
train_epoch_end,113,69608,0.15008269250392914,0.027398861944675446,0.002765107434242964,0.016937628388404846,0.0027798074297606945,0.054744914174079895,0.014402063563466072,0.03611113131046295,0.003374357707798481,0.019612837582826614,0.06649816036224365,0.08868408203125,18482.76171875,0.15008269250392914,1.0464166402816772,0.006325256545096636,0.9556422829627991,,,,,,,,
train_epoch_end,114,70224,0.15651382505893707,0.02802715264260769,0.002267969772219658,0.017752764746546745,0.0019141968805342913,0.06017420440912247,0.012845703400671482,0.04077012091875076,0.0031464353669434786,0.01941196620464325,0.06850545108318329,0.10662841796875,17953.93359375,0.15651382505893707,1.0230157375335693,0.00267663667909801,0.9775020480155945,,,,,,,,
train_epoch_end,115,70840,0.15320901572704315,0.027883589267730713,0.0027142255567014217,0.017969416454434395,0.001975457649677992,0.059313274919986725,0.01124170608818531,0.04272983968257904,0.0029376856982707977,0.017549332231283188,0.06433296203613281,0.1090087890625,17573.58203125,0.15320901572704315,1.0208697319030762,0.0026270158123224974,0.9795569181442261,,,,,,,,
train_epoch_end,116,71456,0.15621595084667206,0.02689102478325367,0.0029674777761101723,0.015904560685157776,0.004499804228544235,0.06222221255302429,0.011589683592319489,0.04149326682090759,0.002980576129630208,0.02074371464550495,0.06411348283290863,0.09869384765625,17462.853515625,0.15621595084667206,1.0357788801193237,0.006214228458702564,0.965457022190094,,,,,,,,
train_epoch_end,117,72072,0.15075808763504028,0.02784012444317341,0.002313985489308834,0.017452169209718704,0.005216320510953665,0.0529613122344017,0.012836987152695656,0.033509284257888794,0.0032200647983700037,0.02060839906334877,0.06638608127832413,0.10211181640625,18167.1640625,0.15075808763504028,1.025115728378296,0.003998893778771162,0.9754996299743652,,,,,,,,
train_epoch_end,118,72688,0.14954116940498352,0.026503760367631912,0.0023652249947190285,0.01604572683572769,0.003960352391004562,0.06008872389793396,0.011471068486571312,0.03816757723689079,0.00293303607031703,0.019229408353567123,0.0622050017118454,0.10302734375,17627.0390625,0.14954116940498352,1.0243803262710571,0.005275025963783264,0.9761999249458313,,,,,,,,
train_epoch_end,119,73304,0.165719136595726,0.02862248569726944,0.0022316905669867992,0.017902370542287827,0.008642610162496567,0.04964715987443924,0.012147290632128716,0.02670895680785179,0.0030361206736415625,0.03063173219561577,0.06724851578474045,0.11309814453125,17969.2265625,0.165719136595726,1.0244823694229126,0.001223892904818058,0.9761027097702026,,,,,,,,
validation_end,120,73920,,,,,,,,,,,,,,,1.0293524265289307,0.004058375023305416,0.9714845418930054,31.288881301879883,0.9215924143791199,19.60024070739746,0.06014994531869888,31.288881301879883,0.9215924143791199,19.60024070739746,0.06014994531869888
train_epoch_end,120,73920,0.1559503972530365,0.027506662532687187,0.002203173004090786,0.01806001365184784,0.005761322099715471,0.044486477971076965,0.0120274992659688,0.026342066004872322,0.0031476656440645456,0.026755161583423615,0.0665709599852562,0.1080322265625,17997.728515625,0.1559503972530365,1.0293524265289307,0.004058375023305416,0.9714845418930054,,,,,,,,
train_epoch_end,121,74536,0.15607362985610962,0.02837209403514862,0.0024919630959630013,0.017310168594121933,0.0031465161591768265,0.0668378546833992,0.011874079704284668,0.04913976788520813,0.0029951855540275574,0.016100317239761353,0.06276703625917435,0.101318359375,17542.34765625,0.15607362985610962,1.02498459815979,0.005321485456079245,0.9756244421005249,,,,,,,,
train_epoch_end,122,75152,0.1520470827817917,0.026107540354132652,0.0024798871017992496,0.01601400598883629,0.0020003318786621094,0.061444323509931564,0.01131618581712246,0.04033429175615311,0.0030383304692804813,0.019550753757357597,0.06270673871040344,0.10394287109375,17397.484375,0.1520470827817917,1.032439112663269,0.006574938073754311,0.9685801267623901,,,,,,,,
train_epoch_end,123,75768,0.16494162380695343,0.03170651197433472,0.0028705447912216187,0.02094610221683979,0.005394223611801863,0.054764844477176666,0.01287093386054039,0.04724181070923805,0.0031834272667765617,0.017746688798069954,0.07000955194234848,0.11383056640625,18431.072265625,0.16494162380695343,1.011825442314148,0.00351956719532609,0.9883127808570862,,,,,,,,
train_epoch_end,124,76384,0.14981591701507568,0.028030088171362877,0.002391230780631304,0.015776198357343674,0.013035048730671406,0.05551082640886307,0.011384939774870872,0.04028584063053131,0.003001323901116848,0.018060900270938873,0.05884968489408493,0.09832763671875,17830.154296875,0.14981591701507568,1.0356684923171997,0.0041641965508461,0.9655599594116211,,,,,,,,
train_epoch_end,125,77000,0.15588223934173584,0.02835601568222046,0.0031553106382489204,0.01670624129474163,0.006499920040369034,0.06221773847937584,0.012056768871843815,0.04487296938896179,0.0031364038586616516,0.017709260806441307,0.06473517417907715,0.0977783203125,18133.66015625,0.15588223934173584,1.0266658067703247,0.0019245975418016315,0.9740267992019653,,,,,,,,
train_epoch_end,126,77616,0.15224245190620422,0.027207879349589348,0.0024153185077011585,0.01635473035275936,0.0032262266613543034,0.06457275152206421,0.011941949836909771,0.042433254420757294,0.0031368264462798834,0.017645105719566345,0.06311254948377609,0.10150146484375,18249.02734375,0.15224245190620422,1.0238852500915527,0.004287553485482931,0.9766719341278076,,,,,,,,
train_epoch_end,127,78232,0.15227991342544556,0.02783903479576111,0.00230508204549551,0.01785608008503914,0.0015847331378608942,0.05981607362627983,0.012115578167140484,0.04398590326309204,0.0030255839228630066,0.01694054715335369,0.06370247155427933,0.0965576171875,17963.87890625,0.15227991342544556,1.020052194595337,0.001157339895144105,0.9803419709205627,,,,,,,,
train_epoch_end,128,78848,0.1511273831129074,0.027175460010766983,0.002667939756065607,0.01609780825674534,0.0035807681269943714,0.06858479976654053,0.010627973824739456,0.049418069422245026,0.0028678036760538816,0.015233727172017097,0.057719215750694275,0.09228515625,17537.2265625,0.1511273831129074,1.028428316116333,0.004182435572147369,0.9723575115203857,,,,,,,,
train_epoch_end,129,79464,0.15276822447776794,0.029216105118393898,0.0027569644153118134,0.01824069581925869,0.007245121523737907,0.05444534122943878,0.012121415697038174,0.042651742696762085,0.003092230297625065,0.016489868983626366,0.06588447093963623,0.10125732421875,18233.0859375,0.15276822447776794,1.0230331420898438,0.000835868064314127,0.9774854183197021,,,,,,,,
validation_end,130,80080,,,,,,,,,,,,,,,1.0292929410934448,0.0035053875762969255,0.9715406894683838,31.308822631835938,0.9231612086296082,19.704519271850586,0.05931983143091202,31.308822631835938,0.9231612086296082,19.704519271850586,0.05931983143091202
train_epoch_end,130,80080,0.15399447083473206,0.026047363877296448,0.0022742911241948605,0.016657302156090736,0.0009778455132618546,0.057027339935302734,0.011497179046273232,0.035074349492788315,0.0031628916040062904,0.022243337705731392,0.0643889456987381,0.11041259765625,18086.228515625,0.15399447083473206,1.0292929410934448,0.0035053875762969255,0.9715406894683838,,,,,,,,
train_epoch_end,131,80696,0.15481452643871307,0.028090566396713257,0.002263457514345646,0.016282469034194946,0.00792363565415144,0.06116602569818497,0.012578892521560192,0.03674989193677902,0.003073857631534338,0.021594742313027382,0.06404519826173782,0.093505859375,18345.79296875,0.15481452643871307,1.0160974264144897,0.005863654892891645,0.9841576218605042,,,,,,,,
train_epoch_end,132,81312,0.15858757495880127,0.0328664593398571,0.0026057525537908077,0.022331716492772102,0.006017908453941345,0.050995826721191406,0.013116979971528053,0.044832419604063034,0.0033109174109995365,0.016100194305181503,0.0664101168513298,0.1011962890625,18658.28515625,0.15858757495880127,1.0278576612472534,0.004383870400488377,0.9728973507881165,,,,,,,,
train_epoch_end,133,81928,0.14112065732479095,0.024866983294487,0.0023808833211660385,0.015312143601477146,0.0013659484684467316,0.058606117963790894,0.011030079796910286,0.04047589749097824,0.0028997815679758787,0.01600918173789978,0.05643681809306145,0.0936279296875,17389.16015625,0.14112065732479095,1.0199100971221924,0.00432107038795948,0.9804785847663879,,,,,,,,
train_epoch_end,134,82544,0.1507355123758316,0.027280233800411224,0.002361433580517769,0.017664998769760132,0.0013993661850690842,0.0516856387257576,0.014025881886482239,0.035369712859392166,0.003390253521502018,0.019323429092764854,0.06940211355686188,0.09588623046875,19107.767578125,0.1507355123758316,1.0278230905532837,0.002238120650872588,0.9729300737380981,,,,,,,,
train_epoch_end,135,83160,0.1617814600467682,0.027128517627716064,0.0028006229549646378,0.01752474531531334,0.001912984298542142,0.05000913143157959,0.013697832822799683,0.03763124719262123,0.0031494824215769768,0.024291962385177612,0.069429412484169,0.09881591796875,18050.876953125,0.1617814600467682,1.020063042640686,0.0008274781284853816,0.980331540107727,,,,,,,,
train_epoch_end,136,83776,0.1490882784128189,0.02817639335989952,0.002263439819216728,0.018635451793670654,0.001672290964052081,0.05869058519601822,0.01075180247426033,0.044615618884563446,0.002940352540463209,0.015372944064438343,0.059534065425395966,0.104736328125,17251.35546875,0.1490882784128189,1.0213649272918701,0.0016227532178163528,0.9790819883346558,,,,,,,,
train_epoch_end,137,84392,0.15094175934791565,0.027887357398867607,0.0022816197015345097,0.01797623187303543,0.003052775515243411,0.057356301695108414,0.011367583647370338,0.038972847163677216,0.003131778910756111,0.01799977943301201,0.06529667973518372,0.108642578125,17761.80078125,0.15094175934791565,1.0243122577667236,0.0013738186098635197,0.9762647747993469,,,,,,,,
train_epoch_end,138,85008,0.16144582629203796,0.026765484362840652,0.0021683629602193832,0.01655382104218006,0.001697597443126142,0.06294505298137665,0.011802667751908302,0.03784685581922531,0.0029961676336824894,0.024809934198856354,0.06448006629943848,0.0987548828125,18224.984375,0.16144582629203796,1.0222541093826294,0.005624021869152784,0.978230357170105,,,,,,,,
train_epoch_end,139,85624,0.1489821970462799,0.026666630059480667,0.0028360867872834206,0.0172518789768219,0.0009280492085963488,0.05363142490386963,0.012442298233509064,0.036818280816078186,0.0031100099440664053,0.018615901470184326,0.066558837890625,0.10406494140625,18109.27734375,0.1489821970462799,1.0221613645553589,0.003997820429503918,0.9783191084861755,,,,,,,,
validation_end,140,86240,,,,,,,,,,,,,,,1.030661702156067,0.005044514313340187,0.9702504873275757,31.343809127807617,0.9224843978881836,19.83124542236328,0.05867782607674599,31.343809127807617,0.9224843978881836,19.83124542236328,0.05867782607674599
train_epoch_end,140,86240,0.14735788106918335,0.026184003800153732,0.0022901087068021297,0.015477036125957966,0.004436780698597431,0.062254346907138824,0.01119923498481512,0.04080437123775482,0.0029131663031876087,0.017504792660474777,0.05991273373365402,0.0927734375,18191.2109375,0.14735788106918335,1.030661702156067,0.005044514313340187,0.9702504873275757,,,,,,,,
train_epoch_end,141,86856,0.1532038152217865,0.02857106551527977,0.002353840973228216,0.01804482936859131,0.00519302673637867,0.05110388249158859,0.014116527512669563,0.03648586571216583,0.0033571491949260235,0.019450943917036057,0.0693756490945816,0.093994140625,19144.52734375,0.1532038152217865,1.0108548402786255,0.0019881012849509716,0.9892617464065552,,,,,,,,
train_epoch_end,142,87472,0.15530499815940857,0.029226530343294144,0.0029563126154243946,0.01879313215613365,0.00415897648781538,0.057226620614528656,0.011727657169103622,0.04552009701728821,0.0030611699912697077,0.016405325382947922,0.06529204547405243,0.10260009765625,18102.009765625,0.15530499815940857,1.028300404548645,0.004719589836895466,0.972478449344635,,,,,,,,
train_epoch_end,143,88088,0.14668767154216766,0.02817598171532154,0.002295393031090498,0.018226128071546555,0.004132206551730633,0.053231410682201385,0.012079255655407906,0.040295012295246124,0.0032418465707451105,0.01583086885511875,0.06263600289821625,0.090087890625,18643.78515625,0.14668767154216766,1.0243314504623413,0.0039568026550114155,0.9762465357780457,,,,,,,,
train_epoch_end,144,88704,0.15421083569526672,0.027866117656230927,0.0027596838772296906,0.017043836414813995,0.004436241928488016,0.05803372710943222,0.012879718095064163,0.04195158928632736,0.0032585898879915476,0.01820831187069416,0.06558670103549957,0.09521484375,18799.744140625,0.15421083569526672,1.0302289724349976,0.004591359756886959,0.970658004283905,,,,,,,,
train_epoch_end,145,89320,0.15425623953342438,0.028422029688954353,0.0024078809656202793,0.017580905929207802,0.007657138630747795,0.05345214158296585,0.011918620206415653,0.03685874491930008,0.0031423589680343866,0.019730335101485252,0.06768770515918732,0.11138916015625,18311.60546875,0.15425623953342438,1.0189263820648193,0.002221819246187806,0.9814251661300659,,,,,,,,
train_epoch_end,146,89936,0.14635595679283142,0.028987184166908264,0.0025509498082101345,0.017181551083922386,0.010771866887807846,0.059701550751924515,0.010019088163971901,0.04421623796224594,0.0027306589763611555,0.014709530398249626,0.05662248656153679,0.0958251953125,17264.66796875,0.14635595679283142,1.0200169086456299,-0.0005478193634189665,0.9803758859634399,,,,,,,,
train_epoch_end,147,90552,0.1535794883966446,0.027489574626088142,0.0023259050212800503,0.017020177096128464,0.002773455111309886,0.0608147494494915,0.0124523239210248,0.04298838973045349,0.00316508742980659,0.01787000335752964,0.06539919972419739,0.0968017578125,18164.91796875,0.1535794883966446,1.0192923545837402,0.003059410024434328,0.9810727834701538,,,,,,,,
train_epoch_end,148,91168,0.1489577740430832,0.029425956308841705,0.0020127403549849987,0.019150927662849426,0.005347246304154396,0.05575719475746155,0.011437255889177322,0.042996905744075775,0.002949367044493556,0.015251681208610535,0.06069830432534218,0.10308837890625,17600.29296875,0.1489577740430832,1.0176163911819458,0.002517399378120899,0.9826885461807251,,,,,,,,
train_epoch_end,149,91784,0.1581794172525406,0.029266074299812317,0.0026587913744151592,0.01747942715883255,0.008167263120412827,0.05939071998000145,0.012564252130687237,0.03863455355167389,0.0032365266233682632,0.020206551998853683,0.06887450814247131,0.10784912109375,18622.56640625,0.1581794172525406,1.0317283868789673,0.0037777004763484,0.9692473411560059,,,,,,,,
validation_end,150,92400,,,,,,,,,,,,,,,1.0233465433120728,0.0011102089192718267,0.9771860837936401,31.461456298828125,0.9232032895088196,18.957048416137695,0.05820285528898239,31.461456298828125,0.9232032895088196,18.957048416137695,0.05820285528898239
train_epoch_end,150,92400,0.14388909935951233,0.02763807214796543,0.0021600257605314255,0.013888001441955566,0.01700843684375286,0.06406626105308533,0.010205314494669437,0.04028650373220444,0.002807402051985264,0.0168386772274971,0.054128002375364304,0.08538818359375,17410.484375,0.14388909935951233,1.0233465433120728,0.0011102089192718267,0.9771860837936401,,,,,,,,
train_epoch_end,151,93016,0.1509266197681427,0.026881003752350807,0.002504176925867796,0.016834279522299767,0.004109861329197884,0.05336090177297592,0.012228496372699738,0.03416566550731659,0.0029968228191137314,0.021469969302415848,0.06358930468559265,0.1021728515625,17830.09765625,0.1509266197681427,1.0218440294265747,0.0059954156167805195,0.9786229133605957,,,,,,,,
train_epoch_end,152,93632,0.15571793913841248,0.027147997170686722,0.0022638398222625256,0.017711380496621132,0.0011447013821452856,0.051712799817323685,0.013652807101607323,0.0362236462533474,0.00351355760358274,0.020714307203888893,0.07068037986755371,0.10211181640625,19525.8984375,0.15571793913841248,1.0140423774719238,0.0025491879787296057,0.9861520528793335,,,,,,,,
train_epoch_end,153,94248,0.14941982924938202,0.027943966910243034,0.0022933175787329674,0.017106160521507263,0.0072296783328056335,0.054817602038383484,0.011901186779141426,0.03910546004772186,0.0030726196710020304,0.017649125307798386,0.06356192380189896,0.0968017578125,18427.3515625,0.14941982924938202,1.02351975440979,0.0009113983833231032,0.9770207405090332,,,,,,,,
train_epoch_end,154,94864,0.14491848647594452,0.026878811419010162,0.002543139737099409,0.01599227264523506,0.007393345236778259,0.05439167097210884,0.01185300201177597,0.03838197886943817,0.003109981771558523,0.016635466367006302,0.060797445476055145,0.09466552734375,18609.333984375,0.14491848647594452,1.029252052307129,0.001655343919992447,0.9715793132781982,,,,,,,,
train_epoch_end,155,95480,0.1587362438440323,0.028905970975756645,0.002580377273261547,0.01840120181441307,0.001916662440635264,0.06292831152677536,0.01235071662813425,0.04817914962768555,0.0031218519434332848,0.016957120969891548,0.06561809778213501,0.0999755859375,18215.99609375,0.1587362438440323,1.0242242813110352,0.0025264648720622063,0.9763486385345459,,,,,,,,
train_epoch_end,156,96096,0.14845748245716095,0.027503207325935364,0.002643635030835867,0.01667126640677452,0.005793264601379633,0.057713545858860016,0.011805446818470955,0.04109688848257065,0.0032418183982372284,0.016817472875118256,0.06182974949479103,0.09326171875,18200.072265625,0.14845748245716095,1.028593897819519,0.0025248730089515448,0.9722009897232056,,,,,,,,
train_epoch_end,157,96712,0.14592255651950836,0.025766167789697647,0.002390559297055006,0.01564326137304306,0.003391135949641466,0.06018419563770294,0.010636253282427788,0.041036542505025864,0.002960589248687029,0.017097990959882736,0.05878381058573723,0.10040283203125,17227.04296875,0.14592255651950836,1.0182864665985107,0.0005937876412644982,0.9820418953895569,,,,,,,,
train_epoch_end,158,97328,0.15945027768611908,0.02850034087896347,0.0023290524259209633,0.017425313591957092,0.0052118487656116486,0.05792839825153351,0.01358785293996334,0.04095945507287979,0.0032987152226269245,0.02010309509932995,0.06927438080310822,0.1014404296875,19019.88671875,0.15945027768611908,1.0137861967086792,0.0020376667380332947,0.9864012598991394,,,,,,,,
train_epoch_end,159,97944,0.14968831837177277,0.026422545313835144,0.0024634492583572865,0.015038155019283295,0.007124208379536867,0.06269468367099762,0.010872031562030315,0.038140200078487396,0.0030055164825171232,0.02033408358693123,0.05773380026221275,0.09368896484375,17649.541015625,0.14968831837177277,1.0157920122146606,0.002472268184646964,0.9844534993171692,,,,,,,,
validation_end,160,98560,,,,,,,,,,,,,,,1.0351927280426025,0.00305527844466269,0.9660037159919739,30.549074172973633,0.9243300557136536,19.300312042236328,0.057143375277519226,30.549074172973633,0.9243300557136536,19.300312042236328,0.057143375277519226
train_epoch_end,160,98560,0.15356719493865967,0.028758641332387924,0.0020838091149926186,0.017057452350854874,0.00844432320445776,0.061859097331762314,0.011532985605299473,0.043060608208179474,0.0030651420820504427,0.01742599345743656,0.06303785741329193,0.10418701171875,17649.6015625,0.15356719493865967,1.0351927280426025,0.00305527844466269,0.9660037159919739,,,,,,,,
train_epoch_end,161,99176,0.15197938680648804,0.026407677680253983,0.0022252979688346386,0.016825273633003235,0.0024085345212370157,0.0547524094581604,0.01179482415318489,0.03786738961935043,0.0031792724039405584,0.01993246003985405,0.0653904378414154,0.09906005859375,18409.546875,0.15197938680648804,1.0126045942306519,0.0034757901448756456,0.987552285194397,,,,,,,,
train_epoch_end,162,99792,0.15415243804454803,0.027661822736263275,0.0023500490933656693,0.01729009300470352,0.0036146461497992277,0.05891421064734459,0.01195653434842825,0.04081221669912338,0.0031144816894084215,0.01864432916045189,0.06636310368776321,0.10296630859375,18384.8046875,0.15415243804454803,1.0116865634918213,0.0030002661515027285,0.988448441028595,,,,,,,,
train_epoch_end,163,100408,0.15409202873706818,0.02748187817633152,0.0022757751867175102,0.017533188685774803,0.0033531782682985067,0.05613284185528755,0.01171267032623291,0.03961203992366791,0.00308321975171566,0.018945569172501564,0.06602822989225388,0.114013671875,18118.384765625,0.15409202873706818,1.021655559539795,0.004190925508737564,0.9788034558296204,,,,,,,,
train_epoch_end,164,101024,0.1546238660812378,0.032709360122680664,0.0032199975103139877,0.021864820271730423,0.0067279646173119545,0.04980962350964546,0.013506345450878143,0.0429166816174984,0.0032508419826626778,0.015665363520383835,0.06626684963703156,0.08831787109375,19014.69921875,0.1546238660812378,1.0179721117019653,0.0019588442519307137,0.9823451638221741,,,,,,,,
train_epoch_end,165,101640,0.1546192169189453,0.027310237288475037,0.0021633519791066647,0.016874857246875763,0.0036493390798568726,0.060334108769893646,0.011795184575021267,0.039118606597185135,0.003201314713805914,0.020054353401064873,0.06630412489175797,0.09906005859375,18401.375,0.1546192169189453,1.0370731353759766,0.004605318885296583,0.9642521739006042,,,,,,,,
train_epoch_end,166,102256,0.14825600385665894,0.028262808918952942,0.001980328932404518,0.015255582518875599,0.014597974717617035,0.06226897984743118,0.010543003678321838,0.0418882891535759,0.0029096566140651703,0.016538754105567932,0.058698639273643494,0.09735107421875,17707.98046875,0.14825600385665894,1.0157082080841064,0.002894884906709194,0.984534740447998,,,,,,,,
train_epoch_end,167,102872,0.15525270998477936,0.028120210394263268,0.0022289264015853405,0.016522958874702454,0.008224224671721458,0.06079459190368652,0.01161801628768444,0.03901856392621994,0.003030800959095359,0.020045340061187744,0.06581537425518036,0.1055908203125,17979.52734375,0.15525270998477936,1.019108533859253,0.0009784242138266563,0.9812497496604919,,,,,,,,
train_epoch_end,168,103488,0.165726438164711,0.02904931828379631,0.0021918420679867268,0.017582794651389122,0.0054341088980436325,0.06344349682331085,0.012862740084528923,0.038178157061338425,0.0032153816428035498,0.02443624846637249,0.07014018297195435,0.10528564453125,18347.4765625,0.165726438164711,1.017655849456787,0.003516210475936532,0.9826504588127136,,,,,,,,
train_epoch_end,169,104104,0.1479245275259018,0.026283064857125282,0.0027332548052072525,0.01617327705025673,0.0018977608997374773,0.06507272273302078,0.009779050946235657,0.04736340045928955,0.0027746008709073067,0.01507849432528019,0.05705641955137253,0.09539794921875,17545.62109375,0.1479245275259018,1.0408128499984741,0.0065648299641907215,0.9607875347137451,,,,,,,,
validation_end,170,104720,,,,,,,,,,,,,,,1.0247262716293335,0.00034827226772904396,0.9758703708648682,31.72966194152832,0.9252337217330933,17.87851333618164,0.05700741708278656,31.72966194152832,0.9252337217330933,17.87851333618164,0.05700741708278656
train_epoch_end,170,104720,0.15837590396404266,0.028116632252931595,0.002580782398581505,0.017768528312444687,0.003134380094707012,0.05519263073801994,0.013600201345980167,0.033703502267599106,0.0033328915014863014,0.023754524067044258,0.06838546693325043,0.09466552734375,19149.373046875,0.15837590396404266,1.0247262716293335,0.00034827226772904396,0.9758703708648682,,,,,,,,
train_epoch_end,171,105336,0.14854474365711212,0.02709404192864895,0.002515727188438177,0.017169205471873283,0.0025997404009103775,0.058194782584905624,0.01130596362054348,0.04210580885410309,0.0030377188231796026,0.01643740013241768,0.062390945851802826,0.092529296875,18580.181640625,0.14854474365711212,1.00943124294281,0.0026669283397495747,0.990656852722168,,,,,,,,
train_epoch_end,172,105952,0.15492171049118042,0.02979777753353119,0.002550127450376749,0.018520964309573174,0.008207006379961967,0.058170050382614136,0.011082098819315434,0.04365846514701843,0.003034908091649413,0.016906114295125008,0.06421071290969849,0.10906982421875,17655.62109375,0.15492171049118042,1.0232940912246704,0.004253297112882137,0.9772361516952515,,,,,,,,
train_epoch_end,173,106568,0.1469554305076599,0.026446782052516937,0.00232076458632946,0.0161751676350832,0.0042420849204063416,0.05755395442247391,0.011502029374241829,0.03674892336130142,0.00298714404925704,0.01847616583108902,0.06292849779129028,0.09967041015625,18124.134765625,0.1469554305076599,1.026045560836792,0.005575383547693491,0.9746155738830566,,,,,,,,
train_epoch_end,174,107184,0.14027953147888184,0.02497805282473564,0.0021902592852711678,0.014775676652789116,0.004335286561399698,0.06019068509340286,0.010207682847976685,0.03782358020544052,0.0028987103141844273,0.017050623893737793,0.05522744357585907,0.0863037109375,18042.228515625,0.14027953147888184,1.0251457691192627,0.0014569028280675411,0.975471019744873,,,,,,,,
train_epoch_end,175,107800,0.159920796751976,0.031237326562404633,0.002436937764286995,0.018523190170526505,0.01003535371273756,0.06445592641830444,0.01260189339518547,0.0471307635307312,0.003212208393961191,0.01700505241751671,0.06580567359924316,0.0927734375,18601.640625,0.159920796751976,1.029507040977478,0.0017181524308398366,0.97133868932724,,,,,,,,
train_epoch_end,176,108416,0.15224674344062805,0.027249716222286224,0.0023733042180538177,0.017694568261504173,0.0021939107682555914,0.053164441138505936,0.012387603521347046,0.03613573685288429,0.003193096723407507,0.02013353258371353,0.06644060462713242,0.1029052734375,18498.92578125,0.15224674344062805,1.0196477174758911,0.005471306387335062,0.9807308912277222,,,,,,,,
train_epoch_end,177,109032,0.1506252884864807,0.026352079585194588,0.002107430249452591,0.015639904886484146,0.0020855965558439493,0.07186570763587952,0.009909389540553093,0.05007801204919815,0.00276695447973907,0.015583887696266174,0.0559174045920372,0.09320068359375,16958.00390625,0.1506252884864807,1.0149697065353394,0.0023751012049615383,0.9852510690689087,,,,,,,,
train_epoch_end,178,109648,0.14641021192073822,0.02529488503932953,0.0024717403575778008,0.014538103714585304,0.006545946933329105,0.058636624366045,0.010554786771535873,0.036595430225133896,0.002850418910384178,0.020671086385846138,0.05661257356405258,0.0855712890625,17613.9921875,0.14641021192073822,1.016477108001709,0.0023088043089956045,0.9837899804115295,,,,,,,,
train_epoch_end,179,110264,0.15443255007266998,0.028349386528134346,0.0022284453734755516,0.017883557826280594,0.004735725466161966,0.051077790558338165,0.014468027278780937,0.03497852757573128,0.003448024857789278,0.02045537903904915,0.07209442555904388,0.09130859375,19589.8515625,0.15443255007266998,1.0304204225540161,0.0033236071467399597,0.9704776406288147,,,,,,,,
validation_end,180,110880,,,,,,,,,,,,,,,1.0239684581756592,-0.0005458428058773279,0.9765926003456116,31.027118682861328,0.9245871305465698,18.508758544921875,0.055285632610321045,31.027118682861328,0.9245871305465698,18.508758544921875,0.055285632610321045
train_epoch_end,180,110880,0.15844181180000305,0.027770420536398888,0.0022362773306667805,0.01725117303431034,0.0033808534499257803,0.05971068888902664,0.012575589120388031,0.04161147028207779,0.0033229771070182323,0.02002527192234993,0.06850561499595642,0.0982666015625,18733.3359375,0.15844181180000305,1.0239684581756592,-0.0005458428058773279,0.9765926003456116,,,,,,,,
train_epoch_end,181,111496,0.15845166146755219,0.02786588855087757,0.002220409456640482,0.017073551192879677,0.0010009701363742352,0.0720519870519638,0.011127175763249397,0.051704488694667816,0.0030436727683991194,0.01652376353740692,0.06215209513902664,0.09613037109375,17639.03125,0.15845166146755219,1.0169036388397217,0.005362591240555048,0.9833773374557495,,,,,,,,
train_epoch_end,182,112112,0.15912064909934998,0.02627594582736492,0.00230198260396719,0.016449283808469772,0.0017297046724706888,0.05871811881661415,0.011787712574005127,0.03549783676862717,0.003028237959370017,0.026016609743237495,0.06245538592338562,0.0882568359375,17844.34375,0.15912064909934998,1.0146608352661133,-0.0006128131644800305,0.9855509996414185,,,,,,,,
train_epoch_end,183,112728,0.14210599660873413,0.025717843323946,0.0022592153400182724,0.016333647072315216,0.0025107236579060555,0.054331835359334946,0.011034107767045498,0.03816787153482437,0.0029953501652926207,0.016203157603740692,0.059541717171669006,0.0963134765625,18304.884765625,0.14210599660873413,1.0279985666275024,0.003951344173401594,0.9727640151977539,,,,,,,,
train_epoch_end,184,113344,0.16230851411819458,0.03257659822702408,0.0034117274917662144,0.022217141464352608,0.004402334336191416,0.05277934670448303,0.012512031011283398,0.044801924377679825,0.003065344877541065,0.018157191574573517,0.0679670199751854,0.10638427734375,17923.130859375,0.16230851411819458,1.0109394788742065,0.0012254079338163137,0.9891788959503174,,,,,,,,
train_epoch_end,185,113960,0.15075649321079254,0.027969589456915855,0.0023034620098769665,0.017359599471092224,0.006117210723459721,0.05746614560484886,0.011032837443053722,0.04235723614692688,0.0030725200194865465,0.016345541924238205,0.06339871883392334,0.1041259765625,18402.267578125,0.15075649321079254,1.0176315307617188,0.0021023242734372616,0.9826739430427551,,,,,,,,
train_epoch_end,186,114576,0.1443144828081131,0.024832341820001602,0.001973384525626898,0.014202036894857883,0.006219843402504921,0.06206251680850983,0.009502988308668137,0.036929789930582047,0.0027878019027411938,0.019537191838026047,0.055097054690122604,0.09637451171875,17279.984375,0.1443144828081131,1.0235373973846436,0.0073591554537415504,0.9770038723945618,,,,,,,,
train_epoch_end,187,115192,0.14713028073310852,0.026881162077188492,0.002038865815848112,0.017200596630573273,0.003428324358537793,0.05472138151526451,0.011366520076990128,0.03793276473879814,0.0030881925486028194,0.017981737852096558,0.06337336450815201,0.0975341796875,17670.98828125,0.14713028073310852,1.0193582773208618,7.164913404267281e-05,0.9810093641281128,,,,,,,,
train_epoch_end,188,115808,0.15065255761146545,0.028391322121024132,0.0024233884178102016,0.018871113657951355,0.0024831052869558334,0.0481400340795517,0.0139183159917593,0.035053715109825134,0.0034653323236852884,0.018650371581315994,0.07051604241132736,0.09600830078125,19214.666015625,0.15065255761146545,1.016548752784729,-0.002971892710775137,0.9837206602096558,,,,,,,,
train_epoch_end,189,116424,0.14496085047721863,0.02494288980960846,0.002362676430493593,0.015181737020611763,0.002411315217614174,0.0582815483212471,0.010957997292280197,0.03400685638189316,0.0029566213488578796,0.020806770771741867,0.05895764380693436,0.089599609375,17744.62890625,0.14496085047721863,1.0252224206924438,0.004731991793960333,0.9753981232643127,,,,,,,,
validation_end,190,117040,,,,,,,,,,,,,,,1.018324613571167,0.0023775857407599688,0.9820051193237305,31.356740951538086,0.9253051280975342,19.66389274597168,0.05411994829773903,31.356740951538086,0.9253051280975342,19.66389274597168,0.05411994829773903
train_epoch_end,190,117040,0.14291603863239288,0.025166036561131477,0.002330373041331768,0.015745602548122406,0.0020664979238063097,0.05700988322496414,0.010480912402272224,0.03728492558002472,0.0028811695519834757,0.017186611890792847,0.060665301978588104,0.09942626953125,18103.26171875,0.14291603863239288,1.018324613571167,0.0023775857407599688,0.9820051193237305,,,,,,,,
train_epoch_end,191,117656,0.15393894910812378,0.026757078245282173,0.002059385646134615,0.01738583855330944,0.0017349936533719301,0.05174065753817558,0.012994310818612576,0.03279094025492668,0.003256397321820259,0.022386841475963593,0.0697828084230423,0.09881591796875,19035.08203125,0.15393894910812378,1.0084346532821655,0.0028355829417705536,0.9916359186172485,,,,,,,,
train_epoch_end,192,118272,0.15812498331069946,0.028772665187716484,0.0027098804712295532,0.01903461292386055,0.0012630550190806389,0.053184133023023605,0.013705618679523468,0.03956616669893265,0.003487048204988241,0.01946418732404709,0.07300331443548203,0.0970458984375,19415.30078125,0.15812498331069946,1.0147359371185303,0.003205383662134409,0.9854780435562134,,,,,,,,
train_epoch_end,193,118888,0.15732020139694214,0.028865791857242584,0.002242105081677437,0.018671739846467972,0.0030158711597323418,0.057347968220710754,0.012579049915075302,0.041290320456027985,0.003288883715867996,0.018580153584480286,0.06914640218019485,0.10675048828125,18754.78515625,0.15732020139694214,1.0260827541351318,0.007546264678239822,0.9745802879333496,,,,,,,,
train_epoch_end,194,119504,0.15114863216876984,0.027118630707263947,0.002412542700767517,0.01727665774524212,0.002354831900447607,0.05944434180855751,0.010822784155607224,0.04457800090312958,0.003153727389872074,0.016369013115763664,0.06152468919754028,0.0982666015625,18352.41796875,0.15114863216876984,1.015251874923706,0.0020727207884192467,0.9849772453308105,,,,,,,,
train_epoch_end,195,120120,0.14328840374946594,0.024624869227409363,0.0019424357451498508,0.01390269584953785,0.005215601064264774,0.06604086607694626,0.009314303286373615,0.04262685030698776,0.0026679232250899076,0.017001964151859283,0.053414784371852875,0.0887451171875,17138.16015625,0.14328840374946594,1.0219389200210571,0.0016188228037208319,0.978532075881958,,,,,,,,
train_epoch_end,196,120736,0.14017197489738464,0.02417425997555256,0.002027601469308138,0.01475043036043644,0.001556099858134985,0.060997702181339264,0.009712538681924343,0.039953671395778656,0.0027978583239018917,0.016263354569673538,0.055014096200466156,0.09326171875,17642.83203125,0.14017197489738464,1.0279427766799927,-0.0003569025138858706,0.9728168249130249,,,,,,,,
train_epoch_end,197,121352,0.14054624736309052,0.02557627111673355,0.002524161245673895,0.015632260590791702,0.002348793437704444,0.06419537961483002,0.009224940091371536,0.04673323035240173,0.0027570053935050964,0.013404769822955132,0.05087875574827194,0.08404541015625,17542.91015625,0.14054624736309052,1.0126681327819824,0.0002711100096348673,0.9874903559684753,,,,,,,,
train_epoch_end,198,121968,0.14905767142772675,0.026384079828858376,0.0020780558697879314,0.014717094600200653,0.008820980787277222,0.06377562880516052,0.01025865413248539,0.03947334736585617,0.0029211300425231457,0.01948237419128418,0.05684535205364227,0.0943603515625,17665.47265625,0.14905767142772675,1.0235906839370728,0.002028506016358733,0.9769530296325684,,,,,,,,
train_epoch_end,199,122584,0.15602609515190125,0.02972213365137577,0.0024467408657073975,0.019443724304437637,0.0036533260717988014,0.05731813237071037,0.012086317874491215,0.04508920758962631,0.003128937678411603,0.016873735934495926,0.06588773429393768,0.1033935546875,17528.58203125,0.15602609515190125,1.0132131576538086,0.0022789330687373877,0.9869591593742371,,,,,,,,
validation_end,200,123200,,,,,,,,,,,,,,,1.0187360048294067,0.005348596256226301,0.9816085696220398,31.40764045715332,0.9246458411216736,21.454265594482422,0.057998109608888626,31.40764045715332,0.9246458411216736,21.454265594482422,0.057998109608888626
train_epoch_end,200,123200,0.15488150715827942,0.027814766392111778,0.0021118484437465668,0.0169003177434206,0.00472230464220047,0.06260336190462112,0.01178229320794344,0.043582964688539505,0.003042452270165086,0.017964230850338936,0.06510549038648605,0.10321044921875,17913.916015625,0.15488150715827942,1.0187360048294067,0.005348596256226301,0.9816085696220398,,,,,,,,
train_epoch_end,201,123816,0.15289263427257538,0.027360476553440094,0.0022723409347236156,0.016926508396863937,0.003384293057024479,0.058710165321826935,0.012595178559422493,0.03917423263192177,0.0033096568658947945,0.019115854054689407,0.06587697565555573,0.097900390625,18558.794921875,0.15289263427257538,1.0218943357467651,0.003310871310532093,0.9785747528076172,,,,,,,,
train_epoch_end,202,124432,0.1515675038099289,0.024687401950359344,0.002020987682044506,0.014413710683584213,0.002384456340223551,0.06820057332515717,0.009409082122147083,0.041622284799814224,0.002854960970580578,0.02091999724507332,0.055701568722724915,0.0958251953125,17054.947265625,0.1515675038099289,1.0198578834533691,0.0014612606028094888,0.9805287718772888,,,,,,,,
train_epoch_end,203,125048,0.14564767479896545,0.02560778707265854,0.002241559326648712,0.015622986480593681,0.002599206753075123,0.05859270691871643,0.011661350727081299,0.037016309797763824,0.0031414898112416267,0.018250441178679466,0.06157665699720383,0.09112548828125,18877.5390625,0.14564767479896545,1.0091595649719238,-0.0014452312607318163,0.9909235835075378,,,,,,,,
train_epoch_end,204,125664,0.1461484432220459,0.026766039431095123,0.002314559184014797,0.016857873648405075,0.0031167876441031694,0.057820189744234085,0.011073235422372818,0.04006204009056091,0.003086736425757408,0.016506733372807503,0.061714958399534225,0.0948486328125,18308.087890625,0.1461484432220459,1.0377877950668335,0.005816538352519274,0.9635881185531616,,,,,,,,
train_epoch_end,205,126280,0.13637293875217438,0.022920390591025352,0.002194118220359087,0.01321800984442234,0.0032460582442581654,0.0620926134288311,0.008532298728823662,0.03712297976016998,0.0025681047700345516,0.017626767978072166,0.050460509955883026,0.091552734375,16737.515625,0.13637293875217438,1.0098435878753662,0.0026623725425451994,0.9902523756027222,,,,,,,,
train_epoch_end,206,126896,0.15014423429965973,0.026150351390242577,0.00228344788774848,0.016127541661262512,0.0017099074320867658,0.062360309064388275,0.011153754778206348,0.041934169828891754,0.0029389336705207825,0.01848246529698372,0.06035652756690979,0.09698486328125,17369.767578125,0.15014423429965973,1.022247552871704,0.00123452371917665,0.9782366156578064,,,,,,,,
train_epoch_end,207,127512,0.15471228957176208,0.02852596342563629,0.0024554235860705376,0.017404766753315926,0.006189937703311443,0.05853927135467529,0.012423722073435783,0.04168311506509781,0.0033544772304594517,0.01781355030834675,0.06675580143928528,0.10101318359375,18731.36328125,0.15471228957176208,1.0218309164047241,0.00394642585888505,0.9786354899406433,,,,,,,,
train_epoch_end,208,128128,0.1489945650100708,0.028462156653404236,0.0021265498362481594,0.017296595498919487,0.008437280543148518,0.05393524467945099,0.012524306774139404,0.03545810282230377,0.003196345642209053,0.018243849277496338,0.06665284186601639,0.1005859375,18671.5078125,0.1489945650100708,1.0231019258499146,0.0048958901315927505,0.9774197340011597,,,,,,,,
train_epoch_end,209,128744,0.13914909958839417,0.02658453769981861,0.002646602224558592,0.01744779199361801,0.0014398288913071156,0.057465337216854095,0.009474413469433784,0.043742865324020386,0.00274351192638278,0.013531099073588848,0.051249533891677856,0.0919189453125,17010.18359375,0.13914909958839417,1.0221012830734253,0.0035083345137536526,0.9783766269683838,,,,,,,,
validation_end,210,129360,,,,,,,,,,,,,,,1.021665334701538,0.0033072337973862886,0.9787940979003906,31.33515739440918,0.9258623719215393,19.280752182006836,0.055475275963544846,31.33515739440918,0.9258623719215393,19.280752182006836,0.055475275963544846
train_epoch_end,210,129360,0.14853611588478088,0.028377443552017212,0.0025297640822827816,0.01775568723678589,0.004867244977504015,0.06227678433060646,0.010179297998547554,0.046607229858636856,0.002787776757031679,0.014603972434997559,0.05684920400381088,0.09429931640625,17913.490234375,0.14853611588478088,1.021665334701538,0.0033072337973862886,0.9787940979003906,,,,,,,,
train_epoch_end,211,129976,0.14694561064243317,0.02526285871863365,0.002200379502028227,0.014934278093278408,0.00203619129024446,0.06650419533252716,0.010476073250174522,0.04114992171525955,0.0029546148143708706,0.018367024138569832,0.05677089840173721,0.091552734375,17496.185546875,0.14694561064243317,1.011771559715271,0.001514033880084753,0.9883654117584229,,,,,,,,
train_epoch_end,212,130592,0.15209199488162994,0.02739369496703148,0.002056525554507971,0.017353110015392303,0.003644164651632309,0.056181538850069046,0.01198902353644371,0.036184340715408325,0.0032645990140736103,0.01973981224000454,0.06777829676866531,0.1009521484375,18731.46875,0.15209199488162994,1.0236434936523438,0.001994095277041197,0.9769026041030884,,,,,,,,
train_epoch_end,213,131208,0.1523604691028595,0.028196973726153374,0.002470713574439287,0.01818699762225151,0.0020408453419804573,0.06247816979885101,0.010537073947489262,0.047481752932071686,0.0029255033005028963,0.015588179230690002,0.06051807850599289,0.1002197265625,17425.328125,0.1523604691028595,1.0115553140640259,-0.0027933360543102026,0.9885767102241516,,,,,,,,
train_epoch_end,214,131824,0.14836908876895905,0.025870028883218765,0.0019061453640460968,0.016068780794739723,0.002675324212759733,0.05940001457929611,0.010863516479730606,0.036739155650138855,0.0029622979927808046,0.0194464772939682,0.06217155233025551,0.1058349609375,17779.791015625,0.14836908876895905,1.0303406715393066,0.007444134913384914,0.9705528020858765,,,,,,,,
train_epoch_end,215,132440,0.15423111617565155,0.02698483318090439,0.002011558972299099,0.016149038448929787,0.004289986565709114,0.06553354859352112,0.010828209109604359,0.03792230784893036,0.00297420471906662,0.021791640669107437,0.060133591294288635,0.09930419921875,17799.62109375,0.15423111617565155,1.0124480724334717,0.0013464768417179585,0.9877049922943115,,,,,,,,
train_epoch_end,216,133056,0.15073969960212708,0.02685062773525715,0.0028017964214086533,0.016815055161714554,0.003133011981844902,0.05778644606471062,0.011092901229858398,0.039189551025629044,0.0029863929376006126,0.0186406709253788,0.06325296312570572,0.10357666015625,18257.822265625,0.15073969960212708,1.0287084579467773,0.008604119531810284,0.9720926880836487,,,,,,,,
train_epoch_end,217,133672,0.14810389280319214,0.027872569859027863,0.0021895430982112885,0.01693052053451538,0.00552491657435894,0.06302020698785782,0.010845646262168884,0.04566849023103714,0.0030709058046340942,0.014999523758888245,0.05855772644281387,0.08673095703125,18178.828125,0.14810389280319214,1.0092343091964722,0.0013991405721753836,0.9908502101898193,,,,,,,,
train_epoch_end,218,134288,0.1539570391178131,0.026294542476534843,0.00227414071559906,0.015491300262510777,0.0010520624928176403,0.07246522605419159,0.010900686495006084,0.05005331337451935,0.0029544064309448004,0.016767747700214386,0.05881371349096298,0.08831787109375,17581.01171875,0.1539570391178131,1.0234200954437256,0.0032855079043656588,0.9771158695220947,,,,,,,,
train_epoch_end,219,134904,0.15213529765605927,0.026841165497899055,0.002351940143853426,0.016960516571998596,0.0021386519074440002,0.057381901890039444,0.012079247273504734,0.04063927009701729,0.003196598729118705,0.018666096031665802,0.06481719762086868,0.09576416015625,18346.89453125,0.15213529765605927,1.0117689371109009,-0.0001453623262932524,0.9883679747581482,,,,,,,,
validation_end,220,135520,,,,,,,,,,,,,,,1.0242189168930054,0.0031744770240038633,0.9763537645339966,30.8651123046875,0.9261905550956726,19.493040084838867,0.0572299100458622,30.8651123046875,0.9261905550956726,19.493040084838867,0.0572299100458622
train_epoch_end,220,135520,0.14247409999370575,0.024836257100105286,0.002317574806511402,0.014814907684922218,0.003023565514013171,0.06370711326599121,0.009261410683393478,0.04260201007127762,0.0026460594963282347,0.015638310462236404,0.05531143769621849,0.10418701171875,16863.544921875,0.14247409999370575,1.0242189168930054,0.0031744770240038633,0.9763537645339966,,,,,,,,
train_epoch_end,221,136136,0.14225000143051147,0.024686913937330246,0.0024703815579414368,0.014699220657348633,0.0023725503124296665,0.059524860233068466,0.011297900229692459,0.036292098462581635,0.0031051477417349815,0.018289610743522644,0.0579545795917511,0.0838623046875,18713.28125,0.14225000143051147,1.0111651420593262,0.0030081053264439106,0.9889581203460693,,,,,,,,
train_epoch_end,222,136752,0.1451973021030426,0.025653913617134094,0.001972830854356289,0.015958167612552643,0.002137112198397517,0.061072029173374176,0.010244224220514297,0.039975158870220184,0.0029234150424599648,0.01720946468412876,0.05931129306554794,0.09564208984375,17830.78125,0.1451973021030426,1.0239793062210083,0.004715158138424158,0.9765822291374207,,,,,,,,
train_epoch_end,223,137368,0.14647574722766876,0.026851831004023552,0.0024986322969198227,0.01570563204586506,0.007766384165734053,0.05791680887341499,0.011153056286275387,0.03938845172524452,0.0030965651385486126,0.01751195453107357,0.059514131397008896,0.09002685546875,18233.7578125,0.14647574722766876,1.0241224765777588,0.0017513915663585067,0.976445734500885,,,,,,,,
train_epoch_end,224,137984,0.15348811447620392,0.027199557051062584,0.00199796911329031,0.01652790606021881,0.0031258268281817436,0.06481209397315979,0.011637969873845577,0.04230938106775284,0.0031224312260746956,0.018647514283657074,0.06370922923088074,0.09423828125,18212.08984375,0.15348811447620392,1.0248587131500244,0.006021571811288595,0.9757442474365234,,,,,,,,
train_epoch_end,225,138600,0.142886683344841,0.02416732721030712,0.0020315181463956833,0.014585055410861969,0.0014079409884288907,0.062158919870853424,0.010026061907410622,0.03923958167433739,0.00284950970672071,0.017818957567214966,0.0560564361512661,0.09149169921875,17830.6015625,0.142886683344841,1.0075000524520874,-0.003191482275724411,0.9925557971000671,,,,,,,,
train_epoch_end,226,139216,0.14944934844970703,0.026833219453692436,0.0023074676282703876,0.016144804656505585,0.004861919209361076,0.06030738726258278,0.011461319401860237,0.04000488668680191,0.00312949251383543,0.018145913258194923,0.06220844015479088,0.0906982421875,18566.4609375,0.14944934844970703,1.0214766263961792,0.0015263579552993178,0.9789749383926392,,,,,,,,
train_epoch_end,227,139832,0.15122349560260773,0.026638051494956017,0.002084610052406788,0.016106626018881798,0.0035652881488204002,0.06342482566833496,0.011105872690677643,0.04046214744448662,0.0029228434432297945,0.019109465181827545,0.06185999512672424,0.0955810546875,17956.90234375,0.15122349560260773,1.0102261304855347,0.0008368545095436275,0.9898774027824402,,,,,,,,
train_epoch_end,228,140448,0.14839893579483032,0.027480989694595337,0.0024466910399496555,0.01713787019252777,0.0032118591479957104,0.06386968493461609,0.010166052728891373,0.046303000301122665,0.0029428722336888313,0.014949318021535873,0.057977765798568726,0.09417724609375,17864.31640625,0.14839893579483032,1.0256582498550415,0.00199804431758821,0.9749836325645447,,,,,,,,
train_epoch_end,229,141064,0.1649521291255951,0.03074028342962265,0.0022594649344682693,0.01877279207110405,0.0069807711988687515,0.06051277369260788,0.014424623921513557,0.04207110032439232,0.003420392982661724,0.020595602691173553,0.07485603541135788,0.10125732421875,18690.947265625,0.1649521291255951,1.0222522020339966,0.0016286788741126657,0.978232204914093,,,,,,,,
validation_end,230,141680,,,,,,,,,,,,,,,1.013965368270874,0.0008975266246125102,0.9862269759178162,31.861711502075195,0.9258622527122498,20.596920013427734,0.054563503712415695,31.861711502075195,0.9258622527122498,20.596920013427734,0.054563503712415695
train_epoch_end,230,141680,0.14999070763587952,0.026021014899015427,0.0022162296809256077,0.01609915681183338,0.003476956859230995,0.056730106472969055,0.011302201077342033,0.033944617956876755,0.0030650037806481123,0.021605897694826126,0.06295664608478546,0.10040283203125,17968.841796875,0.14999070763587952,1.013965368270874,0.0008975266246125102,0.9862269759178162,,,,,,,,
train_epoch_end,231,142296,0.14923828840255737,0.025069821625947952,0.0020233914256095886,0.015395671129226685,0.0016707214526832104,0.06007128581404686,0.010973972268402576,0.03365578502416611,0.0029875454492866993,0.022909805178642273,0.05952805280685425,0.0870361328125,18118.375,0.14923828840255737,1.007805585861206,0.003223214065656066,0.9922548532485962,,,,,,,,
train_epoch_end,232,142912,0.14154770970344543,0.025527646765112877,0.002338017802685499,0.01586104929447174,0.0023351353593170643,0.05617106705904007,0.011524809524416924,0.03729576990008354,0.0029895780608057976,0.016930177807807922,0.05981270968914032,0.08526611328125,18391.515625,0.14154770970344543,1.023410677909851,0.003726984839886427,0.9771248698234558,,,,,,,,
train_epoch_end,233,143528,0.1480420082807541,0.025891058146953583,0.0021530594676733017,0.015996120870113373,0.0035123229026794434,0.05751131847500801,0.01090984232723713,0.04005869850516319,0.002994691487401724,0.018619999289512634,0.05979551374912262,0.0899658203125,17913.62890625,0.1480420082807541,1.0201390981674194,0.0014703713823109865,0.9802584648132324,,,,,,,,
train_epoch_end,234,144144,0.1499994397163391,0.026470156386494637,0.0025430824607610703,0.016533052548766136,0.001204579253681004,0.05860987305641174,0.012556797824800014,0.04109920188784599,0.003189914161339402,0.017839482054114342,0.06329323351383209,0.0888671875,18849.6484375,0.1499994397163391,1.0117161273956299,-0.00035726791247725487,0.9884195327758789,,,,,,,,
train_epoch_end,235,144760,0.14418312907218933,0.02741924673318863,0.002277007792145014,0.01753859594464302,0.0036874031648039818,0.05639380216598511,0.011000670492649078,0.04220898449420929,0.0029965355060994625,0.014900101348757744,0.05901392549276352,0.08734130859375,18269.0390625,0.14418312907218933,1.0180952548980713,0.00538383424282074,0.9822263717651367,,,,,,,,
train_epoch_end,236,145376,0.14463739097118378,0.027783982455730438,0.002261773217469454,0.01798138953745365,0.004379492253065109,0.053826604038476944,0.011038467288017273,0.04213719442486763,0.0028673047199845314,0.014821788296103477,0.0587746724486351,0.09130859375,18379.287109375,0.14463739097118378,1.0221892595291138,0.004428938962519169,0.9782924056053162,,,,,,,,
train_epoch_end,237,145992,0.14363747835159302,0.025960469618439674,0.0018871924839913845,0.013948296196758747,0.010599403642117977,0.0666467547416687,0.008903393521904945,0.04031957685947418,0.0026633646339178085,0.01763225719332695,0.05285608023405075,0.09234619140625,16983.95703125,0.14363747835159302,1.0157585144042969,0.001759341568686068,0.9844859838485718,,,,,,,,
train_epoch_end,238,146608,0.15795579552650452,0.030250096693634987,0.002278920728713274,0.01937136985361576,0.006815665401518345,0.052118271589279175,0.013573011383414268,0.0401197113096714,0.0034290505573153496,0.018463609740138054,0.07152068614959717,0.0970458984375,19644.96484375,0.15795579552650452,1.0134872198104858,0.002428119769319892,0.9866922497749329,,,,,,,,
train_epoch_end,239,147224,0.1318173110485077,0.024143703281879425,0.00216060783714056,0.014022063463926315,0.005385621450841427,0.05782942846417427,0.009808555245399475,0.03809241205453873,0.002873192075639963,0.01431620679795742,0.050825804471969604,0.07623291015625,17747.384765625,0.1318173110485077,1.0142786502838135,0.00015554817218799144,0.9859223365783691,,,,,,,,
validation_end,240,147840,,,,,,,,,,,,,,,1.0262107849121094,0.0025584381073713303,0.9744586944580078,32.32510757446289,0.9267378449440002,19.74974250793457,0.05441741272807121,32.32510757446289,0.9267378449440002,19.74974250793457,0.05441741272807121
train_epoch_end,240,147840,0.1460607647895813,0.02787015773355961,0.002557237632572651,0.01699468493461609,0.008311203680932522,0.05590769648551941,0.010270362719893456,0.04250693321228027,0.002819245681166649,0.01590839959681034,0.05755549669265747,0.09027099609375,17633.1875,0.1460607647895813,1.0262107849121094,0.0025584381073713303,0.9744586944580078,,,,,,,,
train_epoch_end,241,148456,0.14626388251781464,0.02665013074874878,0.002063208259642124,0.016926275566220284,0.0015814013313502073,0.05579861253499985,0.012931372039020061,0.03902702033519745,0.0033415842335671186,0.01710374280810356,0.06377898901700974,0.07928466796875,19165.98046875,0.14626388251781464,1.009036660194397,0.003087721299380064,0.991044282913208,,,,,,,,
train_epoch_end,242,149072,0.14876306056976318,0.026411177590489388,0.0018935007974505424,0.014350994490087032,0.010279707610607147,0.06592097878456116,0.009699131362140179,0.0401066318154335,0.0029054442420601845,0.019611898809671402,0.055772483348846436,0.08367919921875,17803.44140625,0.14876306056976318,1.0149147510528564,-0.000755429151467979,0.9853044152259827,,,,,,,,
train_epoch_end,243,149688,0.14161548018455505,0.02597339265048504,0.002402923535555601,0.016667857766151428,0.0016174637712538242,0.058767713606357574,0.009694668464362621,0.0414506196975708,0.002926964545622468,0.014808595180511475,0.056853488087654114,0.0947265625,17958.220703125,0.14161548018455505,1.0161840915679932,-0.00017175747780129313,0.9840736389160156,,,,,,,,
train_epoch_end,244,150304,0.14860233664512634,0.02942238375544548,0.0023826705291867256,0.017403803765773773,0.01355649158358574,0.05369965732097626,0.010655295103788376,0.040565285831689835,0.0029332884587347507,0.016287025064229965,0.060821134597063065,0.1007080078125,17831.23046875,0.14860233664512634,1.0277721881866455,0.0045447987504303455,0.9729782938957214,,,,,,,,
train_epoch_end,245,150920,0.14279553294181824,0.025303898379206657,0.0019435719586908817,0.015250304713845253,0.004835986532270908,0.05814789608120918,0.010175654664635658,0.035367123782634735,0.0028761406429111958,0.019072668626904488,0.057530105113983154,0.08935546875,17786.49609375,0.14279553294181824,1.0142797231674194,0.0010395300341770053,0.985921323299408,,,,,,,,
train_epoch_end,246,151536,0.13791140913963318,0.02526816539466381,0.002110518515110016,0.016038015484809875,0.0017447395948693156,0.05747229605913162,0.010076428763568401,0.04073614627122879,0.0028807164635509253,0.014776106923818588,0.0534566268324852,0.08544921875,17565.08984375,0.13791140913963318,1.0137381553649902,0.002449551597237587,0.9864480495452881,,,,,,,,
train_epoch_end,247,152152,0.1452997922897339,0.02581099048256874,0.0022742003202438354,0.016474828124046326,0.0020652501843869686,0.05477933958172798,0.01109346654266119,0.040232278406620026,0.0029571042396128178,0.016528669744729996,0.06126824766397476,0.091796875,18746.85546875,0.1452997922897339,1.0164011716842651,-0.0018327932339161634,0.9838634729385376,,,,,,,,
train_epoch_end,248,152768,0.1437445729970932,0.02708367258310318,0.0021269661374390125,0.016757681965827942,0.004382764920592308,0.06172485649585724,0.010104279965162277,0.04350913688540459,0.00290092034265399,0.014721415936946869,0.056854020804166794,0.08935546875,17660.486328125,0.1437445729970932,1.0149495601654053,-0.0007446631207130849,0.985270619392395,,,,,,,,
train_epoch_end,249,153384,0.1426873803138733,0.02561909332871437,0.002170274965465069,0.01598801650106907,0.0019850009121000767,0.06267359852790833,0.00929960235953331,0.0432923249900341,0.0027759692166000605,0.015076151117682457,0.05549493432044983,0.09466552734375,17505.88671875,0.1426873803138733,1.014175534248352,-0.00014129570627119392,0.9860225915908813,,,,,,,,
validation_end,250,154000,,,,,,,,,,,,,,,1.0199062824249268,0.00021547233336605132,0.9804822206497192,31.848546981811523,0.9274458289146423,20.879505157470703,0.05404457449913025,31.848546981811523,0.9274458289146423,20.879505157470703,0.05404457449913025
train_epoch_end,250,154000,0.14573585987091064,0.025709904730319977,0.0019350326620042324,0.015427766367793083,0.003831522073596716,0.06355157494544983,0.00994136556982994,0.04199577495455742,0.002834521234035492,0.016540396958589554,0.0581919364631176,0.094482421875,18121.6953125,0.14573585987091064,1.0199062824249268,0.00021547233336605132,0.9804822206497192,,,,,,,,
train_epoch_end,251,154616,0.14581212401390076,0.024725865572690964,0.0022743120789527893,0.0143961813300848,0.0022622118704020977,0.06454885751008987,0.010962668806314468,0.04030417650938034,0.003028901293873787,0.01860467717051506,0.05618218332529068,0.07940673828125,18556.08984375,0.14581212401390076,1.010723352432251,0.0031032219994813204,0.9893904328346252,,,,,,,,
train_epoch_end,252,155232,0.14774303138256073,0.024099117144942284,0.0018865065649151802,0.014061806723475456,0.002404587808996439,0.069522924721241,0.008048972114920616,0.03928375989198685,0.0025049445684999228,0.021759800612926483,0.05036789923906326,0.0950927734375,16237.4140625,0.14774303138256073,1.0231308937072754,0.002286227187141776,0.9773920774459839,,,,,,,,
train_epoch_end,253,155848,0.13886085152626038,0.025274524465203285,0.002452496439218521,0.015574168413877487,0.004362016450613737,0.05278420075774193,0.010873233899474144,0.03507068380713463,0.0029951133765280247,0.017013730481266975,0.057563044130802155,0.0919189453125,17908.88671875,0.13886085152626038,1.0200055837631226,0.001139243715442717,0.9803867936134338,,,,,,,,
train_epoch_end,254,156464,0.14018036425113678,0.02418242022395134,0.001873997040092945,0.014171261340379715,0.0036059613339602947,0.06363009661436081,0.009112637490034103,0.04075145721435547,0.0027505378238856792,0.01613137125968933,0.053955115377902985,0.09356689453125,17390.78515625,0.14018036425113678,1.0137778520584106,0.0025643270928412676,0.9864094257354736,,,,,,,,
train_epoch_end,255,157080,0.152793750166893,0.028292475268244743,0.0022720457054674625,0.017716756090521812,0.007862787693738937,0.04881469905376434,0.01264216285198927,0.03428441658616066,0.003190151881426573,0.0203647930175066,0.07039692997932434,0.09906005859375,18794.9453125,0.152793750166893,1.0138890743255615,0.0027787198778241873,0.9863011837005615,,,,,,,,
train_epoch_end,256,157696,0.1471623182296753,0.027011118829250336,0.00221513444557786,0.01678069308400154,0.00376440049149096,0.06159871816635132,0.01030268706381321,0.04508303105831146,0.002869286574423313,0.015217535197734833,0.058200299739837646,0.0916748046875,18043.2109375,0.1471623182296753,1.0133916139602661,0.0018323715776205063,0.986785352230072,,,,,,,,
train_epoch_end,257,158312,0.14594313502311707,0.025757508352398872,0.0022079586051404476,0.015957187861204147,0.002097086515277624,0.05953262001276016,0.011083191260695457,0.04102401062846184,0.0030415866058319807,0.016842763870954514,0.060553617775440216,0.08978271484375,18316.296875,0.14594313502311707,1.0190818309783936,0.005383329465985298,0.9812754392623901,,,,,,,,
train_epoch_end,258,158928,0.1469903290271759,0.024294964969158173,0.0020828922279179096,0.014023217372596264,0.001667844713665545,0.06961116939783096,0.00949179008603096,0.043802812695503235,0.0026788669638335705,0.01807352900505066,0.05473792552947998,0.08740234375,17638.8671875,0.1469903290271759,1.0178226232528687,0.0035957745276391506,0.9824894666671753,,,,,,,,
train_epoch_end,259,159544,0.13769231736660004,0.024333126842975616,0.0022531808353960514,0.014154002070426941,0.0032104116398841143,0.06259302794933319,0.010215694084763527,0.040867194533348083,0.0028623435646295547,0.015401961281895638,0.05332065373659134,0.07568359375,17927.2109375,0.13769231736660004,1.0143855810165405,-0.0019850607495754957,0.9858184456825256,,,,,,,,
validation_end,260,160160,,,,,,,,,,,,,,,1.026517391204834,-0.0008588641067035496,0.9741676449775696,31.122732162475586,0.9262427091598511,18.993318557739258,0.05371944606304169,31.122732162475586,0.9262427091598511,18.993318557739258,0.05371944606304169
train_epoch_end,260,160160,0.14354781806468964,0.026737138628959656,0.002249082550406456,0.016566790640354156,0.003469376591965556,0.059003785252571106,0.011361409910023212,0.04140974581241608,0.0029681148007512093,0.015319752506911755,0.059517838060855865,0.08660888671875,18254.482421875,0.14354781806468964,1.026517391204834,-0.0008588641067035496,0.9741676449775696,,,,,,,,
train_epoch_end,261,160776,0.13805392384529114,0.02491215616464615,0.0021324148401618004,0.01548221055418253,0.002061480889096856,0.05968216434121132,0.009653027169406414,0.03983364999294281,0.0028730579651892185,0.015116013586521149,0.05450410395860672,0.09027099609375,17551.443359375,0.13805392384529114,1.0084543228149414,0.005554089788347483,0.9916165471076965,,,,,,,,
train_epoch_end,262,161392,0.14325284957885742,0.024069590494036674,0.0019572381861507893,0.013795722275972366,0.0023126734886318445,0.07057897746562958,0.0085939671844244,0.047432251274585724,0.0026402254588901997,0.015009012073278427,0.051409654319286346,0.0909423828125,17146.107421875,0.14325284957885742,1.0053037405014038,0.000730076979380101,0.9947242140769958,,,,,,,,
train_epoch_end,263,162008,0.15225522220134735,0.02606504037976265,0.0020543131977319717,0.015902038663625717,0.003279724158346653,0.061801593750715256,0.010597334243357182,0.034868739545345306,0.0029373925644904375,0.02411746233701706,0.055899135768413544,0.08056640625,18117.701171875,0.15225522220134735,1.020293116569519,-0.0014797898475080729,0.9801105260848999,,,,,,,,
train_epoch_end,264,162624,0.14052200317382812,0.024719299748539925,0.0023392080329358578,0.01494776364415884,0.0031607095152139664,0.0564504936337471,0.01100603025406599,0.03789638727903366,0.002983872778713703,0.017075765877962112,0.05694667622447014,0.07977294921875,18553.890625,0.14052200317382812,1.0198087692260742,0.002034776844084263,0.9805759787559509,,,,,,,,
train_epoch_end,265,163240,0.14715273678302765,0.026957720518112183,0.0020586876198649406,0.017431875690817833,0.003486322471871972,0.052113912999629974,0.011712808161973953,0.03469991683959961,0.0032401171047240496,0.01855078898370266,0.06496844440698624,0.10223388671875,18687.91796875,0.14715273678302765,1.0197882652282715,0.004580935928970575,0.9805957078933716,,,,,,,,
train_epoch_end,266,163856,0.14281833171844482,0.025998134166002274,0.0025122626684606075,0.016189776360988617,0.0038980147801339626,0.057150356471538544,0.009963009506464005,0.04078907519578934,0.002922436920925975,0.015875834971666336,0.05624664947390556,0.09197998046875,18094.29296875,0.14281833171844482,1.005210041999817,-0.0007180066895671189,0.9948169589042664,,,,,,,,
train_epoch_end,267,164472,0.15144845843315125,0.026816513389348984,0.0019179647788405418,0.01682966761291027,0.002111938549205661,0.06343284249305725,0.01054433360695839,0.04237023741006851,0.0030662650242447853,0.01755956932902336,0.0623900331556797,0.10491943359375,17988.3828125,0.15144845843315125,1.020333170890808,0.000274457735940814,0.980072021484375,,,,,,,,
train_epoch_end,268,165088,0.15045754611492157,0.026896050199866295,0.002220116090029478,0.017013058066368103,0.002604385372251272,0.057545583695173264,0.011689230799674988,0.03953095152974129,0.003190616611391306,0.018009955063462257,0.06501789391040802,0.09674072265625,18891.486328125,0.15045754611492157,1.0196102857589722,0.004311055410653353,0.9807668924331665,,,,,,,,
train_epoch_end,269,165704,0.15267381072044373,0.028059085831046104,0.0022010700777173042,0.018277108669281006,0.00185948028229177,0.05980908125638962,0.011143719777464867,0.044494934380054474,0.003119181375950575,0.016438093036413193,0.06414168328046799,0.09967041015625,18125.005859375,0.15267381072044373,1.0077627897262573,-0.004058617167174816,0.9922969937324524,,,,,,,,
validation_end,270,166320,,,,,,,,,,,,,,,1.0132418870925903,0.0018237121403217316,0.9869311451911926,31.734832763671875,0.9279054999351501,19.385486602783203,0.052869390696287155,31.734832763671875,0.9279054999351501,19.385486602783203,0.052869390696287155
train_epoch_end,270,166320,0.13834546506404877,0.02375977113842964,0.0019306694157421589,0.014150355011224747,0.0029692230746150017,0.05992785096168518,0.009566637687385082,0.03626350685954094,0.002830465789884329,0.017991116270422935,0.05269382894039154,0.08740234375,17592.7421875,0.13834546506404877,1.0132418870925903,0.0018237121403217316,0.9869311451911926,,,,,,,,
train_epoch_end,271,166936,0.14977964758872986,0.028393268585205078,0.002191506791859865,0.017781242728233337,0.008662492036819458,0.04881272464990616,0.012069014832377434,0.03620213270187378,0.003254859708249569,0.018024606630206108,0.06663435697555542,0.09979248046875,19242.333984375,0.14977964758872986,1.0124622583389282,0.004230964928865433,0.9876911640167236,,,,,,,,
train_epoch_end,272,167552,0.1547614336013794,0.02616535872220993,0.0022563994862139225,0.015552209690213203,0.0013238348765298724,0.06846015155315399,0.011488307267427444,0.04547511786222458,0.003114519640803337,0.018658440560102463,0.06104795262217522,0.08380126953125,19050.4921875,0.1547614336013794,1.0253859758377075,0.0037366279866546392,0.9752424955368042,,,,,,,,
train_epoch_end,273,168168,0.13599716126918793,0.02488001063466072,0.002208166290074587,0.015188891440629959,0.003886751364916563,0.05750516429543495,0.009667490608990192,0.036535196006298065,0.0027672243304550648,0.01554735004901886,0.0547453947365284,0.09271240234375,17763.970703125,0.13599716126918793,1.0162222385406494,0.0009472491219639778,0.9840367436408997,,,,,,,,
train_epoch_end,274,168784,0.1458808332681656,0.025745633989572525,0.0020587891340255737,0.015474243089556694,0.0058942390605807304,0.054781846702098846,0.011219801381230354,0.036409564316272736,0.0030714641325175762,0.019162151962518692,0.059092529118061066,0.0927734375,18279.392578125,0.1458808332681656,1.0215935707092285,0.004683040548115969,0.9788628816604614,,,,,,,,
train_epoch_end,275,169400,0.14492259919643402,0.026548223569989204,0.0022622416727244854,0.015440150164067745,0.006765912286937237,0.06213311478495598,0.010550902225077152,0.04294096678495407,0.0030276027973741293,0.015715626999735832,0.057095251977443695,0.086669921875,18033.763671875,0.14492259919643402,1.008370041847229,0.0004923540400341153,0.9916994571685791,,,,,,,,
train_epoch_end,276,170016,0.14848574995994568,0.026523323729634285,0.0019633322954177856,0.015575835481286049,0.005835756193846464,0.06345377117395401,0.010609352961182594,0.04256804659962654,0.002933934796601534,0.016986124217510223,0.059954866766929626,0.09124755859375,18374.72265625,0.14848574995994568,1.0198893547058105,0.0011952670756727457,0.9804984927177429,,,,,,,,
train_epoch_end,277,170632,0.14755496382713318,0.02509676292538643,0.002009393647313118,0.01500403881072998,0.005571667570620775,0.05784263461828232,0.009652774780988693,0.03546477109193802,0.002881853375583887,0.020968154072761536,0.05816757678985596,0.099853515625,17646.48828125,0.14755496382713318,1.0147526264190674,0.0035330785904079676,0.9854618310928345,,,,,,,,
train_epoch_end,278,171248,0.1500394493341446,0.02541523240506649,0.002063436433672905,0.014578664675354958,0.0019092444563284516,0.07107090950012207,0.01094522513449192,0.04496241360902786,0.0029363567009568214,0.018186751753091812,0.05734991282224655,0.07855224609375,18156.189453125,0.1500394493341446,1.0149167776107788,0.0017252926481887698,0.9853024482727051,,,,,,,,
train_epoch_end,279,171864,0.15156136453151703,0.026361767202615738,0.0024646976962685585,0.016525257378816605,0.0023967053275555372,0.05755500867962837,0.011462636291980743,0.040802016854286194,0.003189187264069915,0.01875700242817402,0.06276694685220718,0.09722900390625,18282.810546875,0.15156136453151703,1.0185256004333496,-5.189755029277876e-05,0.9818113446235657,,,,,,,,
validation_end,280,172480,,,,,,,,,,,,,,,1.0177072286605835,0.002417802345007658,0.9826008677482605,31.14017677307129,0.9263604283332825,19.348051071166992,0.05174737423658371,31.14017677307129,0.9263604283332825,19.348051071166992,0.05174737423658371
train_epoch_end,280,172480,0.15288673341274261,0.02984561026096344,0.002708329353481531,0.02000482752919197,0.001343604177236557,0.06302948296070099,0.010099398903548717,0.05140882730484009,0.0027642284985631704,0.014181082136929035,0.05589839071035385,0.0880126953125,17726.9921875,0.15288673341274261,1.0177072286605835,0.002417802345007658,0.9826008677482605,,,,,,,,
train_epoch_end,281,173096,0.1396206021308899,0.024934787303209305,0.00197782414034009,0.014368549920618534,0.004480573348701,0.06249800696969032,0.010807348415255547,0.03668159991502762,0.002943238243460655,0.017378930002450943,0.05604344606399536,0.0806884765625,18220.353515625,0.1396206021308899,1.0089356899261475,0.003990745171904564,0.9911434650421143,,,,,,,,
train_epoch_end,282,173712,0.1434832215309143,0.02496151253581047,0.0019059088081121445,0.01538893673568964,0.002394001930952072,0.058673419058322906,0.010521030984818935,0.03594847396016121,0.003012522589415312,0.018676340579986572,0.05974074453115463,0.09124755859375,18148.09375,0.1434832215309143,1.0187079906463623,0.0006802458665333688,0.981635570526123,,,,,,,,
train_epoch_end,283,174328,0.1547628790140152,0.028845522552728653,0.0024109240621328354,0.018580157309770584,0.0031853336840867996,0.05559268221259117,0.013228129595518112,0.04177876561880112,0.0033657734747976065,0.017511069774627686,0.06838846206665039,0.0921630859375,19437.259765625,0.1547628790140152,1.0073288679122925,0.001965116010978818,0.9927244782447815,,,,,,,,
train_epoch_end,284,174944,0.14599399268627167,0.02725057303905487,0.0019762571901082993,0.016721464693546295,0.0047177160158753395,0.06376679241657257,0.009915739297866821,0.0466926209628582,0.0028081978671252728,0.014331493526697159,0.05491508170962334,0.09039306640625,17810.0,0.14599399268627167,1.015611171722412,-0.001991391647607088,0.9846287965774536,,,,,,,,
train_epoch_end,285,175560,0.14669600129127502,0.02598722279071808,0.0021084854379296303,0.015193384140729904,0.004963016137480736,0.06270468235015869,0.01102198101580143,0.037983283400535583,0.0030861515551805496,0.018927283585071564,0.0582810677587986,0.093505859375,17860.87890625,0.14669600129127502,1.0094867944717407,0.0014707844238728285,0.9906023740768433,,,,,,,,
train_epoch_end,286,176176,0.14223912358283997,0.024962378665804863,0.0019327234476804733,0.01501554250717163,0.001182367093861103,0.06795477867126465,0.009490334428846836,0.04583605006337166,0.002684344071894884,0.01464570127427578,0.05367128551006317,0.0885009765625,17197.0234375,0.14223912358283997,1.0093233585357666,0.0010626537259668112,0.9907627701759338,,,,,,,,
train_epoch_end,287,176792,0.14669576287269592,0.025822756811976433,0.0023329942487180233,0.015722103416919708,0.0035251753870397806,0.05440996587276459,0.012780455872416496,0.03305792436003685,0.0032898096833378077,0.02081281505525112,0.06359664350748062,0.08154296875,18844.671875,0.14669576287269592,1.0272337198257446,0.005422962363809347,0.9734882712364197,,,,,,,,
train_epoch_end,288,177408,0.14802508056163788,0.025963464751839638,0.002324412576854229,0.01644696667790413,0.0017574356170371175,0.05775760859251022,0.010881105437874794,0.03914378955960274,0.003110217861831188,0.018051274120807648,0.06234931945800781,0.100830078125,18031.67578125,0.14802508056163788,1.01558518409729,0.0024350150488317013,0.9846540093421936,,,,,,,,
train_epoch_end,289,178024,0.14312565326690674,0.024807175621390343,0.0019563594833016396,0.01546395942568779,0.0012352094054222107,0.05973801016807556,0.010286090895533562,0.038321517407894135,0.00299551198258996,0.017339810729026794,0.05847354233264923,0.09246826171875,18456.60546875,0.14312565326690674,1.0207741260528564,0.004732918459922075,0.9796486496925354,,,,,,,,
validation_end,290,178640,,,,,,,,,,,,,,,1.0130783319473267,0.0024867986794561148,0.987090528011322,31.347604751586914,0.9274212718009949,19.052146911621094,0.05164840817451477,31.347604751586914,0.9274212718009949,19.052146911621094,0.05164840817451477
train_epoch_end,290,178640,0.14659391343593597,0.025128602981567383,0.0021935072727501392,0.015259459614753723,0.002099711447954178,0.06246747821569443,0.010196367278695107,0.04167817533016205,0.002919247839599848,0.017222248017787933,0.05902565270662308,0.09381103515625,18282.81640625,0.14659391343593597,1.0130783319473267,0.0024867986794561148,0.987090528011322,,,,,,,,
train_epoch_end,291,179256,0.14319613575935364,0.027589935809373856,0.002179425675421953,0.016025222837924957,0.010652635246515274,0.05402842164039612,0.011815421283245087,0.035390228033065796,0.003226537723094225,0.01700427383184433,0.06145024299621582,0.08843994140625,18775.85546875,0.14319613575935364,1.012988567352295,0.002924370113760233,0.9871779680252075,,,,,,,,
train_epoch_end,292,179872,0.14438627660274506,0.025485679507255554,0.002043711021542549,0.015934407711029053,0.0034725028090178967,0.05306093767285347,0.011464504525065422,0.033498574048280716,0.003300892887637019,0.019307607784867287,0.06234588474035263,0.091796875,18721.26171875,0.14438627660274506,1.0118787288665771,0.0008916945662349463,0.9882607460021973,,,,,,,,
train_epoch_end,293,180488,0.15879888832569122,0.02667546644806862,0.002202348317950964,0.01709364354610443,0.0038031989242881536,0.053443051874637604,0.010944525711238384,0.02888001874089241,0.0030790558084845543,0.028649210929870605,0.06060091406106949,0.0960693359375,18110.28515625,0.15879888832569122,1.0130505561828613,0.002484663389623165,0.98711758852005,,,,,,,,
train_epoch_end,294,181104,0.1418546587228775,0.02463027834892273,0.0022828825749456882,0.013986973091959953,0.00542324036359787,0.0625469833612442,0.009848298504948616,0.038165297359228134,0.002882537432014942,0.017877841368317604,0.05504542961716652,0.08306884765625,18351.08984375,0.1418546587228775,1.0069513320922852,-0.0011600269936025143,0.993096649646759,,,,,,,,
train_epoch_end,295,181720,0.1377079039812088,0.024270713329315186,0.0019745216704905033,0.01465141586959362,0.0021293149329721928,0.06138861924409866,0.009817900136113167,0.037352509796619415,0.002833537058904767,0.016291391104459763,0.055321671068668365,0.09149169921875,17690.30078125,0.1377079039812088,1.0228668451309204,0.0007918443880043924,0.9776443839073181,,,,,,,,
train_epoch_end,296,182336,0.1365838348865509,0.02508070319890976,0.0022231610491871834,0.015218717977404594,0.004213939420878887,0.060415610671043396,0.008844600059092045,0.04249854385852814,0.0027130141388624907,0.013707002624869347,0.05054071173071861,0.08514404296875,17727.9765625,0.1365838348865509,1.0192229747772217,0.001332361833192408,0.981139600276947,,,,,,,,
train_epoch_end,297,182952,0.1442902684211731,0.025724053382873535,0.002088380977511406,0.016345631331205368,0.0028376898262649775,0.05182480812072754,0.011857699602842331,0.03414367884397507,0.0030274339951574802,0.018746092915534973,0.06423284113407135,0.09136962890625,18704.703125,0.1442902684211731,1.009361982345581,0.004607839044183493,0.9907248616218567,,,,,,,,
train_epoch_end,298,183568,0.14597052335739136,0.025023706257343292,0.0018532839603722095,0.015318299643695354,0.0028745178133249283,0.0607919879257679,0.009777028113603592,0.036915384232997894,0.0028513288125395775,0.019356219097971916,0.05912007391452789,0.0986328125,17822.8515625,0.14597052335739136,1.0178898572921753,0.0015601955819875002,0.9824245572090149,,,,,,,,
train_epoch_end,299,184184,0.1465524286031723,0.02638869732618332,0.003150215372443199,0.01684166118502617,0.003176063299179077,0.05286649614572525,0.010715264827013016,0.03781919926404953,0.0030222455970942974,0.01798420026898384,0.06135117635130882,0.0985107421875,18166.541015625,0.1465524286031723,1.0145893096923828,0.0015832517528906465,0.9856204986572266,,,,,,,,
validation_end,300,184800,,,,,,,,,,,,,,,1.0095516443252563,0.0016679950058460236,0.9905387163162231,31.410381317138672,0.9281883835792542,19.14870262145996,0.05204351618885994,31.410381317138672,0.9281883835792542,19.14870262145996,0.05204351618885994
train_epoch_end,300,184800,0.14273115992546082,0.024741901084780693,0.0018700556829571724,0.014530123211443424,0.0020546915475279093,0.06846785545349121,0.009535221382975578,0.04466550797224045,0.002779169473797083,0.015588878653943539,0.054062265902757645,0.08441162109375,17413.13671875,0.14273115992546082,1.0095516443252563,0.0016679950058460236,0.9905387163162231,,,,,,,,
